@!@!@STARTMSG 2262:0 @!@!@
TLC2 Version 2.20 of Day Month 20?? (rev: 3e083e3)
@!@!@ENDMSG 2262 @!@!@
@!@!@STARTMSG 2188:0 @!@!@
Running Random Simulation with seed -6033126187882228357 with 30 workers on 96 cores with 91716MB heap and 206358MB offheap memory [pid: 4169345] (Linux 6.8.0-1044-azure amd64, Ubuntu 25.0.1 x86_64).
@!@!@ENDMSG 2188 @!@!@
@!@!@STARTMSG 2220:0 @!@!@
Starting SANY...
@!@!@ENDMSG 2220 @!@!@
Parsing file /home/ubuntu/Specula/data/workloads/etcdraft/scenarios/snapshot/spec/MCetcdraft/mc_2026-01-21_09-28-48_2/MC.tla
Parsing file /home/ubuntu/Specula/data/workloads/etcdraft/scenarios/snapshot/spec/MCetcdraft/mc_2026-01-21_09-28-48_2/MCetcdraft.tla
Parsing file /tmp/tlc-7519317012091961164/TLC.tla (jar:file:/home/ubuntu/tlc-cmd/tla2tools.jar!/tla2sany/StandardModules/TLC.tla)
Parsing file /tmp/tlc-7519317012091961164/_TLAPlusCounterExample.tla (jar:file:/home/ubuntu/tlc-cmd/tla2tools.jar!/tla2sany/StandardModules/_TLAPlusCounterExample.tla)
Parsing file /tmp/tlc-7519317012091961164/_JsonTrace.tla (jar:file:/home/ubuntu/tlc-cmd/tla2tools.jar!/tla2sany/StandardModules/_JsonTrace.tla)
Parsing file /home/ubuntu/Specula/data/workloads/etcdraft/scenarios/snapshot/spec/MCetcdraft/mc_2026-01-21_09-28-48_2/etcdraft.tla
Parsing file /tmp/tlc-7519317012091961164/Naturals.tla (jar:file:/home/ubuntu/tlc-cmd/tla2tools.jar!/tla2sany/StandardModules/Naturals.tla)
Parsing file /tmp/tlc-7519317012091961164/Integers.tla (jar:file:/home/ubuntu/tlc-cmd/tla2tools.jar!/tla2sany/StandardModules/Integers.tla)
Parsing file /tmp/tlc-7519317012091961164/Bags.tla (jar:file:/home/ubuntu/tlc-cmd/tla2tools.jar!/tla2sany/StandardModules/Bags.tla)
Parsing file /tmp/tlc-7519317012091961164/FiniteSets.tla (jar:file:/home/ubuntu/tlc-cmd/tla2tools.jar!/tla2sany/StandardModules/FiniteSets.tla)
Parsing file /tmp/tlc-7519317012091961164/Sequences.tla (jar:file:/home/ubuntu/tlc-cmd/tla2tools.jar!/tla2sany/StandardModules/Sequences.tla)
Parsing file /tmp/tlc-7519317012091961164/SequencesExt.tla (jar:file:/home/ubuntu/tlc-cmd/CommunityModules-deps.jar!/SequencesExt.tla)
Parsing file /tmp/tlc-7519317012091961164/FiniteSetsExt.tla (jar:file:/home/ubuntu/tlc-cmd/CommunityModules-deps.jar!/FiniteSetsExt.tla)
Parsing file /tmp/tlc-7519317012091961164/BagsExt.tla (jar:file:/home/ubuntu/tlc-cmd/CommunityModules-deps.jar!/BagsExt.tla)
Parsing file /tmp/tlc-7519317012091961164/Folds.tla (jar:file:/home/ubuntu/tlc-cmd/CommunityModules-deps.jar!/Folds.tla)
Parsing file /tmp/tlc-7519317012091961164/Functions.tla (jar:file:/home/ubuntu/tlc-cmd/CommunityModules-deps.jar!/Functions.tla)
Parsing file /tmp/tlc-7519317012091961164/IOUtils.tla (jar:file:/home/ubuntu/tlc-cmd/CommunityModules-deps.jar!/IOUtils.tla)
Parsing file /tmp/tlc-7519317012091961164/TLCExt.tla (jar:file:/home/ubuntu/tlc-cmd/tla2tools.jar!/tla2sany/StandardModules/TLCExt.tla)
Parsing file /tmp/tlc-7519317012091961164/Json.tla (jar:file:/home/ubuntu/tlc-cmd/tla2tools.jar!/tla2sany/StandardModules/Json.tla)
Semantic processing of module Naturals
Semantic processing of module Integers
Semantic processing of module Sequences
Semantic processing of module FiniteSets
Semantic processing of module TLC
Semantic processing of module Bags
Semantic processing of module Folds
Semantic processing of module Functions
Semantic processing of module FiniteSetsExt
Semantic processing of module SequencesExt
Semantic processing of module BagsExt
Semantic processing of module etcdraft
Semantic processing of module MCetcdraft
Semantic processing of module IOUtils
Semantic processing of module TLCExt
Semantic processing of module _TLAPlusCounterExample
Semantic processing of module Json
Semantic processing of module _JsonTrace
Semantic processing of module MC
Linting of module Folds
Linting of module Functions
Linting of module FiniteSetsExt
Linting of module SequencesExt
Linting of module BagsExt
Linting of module etcdraft
Linting of module MCetcdraft
Linting of module IOUtils
Linting of module TLCExt
Linting of module _TLAPlusCounterExample
Linting of module Json
Linting of module _JsonTrace
Linting of module MC
@!@!@STARTMSG 2219:0 @!@!@
SANY finished.
@!@!@ENDMSG 2219 @!@!@
@!@!@STARTMSG 2185:0 @!@!@
Starting... (2026-01-21 09:28:49)
@!@!@ENDMSG 2185 @!@!@
@!@!@STARTMSG 2269:0 @!@!@
Computed 1 initial states...
@!@!@ENDMSG 2269 @!@!@
@!@!@STARTMSG 2190:0 @!@!@
Finished computing initial states: 1 distinct state generated at 2026-01-21 09:28:49.
@!@!@ENDMSG 2190 @!@!@
@!@!@STARTMSG 2110:1 @!@!@
Invariant QuorumLogInv is violated.
@!@!@ENDMSG 2110 @!@!@
@!@!@STARTMSG 2121:1 @!@!@
The behavior up to this point is:
@!@!@ENDMSG 2121 @!@!@
@!@!@STARTMSG 2217:4 @!@!@
1: <MCInit line 290, col 5 to line 291, col 226 of module MCetcdraft>
/\ progressState = ( s1 :> (s1 :> StateProbe @@ s2 :> StateProbe @@ s3 :> StateProbe) @@
  s2 :> (s1 :> StateProbe @@ s2 :> StateProbe @@ s3 :> StateProbe) @@
  s3 :> (s1 :> StateProbe @@ s2 :> StateProbe @@ s3 :> StateProbe) )
/\ msgSeqCounter = 0
/\ constraintCounters = [ timeout |-> 0,
  request |-> 0,
  restart |-> 0,
  drop |-> 0,
  duplicate |-> 0,
  heartbeat |-> 0,
  stepDown |-> 0,
  snapshot |-> 0,
  compact |-> 0,
  confChange |-> 0,
  reportUnreachable |-> 0,
  partition |-> 0 ]
/\ pendingMessages = <<>>
/\ appliedConfigIndex = (s1 :> 3 @@ s2 :> 3 @@ s3 :> 3)
/\ reconfigCount = 0
/\ votesResponded = (s1 :> {} @@ s2 :> {} @@ s3 :> {})
/\ msgAppFlowPaused = ( s1 :> (s1 :> FALSE @@ s2 :> FALSE @@ s3 :> FALSE) @@
  s2 :> (s1 :> FALSE @@ s2 :> FALSE @@ s3 :> FALSE) @@
  s3 :> (s1 :> FALSE @@ s2 :> FALSE @@ s3 :> FALSE) )
/\ state = (s1 :> Follower @@ s2 :> Follower @@ s3 :> Follower)
/\ pendingSnapshot = ( s1 :> (s1 :> 0 @@ s2 :> 0 @@ s3 :> 0) @@
  s2 :> (s1 :> 0 @@ s2 :> 0 @@ s3 :> 0) @@
  s3 :> (s1 :> 0 @@ s2 :> 0 @@ s3 :> 0) )
/\ config = ( s1 :>
      [ learners |-> {},
        jointConfig |-> <<{s1, s2, s3}, {}>>,
        autoLeave |-> FALSE ] @@
  s2 :>
      [ learners |-> {},
        jointConfig |-> <<{s1, s2, s3}, {}>>,
        autoLeave |-> FALSE ] @@
  s3 :>
      [ learners |-> {},
        jointConfig |-> <<{s1, s2, s3}, {}>>,
        autoLeave |-> FALSE ] )
/\ matchIndex = ( s1 :> (s1 :> 0 @@ s2 :> 0 @@ s3 :> 0) @@
  s2 :> (s1 :> 0 @@ s2 :> 0 @@ s3 :> 0) @@
  s3 :> (s1 :> 0 @@ s2 :> 0 @@ s3 :> 0) )
/\ applied = (s1 :> 3 @@ s2 :> 3 @@ s3 :> 3)
/\ votedFor = (s1 :> Nil @@ s2 :> Nil @@ s3 :> Nil)
/\ durableState = ( s1 :>
      [ currentTerm |-> 1,
        votedFor |-> Nil,
        log |-> 3,
        entries |->
            << [ value |-> [newconf |-> {s1}, learners |-> {}],
                 term |-> 1,
                 type |-> ConfigEntry ],
               [ value |-> [newconf |-> {s1, s2}, learners |-> {}],
                 term |-> 1,
                 type |-> ConfigEntry ],
               [ value |-> [newconf |-> {s1, s2, s3}, learners |-> {}],
                 term |-> 1,
                 type |-> ConfigEntry ] >>,
        snapshotIndex |-> 0,
        snapshotTerm |-> 0,
        commitIndex |-> 3,
        config |->
            [ learners |-> {},
              jointConfig |-> <<{s1, s2, s3}, {}>>,
              autoLeave |-> FALSE ],
        snapshotHistory |-> <<>> ] @@
  s2 :>
      [ currentTerm |-> 1,
        votedFor |-> Nil,
        log |-> 3,
        entries |->
            << [ value |-> [newconf |-> {s1}, learners |-> {}],
                 term |-> 1,
                 type |-> ConfigEntry ],
               [ value |-> [newconf |-> {s1, s2}, learners |-> {}],
                 term |-> 1,
                 type |-> ConfigEntry ],
               [ value |-> [newconf |-> {s1, s2, s3}, learners |-> {}],
                 term |-> 1,
                 type |-> ConfigEntry ] >>,
        snapshotIndex |-> 0,
        snapshotTerm |-> 0,
        commitIndex |-> 3,
        config |->
            [ learners |-> {},
              jointConfig |-> <<{s1, s2, s3}, {}>>,
              autoLeave |-> FALSE ],
        snapshotHistory |-> <<>> ] @@
  s3 :>
      [ currentTerm |-> 1,
        votedFor |-> Nil,
        log |-> 3,
        entries |->
            << [ value |-> [newconf |-> {s1}, learners |-> {}],
                 term |-> 1,
                 type |-> ConfigEntry ],
               [ value |-> [newconf |-> {s1, s2}, learners |-> {}],
                 term |-> 1,
                 type |-> ConfigEntry ],
               [ value |-> [newconf |-> {s1, s2, s3}, learners |-> {}],
                 term |-> 1,
                 type |-> ConfigEntry ] >>,
        snapshotIndex |-> 0,
        snapshotTerm |-> 0,
        commitIndex |-> 3,
        config |->
            [ learners |-> {},
              jointConfig |-> <<{s1, s2, s3}, {}>>,
              autoLeave |-> FALSE ],
        snapshotHistory |-> <<>> ] )
/\ historyLog = ( s1 :>
      << [ value |-> [newconf |-> {s1}, learners |-> {}],
           term |-> 1,
           type |-> ConfigEntry ],
         [ value |-> [newconf |-> {s1, s2}, learners |-> {}],
           term |-> 1,
           type |-> ConfigEntry ],
         [ value |-> [newconf |-> {s1, s2, s3}, learners |-> {}],
           term |-> 1,
           type |-> ConfigEntry ] >> @@
  s2 :>
      << [ value |-> [newconf |-> {s1}, learners |-> {}],
           term |-> 1,
           type |-> ConfigEntry ],
         [ value |-> [newconf |-> {s1, s2}, learners |-> {}],
           term |-> 1,
           type |-> ConfigEntry ],
         [ value |-> [newconf |-> {s1, s2, s3}, learners |-> {}],
           term |-> 1,
           type |-> ConfigEntry ] >> @@
  s3 :>
      << [ value |-> [newconf |-> {s1}, learners |-> {}],
           term |-> 1,
           type |-> ConfigEntry ],
         [ value |-> [newconf |-> {s1, s2}, learners |-> {}],
           term |-> 1,
           type |-> ConfigEntry ],
         [ value |-> [newconf |-> {s1, s2, s3}, learners |-> {}],
           term |-> 1,
           type |-> ConfigEntry ] >> )
/\ nextIndex = ( s1 :> (s1 :> 1 @@ s2 :> 1 @@ s3 :> 1) @@
  s2 :> (s1 :> 1 @@ s2 :> 1 @@ s3 :> 1) @@
  s3 :> (s1 :> 1 @@ s2 :> 1 @@ s3 :> 1) )
/\ commitIndex = (s1 :> 3 @@ s2 :> 3 @@ s3 :> 3)
/\ inflights = ( s1 :> (s1 :> {} @@ s2 :> {} @@ s3 :> {}) @@
  s2 :> (s1 :> {} @@ s2 :> {} @@ s3 :> {}) @@
  s3 :> (s1 :> {} @@ s2 :> {} @@ s3 :> {}) )
/\ messages = <<>>
/\ currentTerm = (s1 :> 1 @@ s2 :> 1 @@ s3 :> 1)
/\ log = ( s1 :>
      [ offset |-> 1,
        entries |->
            << [ value |-> [newconf |-> {s1}, learners |-> {}],
                 term |-> 1,
                 type |-> ConfigEntry ],
               [ value |-> [newconf |-> {s1, s2}, learners |-> {}],
                 term |-> 1,
                 type |-> ConfigEntry ],
               [ value |-> [newconf |-> {s1, s2, s3}, learners |-> {}],
                 term |-> 1,
                 type |-> ConfigEntry ] >>,
        snapshotIndex |-> 0,
        snapshotTerm |-> 0 ] @@
  s2 :>
      [ offset |-> 1,
        entries |->
            << [ value |-> [newconf |-> {s1}, learners |-> {}],
                 term |-> 1,
                 type |-> ConfigEntry ],
               [ value |-> [newconf |-> {s1, s2}, learners |-> {}],
                 term |-> 1,
                 type |-> ConfigEntry ],
               [ value |-> [newconf |-> {s1, s2, s3}, learners |-> {}],
                 term |-> 1,
                 type |-> ConfigEntry ] >>,
        snapshotIndex |-> 0,
        snapshotTerm |-> 0 ] @@
  s3 :>
      [ offset |-> 1,
        entries |->
            << [ value |-> [newconf |-> {s1}, learners |-> {}],
                 term |-> 1,
                 type |-> ConfigEntry ],
               [ value |-> [newconf |-> {s1, s2}, learners |-> {}],
                 term |-> 1,
                 type |-> ConfigEntry ],
               [ value |-> [newconf |-> {s1, s2, s3}, learners |-> {}],
                 term |-> 1,
                 type |-> ConfigEntry ] >>,
        snapshotIndex |-> 0,
        snapshotTerm |-> 0 ] )
/\ partitions = (s1 :> 0 @@ s2 :> 0 @@ s3 :> 0)
/\ votesGranted = (s1 :> {} @@ s2 :> {} @@ s3 :> {})
/\ pendingConfChangeIndex = (s1 :> 0 @@ s2 :> 0 @@ s3 :> 0)

@!@!@ENDMSG 2217 @!@!@
@!@!@STARTMSG 2217:4 @!@!@
2: <MCNextAsyncWithReady(s3) line 362, col 5 to line 362, col 35 of module MCetcdraft>
/\ progressState = ( s1 :> (s1 :> StateProbe @@ s2 :> StateProbe @@ s3 :> StateProbe) @@
  s2 :> (s1 :> StateProbe @@ s2 :> StateProbe @@ s3 :> StateProbe) @@
  s3 :> (s1 :> StateProbe @@ s2 :> StateProbe @@ s3 :> StateProbe) )
/\ msgSeqCounter = 0
/\ constraintCounters = [ timeout |-> 1,
  request |-> 0,
  restart |-> 0,
  drop |-> 0,
  duplicate |-> 0,
  heartbeat |-> 0,
  stepDown |-> 0,
  snapshot |-> 0,
  compact |-> 0,
  confChange |-> 0,
  reportUnreachable |-> 0,
  partition |-> 0 ]
/\ pendingMessages = <<>>
/\ appliedConfigIndex = (s1 :> 3 @@ s2 :> 3 @@ s3 :> 3)
/\ reconfigCount = 0
/\ votesResponded = (s1 :> {} @@ s2 :> {} @@ s3 :> {})
/\ msgAppFlowPaused = ( s1 :> (s1 :> FALSE @@ s2 :> FALSE @@ s3 :> FALSE) @@
  s2 :> (s1 :> FALSE @@ s2 :> FALSE @@ s3 :> FALSE) @@
  s3 :> (s1 :> FALSE @@ s2 :> FALSE @@ s3 :> FALSE) )
/\ state = (s1 :> Follower @@ s2 :> Follower @@ s3 :> Candidate)
/\ pendingSnapshot = ( s1 :> (s1 :> 0 @@ s2 :> 0 @@ s3 :> 0) @@
  s2 :> (s1 :> 0 @@ s2 :> 0 @@ s3 :> 0) @@
  s3 :> (s1 :> 0 @@ s2 :> 0 @@ s3 :> 0) )
/\ config = ( s1 :>
      [ learners |-> {},
        jointConfig |-> <<{s1, s2, s3}, {}>>,
        autoLeave |-> FALSE ] @@
  s2 :>
      [ learners |-> {},
        jointConfig |-> <<{s1, s2, s3}, {}>>,
        autoLeave |-> FALSE ] @@
  s3 :>
      [ learners |-> {},
        jointConfig |-> <<{s1, s2, s3}, {}>>,
        autoLeave |-> FALSE ] )
/\ matchIndex = ( s1 :> (s1 :> 0 @@ s2 :> 0 @@ s3 :> 0) @@
  s2 :> (s1 :> 0 @@ s2 :> 0 @@ s3 :> 0) @@
  s3 :> (s1 :> 0 @@ s2 :> 0 @@ s3 :> 0) )
/\ applied = (s1 :> 3 @@ s2 :> 3 @@ s3 :> 3)
/\ votedFor = (s1 :> Nil @@ s2 :> Nil @@ s3 :> s3)
/\ durableState = ( s1 :>
      [ currentTerm |-> 1,
        votedFor |-> Nil,
        log |-> 3,
        entries |->
            << [ value |-> [newconf |-> {s1}, learners |-> {}],
                 term |-> 1,
                 type |-> ConfigEntry ],
               [ value |-> [newconf |-> {s1, s2}, learners |-> {}],
                 term |-> 1,
                 type |-> ConfigEntry ],
               [ value |-> [newconf |-> {s1, s2, s3}, learners |-> {}],
                 term |-> 1,
                 type |-> ConfigEntry ] >>,
        snapshotIndex |-> 0,
        snapshotTerm |-> 0,
        commitIndex |-> 3,
        config |->
            [ learners |-> {},
              jointConfig |-> <<{s1, s2, s3}, {}>>,
              autoLeave |-> FALSE ],
        snapshotHistory |-> <<>> ] @@
  s2 :>
      [ currentTerm |-> 1,
        votedFor |-> Nil,
        log |-> 3,
        entries |->
            << [ value |-> [newconf |-> {s1}, learners |-> {}],
                 term |-> 1,
                 type |-> ConfigEntry ],
               [ value |-> [newconf |-> {s1, s2}, learners |-> {}],
                 term |-> 1,
                 type |-> ConfigEntry ],
               [ value |-> [newconf |-> {s1, s2, s3}, learners |-> {}],
                 term |-> 1,
                 type |-> ConfigEntry ] >>,
        snapshotIndex |-> 0,
        snapshotTerm |-> 0,
        commitIndex |-> 3,
        config |->
            [ learners |-> {},
              jointConfig |-> <<{s1, s2, s3}, {}>>,
              autoLeave |-> FALSE ],
        snapshotHistory |-> <<>> ] @@
  s3 :>
      [ currentTerm |-> 2,
        votedFor |-> s3,
        log |-> 3,
        entries |->
            << [ value |-> [newconf |-> {s1}, learners |-> {}],
                 term |-> 1,
                 type |-> ConfigEntry ],
               [ value |-> [newconf |-> {s1, s2}, learners |-> {}],
                 term |-> 1,
                 type |-> ConfigEntry ],
               [ value |-> [newconf |-> {s1, s2, s3}, learners |-> {}],
                 term |-> 1,
                 type |-> ConfigEntry ] >>,
        snapshotIndex |-> 0,
        snapshotTerm |-> 0,
        commitIndex |-> 3,
        config |->
            [ learners |-> {},
              jointConfig |-> <<{s1, s2, s3}, {}>>,
              autoLeave |-> FALSE ],
        snapshotHistory |-> <<>> ] )
/\ historyLog = ( s1 :>
      << [ value |-> [newconf |-> {s1}, learners |-> {}],
           term |-> 1,
           type |-> ConfigEntry ],
         [ value |-> [newconf |-> {s1, s2}, learners |-> {}],
           term |-> 1,
           type |-> ConfigEntry ],
         [ value |-> [newconf |-> {s1, s2, s3}, learners |-> {}],
           term |-> 1,
           type |-> ConfigEntry ] >> @@
  s2 :>
      << [ value |-> [newconf |-> {s1}, learners |-> {}],
           term |-> 1,
           type |-> ConfigEntry ],
         [ value |-> [newconf |-> {s1, s2}, learners |-> {}],
           term |-> 1,
           type |-> ConfigEntry ],
         [ value |-> [newconf |-> {s1, s2, s3}, learners |-> {}],
           term |-> 1,
           type |-> ConfigEntry ] >> @@
  s3 :>
      << [ value |-> [newconf |-> {s1}, learners |-> {}],
           term |-> 1,
           type |-> ConfigEntry ],
         [ value |-> [newconf |-> {s1, s2}, learners |-> {}],
           term |-> 1,
           type |-> ConfigEntry ],
         [ value |-> [newconf |-> {s1, s2, s3}, learners |-> {}],
           term |-> 1,
           type |-> ConfigEntry ] >> )
/\ nextIndex = ( s1 :> (s1 :> 1 @@ s2 :> 1 @@ s3 :> 1) @@
  s2 :> (s1 :> 1 @@ s2 :> 1 @@ s3 :> 1) @@
  s3 :> (s1 :> 1 @@ s2 :> 1 @@ s3 :> 1) )
/\ commitIndex = (s1 :> 3 @@ s2 :> 3 @@ s3 :> 3)
/\ inflights = ( s1 :> (s1 :> {} @@ s2 :> {} @@ s3 :> {}) @@
  s2 :> (s1 :> {} @@ s2 :> {} @@ s3 :> {}) @@
  s3 :> (s1 :> {} @@ s2 :> {} @@ s3 :> {}) )
/\ messages = <<>>
/\ currentTerm = (s1 :> 1 @@ s2 :> 1 @@ s3 :> 2)
/\ log = ( s1 :>
      [ offset |-> 1,
        entries |->
            << [ value |-> [newconf |-> {s1}, learners |-> {}],
                 term |-> 1,
                 type |-> ConfigEntry ],
               [ value |-> [newconf |-> {s1, s2}, learners |-> {}],
                 term |-> 1,
                 type |-> ConfigEntry ],
               [ value |-> [newconf |-> {s1, s2, s3}, learners |-> {}],
                 term |-> 1,
                 type |-> ConfigEntry ] >>,
        snapshotIndex |-> 0,
        snapshotTerm |-> 0 ] @@
  s2 :>
      [ offset |-> 1,
        entries |->
            << [ value |-> [newconf |-> {s1}, learners |-> {}],
                 term |-> 1,
                 type |-> ConfigEntry ],
               [ value |-> [newconf |-> {s1, s2}, learners |-> {}],
                 term |-> 1,
                 type |-> ConfigEntry ],
               [ value |-> [newconf |-> {s1, s2, s3}, learners |-> {}],
                 term |-> 1,
                 type |-> ConfigEntry ] >>,
        snapshotIndex |-> 0,
        snapshotTerm |-> 0 ] @@
  s3 :>
      [ offset |-> 1,
        entries |->
            << [ value |-> [newconf |-> {s1}, learners |-> {}],
                 term |-> 1,
                 type |-> ConfigEntry ],
               [ value |-> [newconf |-> {s1, s2}, learners |-> {}],
                 term |-> 1,
                 type |-> ConfigEntry ],
               [ value |-> [newconf |-> {s1, s2, s3}, learners |-> {}],
                 term |-> 1,
                 type |-> ConfigEntry ] >>,
        snapshotIndex |-> 0,
        snapshotTerm |-> 0 ] )
/\ partitions = (s1 :> 0 @@ s2 :> 0 @@ s3 :> 0)
/\ votesGranted = (s1 :> {} @@ s2 :> {} @@ s3 :> {})
/\ pendingConfChangeIndex = (s1 :> 0 @@ s2 :> 0 @@ s3 :> 0)

@!@!@ENDMSG 2217 @!@!@
@!@!@STARTMSG 2217:4 @!@!@
3: <MCRestart(s2) line 168, col 5 to line 170, col 74 of module MCetcdraft>
/\ progressState = ( s1 :> (s1 :> StateProbe @@ s2 :> StateProbe @@ s3 :> StateProbe) @@
  s2 :> (s1 :> StateProbe @@ s2 :> StateProbe @@ s3 :> StateProbe) @@
  s3 :> (s1 :> StateProbe @@ s2 :> StateProbe @@ s3 :> StateProbe) )
/\ msgSeqCounter = 0
/\ constraintCounters = [ timeout |-> 1,
  request |-> 0,
  restart |-> 1,
  drop |-> 0,
  duplicate |-> 0,
  heartbeat |-> 0,
  stepDown |-> 0,
  snapshot |-> 0,
  compact |-> 0,
  confChange |-> 0,
  reportUnreachable |-> 0,
  partition |-> 0 ]
/\ pendingMessages = <<>>
/\ appliedConfigIndex = (s1 :> 3 @@ s2 :> 3 @@ s3 :> 3)
/\ reconfigCount = 0
/\ votesResponded = (s1 :> {} @@ s2 :> {} @@ s3 :> {})
/\ msgAppFlowPaused = ( s1 :> (s1 :> FALSE @@ s2 :> FALSE @@ s3 :> FALSE) @@
  s2 :> (s1 :> FALSE @@ s2 :> FALSE @@ s3 :> FALSE) @@
  s3 :> (s1 :> FALSE @@ s2 :> FALSE @@ s3 :> FALSE) )
/\ state = (s1 :> Follower @@ s2 :> Follower @@ s3 :> Candidate)
/\ pendingSnapshot = ( s1 :> (s1 :> 0 @@ s2 :> 0 @@ s3 :> 0) @@
  s2 :> (s1 :> 0 @@ s2 :> 0 @@ s3 :> 0) @@
  s3 :> (s1 :> 0 @@ s2 :> 0 @@ s3 :> 0) )
/\ config = ( s1 :>
      [ learners |-> {},
        jointConfig |-> <<{s1, s2, s3}, {}>>,
        autoLeave |-> FALSE ] @@
  s2 :>
      [ learners |-> {},
        jointConfig |-> <<{s1, s2, s3}, {}>>,
        autoLeave |-> FALSE ] @@
  s3 :>
      [ learners |-> {},
        jointConfig |-> <<{s1, s2, s3}, {}>>,
        autoLeave |-> FALSE ] )
/\ matchIndex = ( s1 :> (s1 :> 0 @@ s2 :> 0 @@ s3 :> 0) @@
  s2 :> (s1 :> 0 @@ s2 :> 0 @@ s3 :> 0) @@
  s3 :> (s1 :> 0 @@ s2 :> 0 @@ s3 :> 0) )
/\ applied = (s1 :> 3 @@ s2 :> 0 @@ s3 :> 3)
/\ votedFor = (s1 :> Nil @@ s2 :> Nil @@ s3 :> s3)
/\ durableState = ( s1 :>
      [ currentTerm |-> 1,
        votedFor |-> Nil,
        log |-> 3,
        entries |->
            << [ value |-> [newconf |-> {s1}, learners |-> {}],
                 term |-> 1,
                 type |-> ConfigEntry ],
               [ value |-> [newconf |-> {s1, s2}, learners |-> {}],
                 term |-> 1,
                 type |-> ConfigEntry ],
               [ value |-> [newconf |-> {s1, s2, s3}, learners |-> {}],
                 term |-> 1,
                 type |-> ConfigEntry ] >>,
        snapshotIndex |-> 0,
        snapshotTerm |-> 0,
        commitIndex |-> 3,
        config |->
            [ learners |-> {},
              jointConfig |-> <<{s1, s2, s3}, {}>>,
              autoLeave |-> FALSE ],
        snapshotHistory |-> <<>> ] @@
  s2 :>
      [ currentTerm |-> 1,
        votedFor |-> Nil,
        log |-> 3,
        entries |->
            << [ value |-> [newconf |-> {s1}, learners |-> {}],
                 term |-> 1,
                 type |-> ConfigEntry ],
               [ value |-> [newconf |-> {s1, s2}, learners |-> {}],
                 term |-> 1,
                 type |-> ConfigEntry ],
               [ value |-> [newconf |-> {s1, s2, s3}, learners |-> {}],
                 term |-> 1,
                 type |-> ConfigEntry ] >>,
        snapshotIndex |-> 0,
        snapshotTerm |-> 0,
        commitIndex |-> 3,
        config |->
            [ learners |-> {},
              jointConfig |-> <<{s1, s2, s3}, {}>>,
              autoLeave |-> FALSE ],
        snapshotHistory |-> <<>> ] @@
  s3 :>
      [ currentTerm |-> 2,
        votedFor |-> s3,
        log |-> 3,
        entries |->
            << [ value |-> [newconf |-> {s1}, learners |-> {}],
                 term |-> 1,
                 type |-> ConfigEntry ],
               [ value |-> [newconf |-> {s1, s2}, learners |-> {}],
                 term |-> 1,
                 type |-> ConfigEntry ],
               [ value |-> [newconf |-> {s1, s2, s3}, learners |-> {}],
                 term |-> 1,
                 type |-> ConfigEntry ] >>,
        snapshotIndex |-> 0,
        snapshotTerm |-> 0,
        commitIndex |-> 3,
        config |->
            [ learners |-> {},
              jointConfig |-> <<{s1, s2, s3}, {}>>,
              autoLeave |-> FALSE ],
        snapshotHistory |-> <<>> ] )
/\ historyLog = ( s1 :>
      << [ value |-> [newconf |-> {s1}, learners |-> {}],
           term |-> 1,
           type |-> ConfigEntry ],
         [ value |-> [newconf |-> {s1, s2}, learners |-> {}],
           term |-> 1,
           type |-> ConfigEntry ],
         [ value |-> [newconf |-> {s1, s2, s3}, learners |-> {}],
           term |-> 1,
           type |-> ConfigEntry ] >> @@
  s2 :>
      << [ value |-> [newconf |-> {s1}, learners |-> {}],
           term |-> 1,
           type |-> ConfigEntry ],
         [ value |-> [newconf |-> {s1, s2}, learners |-> {}],
           term |-> 1,
           type |-> ConfigEntry ],
         [ value |-> [newconf |-> {s1, s2, s3}, learners |-> {}],
           term |-> 1,
           type |-> ConfigEntry ] >> @@
  s3 :>
      << [ value |-> [newconf |-> {s1}, learners |-> {}],
           term |-> 1,
           type |-> ConfigEntry ],
         [ value |-> [newconf |-> {s1, s2}, learners |-> {}],
           term |-> 1,
           type |-> ConfigEntry ],
         [ value |-> [newconf |-> {s1, s2, s3}, learners |-> {}],
           term |-> 1,
           type |-> ConfigEntry ] >> )
/\ nextIndex = ( s1 :> (s1 :> 1 @@ s2 :> 1 @@ s3 :> 1) @@
  s2 :> (s1 :> 1 @@ s2 :> 1 @@ s3 :> 1) @@
  s3 :> (s1 :> 1 @@ s2 :> 1 @@ s3 :> 1) )
/\ commitIndex = (s1 :> 3 @@ s2 :> 3 @@ s3 :> 3)
/\ inflights = ( s1 :> (s1 :> {} @@ s2 :> {} @@ s3 :> {}) @@
  s2 :> (s1 :> {} @@ s2 :> {} @@ s3 :> {}) @@
  s3 :> (s1 :> {} @@ s2 :> {} @@ s3 :> {}) )
/\ messages = <<>>
/\ currentTerm = (s1 :> 1 @@ s2 :> 1 @@ s3 :> 2)
/\ log = ( s1 :>
      [ offset |-> 1,
        entries |->
            << [ value |-> [newconf |-> {s1}, learners |-> {}],
                 term |-> 1,
                 type |-> ConfigEntry ],
               [ value |-> [newconf |-> {s1, s2}, learners |-> {}],
                 term |-> 1,
                 type |-> ConfigEntry ],
               [ value |-> [newconf |-> {s1, s2, s3}, learners |-> {}],
                 term |-> 1,
                 type |-> ConfigEntry ] >>,
        snapshotIndex |-> 0,
        snapshotTerm |-> 0 ] @@
  s2 :>
      [ offset |-> 1,
        entries |->
            << [ value |-> [newconf |-> {s1}, learners |-> {}],
                 term |-> 1,
                 type |-> ConfigEntry ],
               [ value |-> [newconf |-> {s1, s2}, learners |-> {}],
                 term |-> 1,
                 type |-> ConfigEntry ],
               [ value |-> [newconf |-> {s1, s2, s3}, learners |-> {}],
                 term |-> 1,
                 type |-> ConfigEntry ] >>,
        snapshotIndex |-> 0,
        snapshotTerm |-> 0 ] @@
  s3 :>
      [ offset |-> 1,
        entries |->
            << [ value |-> [newconf |-> {s1}, learners |-> {}],
                 term |-> 1,
                 type |-> ConfigEntry ],
               [ value |-> [newconf |-> {s1, s2}, learners |-> {}],
                 term |-> 1,
                 type |-> ConfigEntry ],
               [ value |-> [newconf |-> {s1, s2, s3}, learners |-> {}],
                 term |-> 1,
                 type |-> ConfigEntry ] >>,
        snapshotIndex |-> 0,
        snapshotTerm |-> 0 ] )
/\ partitions = (s1 :> 0 @@ s2 :> 0 @@ s3 :> 0)
/\ votesGranted = (s1 :> {} @@ s2 :> {} @@ s3 :> {})
/\ pendingConfChangeIndex = (s1 :> 0 @@ s2 :> 0 @@ s3 :> 0)

@!@!@ENDMSG 2217 @!@!@
@!@!@STARTMSG 2217:4 @!@!@
4: <MCNextAsyncWithReady(s1) line 362, col 5 to line 362, col 35 of module MCetcdraft>
/\ progressState = ( s1 :> (s1 :> StateProbe @@ s2 :> StateProbe @@ s3 :> StateProbe) @@
  s2 :> (s1 :> StateProbe @@ s2 :> StateProbe @@ s3 :> StateProbe) @@
  s3 :> (s1 :> StateProbe @@ s2 :> StateProbe @@ s3 :> StateProbe) )
/\ msgSeqCounter = 0
/\ constraintCounters = [ timeout |-> 2,
  request |-> 0,
  restart |-> 1,
  drop |-> 0,
  duplicate |-> 0,
  heartbeat |-> 0,
  stepDown |-> 0,
  snapshot |-> 0,
  compact |-> 0,
  confChange |-> 0,
  reportUnreachable |-> 0,
  partition |-> 0 ]
/\ pendingMessages = <<>>
/\ appliedConfigIndex = (s1 :> 3 @@ s2 :> 3 @@ s3 :> 3)
/\ reconfigCount = 0
/\ votesResponded = (s1 :> {} @@ s2 :> {} @@ s3 :> {})
/\ msgAppFlowPaused = ( s1 :> (s1 :> FALSE @@ s2 :> FALSE @@ s3 :> FALSE) @@
  s2 :> (s1 :> FALSE @@ s2 :> FALSE @@ s3 :> FALSE) @@
  s3 :> (s1 :> FALSE @@ s2 :> FALSE @@ s3 :> FALSE) )
/\ state = (s1 :> Candidate @@ s2 :> Follower @@ s3 :> Candidate)
/\ pendingSnapshot = ( s1 :> (s1 :> 0 @@ s2 :> 0 @@ s3 :> 0) @@
  s2 :> (s1 :> 0 @@ s2 :> 0 @@ s3 :> 0) @@
  s3 :> (s1 :> 0 @@ s2 :> 0 @@ s3 :> 0) )
/\ config = ( s1 :>
      [ learners |-> {},
        jointConfig |-> <<{s1, s2, s3}, {}>>,
        autoLeave |-> FALSE ] @@
  s2 :>
      [ learners |-> {},
        jointConfig |-> <<{s1, s2, s3}, {}>>,
        autoLeave |-> FALSE ] @@
  s3 :>
      [ learners |-> {},
        jointConfig |-> <<{s1, s2, s3}, {}>>,
        autoLeave |-> FALSE ] )
/\ matchIndex = ( s1 :> (s1 :> 0 @@ s2 :> 0 @@ s3 :> 0) @@
  s2 :> (s1 :> 0 @@ s2 :> 0 @@ s3 :> 0) @@
  s3 :> (s1 :> 0 @@ s2 :> 0 @@ s3 :> 0) )
/\ applied = (s1 :> 3 @@ s2 :> 0 @@ s3 :> 3)
/\ votedFor = (s1 :> s1 @@ s2 :> Nil @@ s3 :> s3)
/\ durableState = ( s1 :>
      [ currentTerm |-> 2,
        votedFor |-> s1,
        log |-> 3,
        entries |->
            << [ value |-> [newconf |-> {s1}, learners |-> {}],
                 term |-> 1,
                 type |-> ConfigEntry ],
               [ value |-> [newconf |-> {s1, s2}, learners |-> {}],
                 term |-> 1,
                 type |-> ConfigEntry ],
               [ value |-> [newconf |-> {s1, s2, s3}, learners |-> {}],
                 term |-> 1,
                 type |-> ConfigEntry ] >>,
        snapshotIndex |-> 0,
        snapshotTerm |-> 0,
        snapshotHistory |-> <<>>,
        commitIndex |-> 3,
        config |->
            [ learners |-> {},
              jointConfig |-> <<{s1, s2, s3}, {}>>,
              autoLeave |-> FALSE ] ] @@
  s2 :>
      [ currentTerm |-> 1,
        votedFor |-> Nil,
        log |-> 3,
        entries |->
            << [ value |-> [newconf |-> {s1}, learners |-> {}],
                 term |-> 1,
                 type |-> ConfigEntry ],
               [ value |-> [newconf |-> {s1, s2}, learners |-> {}],
                 term |-> 1,
                 type |-> ConfigEntry ],
               [ value |-> [newconf |-> {s1, s2, s3}, learners |-> {}],
                 term |-> 1,
                 type |-> ConfigEntry ] >>,
        snapshotIndex |-> 0,
        snapshotTerm |-> 0,
        commitIndex |-> 3,
        config |->
            [ learners |-> {},
              jointConfig |-> <<{s1, s2, s3}, {}>>,
              autoLeave |-> FALSE ],
        snapshotHistory |-> <<>> ] @@
  s3 :>
      [ currentTerm |-> 2,
        votedFor |-> s3,
        log |-> 3,
        entries |->
            << [ value |-> [newconf |-> {s1}, learners |-> {}],
                 term |-> 1,
                 type |-> ConfigEntry ],
               [ value |-> [newconf |-> {s1, s2}, learners |-> {}],
                 term |-> 1,
                 type |-> ConfigEntry ],
               [ value |-> [newconf |-> {s1, s2, s3}, learners |-> {}],
                 term |-> 1,
                 type |-> ConfigEntry ] >>,
        snapshotIndex |-> 0,
        snapshotTerm |-> 0,
        commitIndex |-> 3,
        config |->
            [ learners |-> {},
              jointConfig |-> <<{s1, s2, s3}, {}>>,
              autoLeave |-> FALSE ],
        snapshotHistory |-> <<>> ] )
/\ historyLog = ( s1 :>
      << [ value |-> [newconf |-> {s1}, learners |-> {}],
           term |-> 1,
           type |-> ConfigEntry ],
         [ value |-> [newconf |-> {s1, s2}, learners |-> {}],
           term |-> 1,
           type |-> ConfigEntry ],
         [ value |-> [newconf |-> {s1, s2, s3}, learners |-> {}],
           term |-> 1,
           type |-> ConfigEntry ] >> @@
  s2 :>
      << [ value |-> [newconf |-> {s1}, learners |-> {}],
           term |-> 1,
           type |-> ConfigEntry ],
         [ value |-> [newconf |-> {s1, s2}, learners |-> {}],
           term |-> 1,
           type |-> ConfigEntry ],
         [ value |-> [newconf |-> {s1, s2, s3}, learners |-> {}],
           term |-> 1,
           type |-> ConfigEntry ] >> @@
  s3 :>
      << [ value |-> [newconf |-> {s1}, learners |-> {}],
           term |-> 1,
           type |-> ConfigEntry ],
         [ value |-> [newconf |-> {s1, s2}, learners |-> {}],
           term |-> 1,
           type |-> ConfigEntry ],
         [ value |-> [newconf |-> {s1, s2, s3}, learners |-> {}],
           term |-> 1,
           type |-> ConfigEntry ] >> )
/\ nextIndex = ( s1 :> (s1 :> 1 @@ s2 :> 1 @@ s3 :> 1) @@
  s2 :> (s1 :> 1 @@ s2 :> 1 @@ s3 :> 1) @@
  s3 :> (s1 :> 1 @@ s2 :> 1 @@ s3 :> 1) )
/\ commitIndex = (s1 :> 3 @@ s2 :> 3 @@ s3 :> 3)
/\ inflights = ( s1 :> (s1 :> {} @@ s2 :> {} @@ s3 :> {}) @@
  s2 :> (s1 :> {} @@ s2 :> {} @@ s3 :> {}) @@
  s3 :> (s1 :> {} @@ s2 :> {} @@ s3 :> {}) )
/\ messages = <<>>
/\ currentTerm = (s1 :> 2 @@ s2 :> 1 @@ s3 :> 2)
/\ log = ( s1 :>
      [ offset |-> 1,
        entries |->
            << [ value |-> [newconf |-> {s1}, learners |-> {}],
                 term |-> 1,
                 type |-> ConfigEntry ],
               [ value |-> [newconf |-> {s1, s2}, learners |-> {}],
                 term |-> 1,
                 type |-> ConfigEntry ],
               [ value |-> [newconf |-> {s1, s2, s3}, learners |-> {}],
                 term |-> 1,
                 type |-> ConfigEntry ] >>,
        snapshotIndex |-> 0,
        snapshotTerm |-> 0 ] @@
  s2 :>
      [ offset |-> 1,
        entries |->
            << [ value |-> [newconf |-> {s1}, learners |-> {}],
                 term |-> 1,
                 type |-> ConfigEntry ],
               [ value |-> [newconf |-> {s1, s2}, learners |-> {}],
                 term |-> 1,
                 type |-> ConfigEntry ],
               [ value |-> [newconf |-> {s1, s2, s3}, learners |-> {}],
                 term |-> 1,
                 type |-> ConfigEntry ] >>,
        snapshotIndex |-> 0,
        snapshotTerm |-> 0 ] @@
  s3 :>
      [ offset |-> 1,
        entries |->
            << [ value |-> [newconf |-> {s1}, learners |-> {}],
                 term |-> 1,
                 type |-> ConfigEntry ],
               [ value |-> [newconf |-> {s1, s2}, learners |-> {}],
                 term |-> 1,
                 type |-> ConfigEntry ],
               [ value |-> [newconf |-> {s1, s2, s3}, learners |-> {}],
                 term |-> 1,
                 type |-> ConfigEntry ] >>,
        snapshotIndex |-> 0,
        snapshotTerm |-> 0 ] )
/\ partitions = (s1 :> 0 @@ s2 :> 0 @@ s3 :> 0)
/\ votesGranted = (s1 :> {} @@ s2 :> {} @@ s3 :> {})
/\ pendingConfChangeIndex = (s1 :> 0 @@ s2 :> 0 @@ s3 :> 0)

@!@!@ENDMSG 2217 @!@!@
@!@!@STARTMSG 2217:4 @!@!@
5: <MCNextAsyncWithReady(s3) line 362, col 5 to line 362, col 35 of module MCetcdraft>
/\ progressState = ( s1 :> (s1 :> StateProbe @@ s2 :> StateProbe @@ s3 :> StateProbe) @@
  s2 :> (s1 :> StateProbe @@ s2 :> StateProbe @@ s3 :> StateProbe) @@
  s3 :> (s1 :> StateProbe @@ s2 :> StateProbe @@ s3 :> StateProbe) )
/\ msgSeqCounter = 0
/\ constraintCounters = [ timeout |-> 2,
  request |-> 0,
  restart |-> 1,
  drop |-> 0,
  duplicate |-> 0,
  heartbeat |-> 0,
  stepDown |-> 1,
  snapshot |-> 0,
  compact |-> 0,
  confChange |-> 0,
  reportUnreachable |-> 0,
  partition |-> 0 ]
/\ pendingMessages = <<>>
/\ appliedConfigIndex = (s1 :> 3 @@ s2 :> 3 @@ s3 :> 3)
/\ reconfigCount = 0
/\ votesResponded = (s1 :> {} @@ s2 :> {} @@ s3 :> {})
/\ msgAppFlowPaused = ( s1 :> (s1 :> FALSE @@ s2 :> FALSE @@ s3 :> FALSE) @@
  s2 :> (s1 :> FALSE @@ s2 :> FALSE @@ s3 :> FALSE) @@
  s3 :> (s1 :> FALSE @@ s2 :> FALSE @@ s3 :> FALSE) )
/\ state = (s1 :> Candidate @@ s2 :> Follower @@ s3 :> Follower)
/\ pendingSnapshot = ( s1 :> (s1 :> 0 @@ s2 :> 0 @@ s3 :> 0) @@
  s2 :> (s1 :> 0 @@ s2 :> 0 @@ s3 :> 0) @@
  s3 :> (s1 :> 0 @@ s2 :> 0 @@ s3 :> 0) )
/\ config = ( s1 :>
      [ learners |-> {},
        jointConfig |-> <<{s1, s2, s3}, {}>>,
        autoLeave |-> FALSE ] @@
  s2 :>
      [ learners |-> {},
        jointConfig |-> <<{s1, s2, s3}, {}>>,
        autoLeave |-> FALSE ] @@
  s3 :>
      [ learners |-> {},
        jointConfig |-> <<{s1, s2, s3}, {}>>,
        autoLeave |-> FALSE ] )
/\ matchIndex = ( s1 :> (s1 :> 0 @@ s2 :> 0 @@ s3 :> 0) @@
  s2 :> (s1 :> 0 @@ s2 :> 0 @@ s3 :> 0) @@
  s3 :> (s1 :> 0 @@ s2 :> 0 @@ s3 :> 0) )
/\ applied = (s1 :> 3 @@ s2 :> 0 @@ s3 :> 3)
/\ votedFor = (s1 :> s1 @@ s2 :> Nil @@ s3 :> s3)
/\ durableState = ( s1 :>
      [ currentTerm |-> 2,
        votedFor |-> s1,
        log |-> 3,
        entries |->
            << [ value |-> [newconf |-> {s1}, learners |-> {}],
                 term |-> 1,
                 type |-> ConfigEntry ],
               [ value |-> [newconf |-> {s1, s2}, learners |-> {}],
                 term |-> 1,
                 type |-> ConfigEntry ],
               [ value |-> [newconf |-> {s1, s2, s3}, learners |-> {}],
                 term |-> 1,
                 type |-> ConfigEntry ] >>,
        snapshotIndex |-> 0,
        snapshotTerm |-> 0,
        commitIndex |-> 3,
        config |->
            [ learners |-> {},
              jointConfig |-> <<{s1, s2, s3}, {}>>,
              autoLeave |-> FALSE ],
        snapshotHistory |-> <<>> ] @@
  s2 :>
      [ currentTerm |-> 1,
        votedFor |-> Nil,
        log |-> 3,
        entries |->
            << [ value |-> [newconf |-> {s1}, learners |-> {}],
                 term |-> 1,
                 type |-> ConfigEntry ],
               [ value |-> [newconf |-> {s1, s2}, learners |-> {}],
                 term |-> 1,
                 type |-> ConfigEntry ],
               [ value |-> [newconf |-> {s1, s2, s3}, learners |-> {}],
                 term |-> 1,
                 type |-> ConfigEntry ] >>,
        snapshotIndex |-> 0,
        snapshotTerm |-> 0,
        commitIndex |-> 3,
        config |->
            [ learners |-> {},
              jointConfig |-> <<{s1, s2, s3}, {}>>,
              autoLeave |-> FALSE ],
        snapshotHistory |-> <<>> ] @@
  s3 :>
      [ currentTerm |-> 2,
        votedFor |-> s3,
        log |-> 3,
        entries |->
            << [ value |-> [newconf |-> {s1}, learners |-> {}],
                 term |-> 1,
                 type |-> ConfigEntry ],
               [ value |-> [newconf |-> {s1, s2}, learners |-> {}],
                 term |-> 1,
                 type |-> ConfigEntry ],
               [ value |-> [newconf |-> {s1, s2, s3}, learners |-> {}],
                 term |-> 1,
                 type |-> ConfigEntry ] >>,
        snapshotIndex |-> 0,
        snapshotTerm |-> 0,
        snapshotHistory |-> <<>>,
        commitIndex |-> 3,
        config |->
            [ learners |-> {},
              jointConfig |-> <<{s1, s2, s3}, {}>>,
              autoLeave |-> FALSE ] ] )
/\ historyLog = ( s1 :>
      << [ value |-> [newconf |-> {s1}, learners |-> {}],
           term |-> 1,
           type |-> ConfigEntry ],
         [ value |-> [newconf |-> {s1, s2}, learners |-> {}],
           term |-> 1,
           type |-> ConfigEntry ],
         [ value |-> [newconf |-> {s1, s2, s3}, learners |-> {}],
           term |-> 1,
           type |-> ConfigEntry ] >> @@
  s2 :>
      << [ value |-> [newconf |-> {s1}, learners |-> {}],
           term |-> 1,
           type |-> ConfigEntry ],
         [ value |-> [newconf |-> {s1, s2}, learners |-> {}],
           term |-> 1,
           type |-> ConfigEntry ],
         [ value |-> [newconf |-> {s1, s2, s3}, learners |-> {}],
           term |-> 1,
           type |-> ConfigEntry ] >> @@
  s3 :>
      << [ value |-> [newconf |-> {s1}, learners |-> {}],
           term |-> 1,
           type |-> ConfigEntry ],
         [ value |-> [newconf |-> {s1, s2}, learners |-> {}],
           term |-> 1,
           type |-> ConfigEntry ],
         [ value |-> [newconf |-> {s1, s2, s3}, learners |-> {}],
           term |-> 1,
           type |-> ConfigEntry ] >> )
/\ nextIndex = ( s1 :> (s1 :> 1 @@ s2 :> 1 @@ s3 :> 1) @@
  s2 :> (s1 :> 1 @@ s2 :> 1 @@ s3 :> 1) @@
  s3 :> (s1 :> 1 @@ s2 :> 1 @@ s3 :> 1) )
/\ commitIndex = (s1 :> 3 @@ s2 :> 3 @@ s3 :> 3)
/\ inflights = ( s1 :> (s1 :> {} @@ s2 :> {} @@ s3 :> {}) @@
  s2 :> (s1 :> {} @@ s2 :> {} @@ s3 :> {}) @@
  s3 :> (s1 :> {} @@ s2 :> {} @@ s3 :> {}) )
/\ messages = <<>>
/\ currentTerm = (s1 :> 2 @@ s2 :> 1 @@ s3 :> 2)
/\ log = ( s1 :>
      [ offset |-> 1,
        entries |->
            << [ value |-> [newconf |-> {s1}, learners |-> {}],
                 term |-> 1,
                 type |-> ConfigEntry ],
               [ value |-> [newconf |-> {s1, s2}, learners |-> {}],
                 term |-> 1,
                 type |-> ConfigEntry ],
               [ value |-> [newconf |-> {s1, s2, s3}, learners |-> {}],
                 term |-> 1,
                 type |-> ConfigEntry ] >>,
        snapshotIndex |-> 0,
        snapshotTerm |-> 0 ] @@
  s2 :>
      [ offset |-> 1,
        entries |->
            << [ value |-> [newconf |-> {s1}, learners |-> {}],
                 term |-> 1,
                 type |-> ConfigEntry ],
               [ value |-> [newconf |-> {s1, s2}, learners |-> {}],
                 term |-> 1,
                 type |-> ConfigEntry ],
               [ value |-> [newconf |-> {s1, s2, s3}, learners |-> {}],
                 term |-> 1,
                 type |-> ConfigEntry ] >>,
        snapshotIndex |-> 0,
        snapshotTerm |-> 0 ] @@
  s3 :>
      [ offset |-> 1,
        entries |->
            << [ value |-> [newconf |-> {s1}, learners |-> {}],
                 term |-> 1,
                 type |-> ConfigEntry ],
               [ value |-> [newconf |-> {s1, s2}, learners |-> {}],
                 term |-> 1,
                 type |-> ConfigEntry ],
               [ value |-> [newconf |-> {s1, s2, s3}, learners |-> {}],
                 term |-> 1,
                 type |-> ConfigEntry ] >>,
        snapshotIndex |-> 0,
        snapshotTerm |-> 0 ] )
/\ partitions = (s1 :> 0 @@ s2 :> 0 @@ s3 :> 0)
/\ votesGranted = (s1 :> {} @@ s2 :> {} @@ s3 :> {})
/\ pendingConfChangeIndex = (s1 :> 0 @@ s2 :> 0 @@ s3 :> 0)

@!@!@ENDMSG 2217 @!@!@
@!@!@STARTMSG 2217:4 @!@!@
6: <MCNextAsyncWithReady(s3) line 362, col 5 to line 362, col 35 of module MCetcdraft>
/\ progressState = ( s1 :> (s1 :> StateProbe @@ s2 :> StateProbe @@ s3 :> StateProbe) @@
  s2 :> (s1 :> StateProbe @@ s2 :> StateProbe @@ s3 :> StateProbe) @@
  s3 :> (s1 :> StateProbe @@ s2 :> StateProbe @@ s3 :> StateProbe) )
/\ msgSeqCounter = 0
/\ constraintCounters = [ timeout |-> 2,
  request |-> 0,
  restart |-> 1,
  drop |-> 0,
  duplicate |-> 0,
  heartbeat |-> 0,
  stepDown |-> 1,
  snapshot |-> 0,
  compact |-> 1,
  confChange |-> 0,
  reportUnreachable |-> 0,
  partition |-> 0 ]
/\ pendingMessages = <<>>
/\ appliedConfigIndex = (s1 :> 3 @@ s2 :> 3 @@ s3 :> 3)
/\ reconfigCount = 0
/\ votesResponded = (s1 :> {} @@ s2 :> {} @@ s3 :> {})
/\ msgAppFlowPaused = ( s1 :> (s1 :> FALSE @@ s2 :> FALSE @@ s3 :> FALSE) @@
  s2 :> (s1 :> FALSE @@ s2 :> FALSE @@ s3 :> FALSE) @@
  s3 :> (s1 :> FALSE @@ s2 :> FALSE @@ s3 :> FALSE) )
/\ state = (s1 :> Candidate @@ s2 :> Follower @@ s3 :> Follower)
/\ pendingSnapshot = ( s1 :> (s1 :> 0 @@ s2 :> 0 @@ s3 :> 0) @@
  s2 :> (s1 :> 0 @@ s2 :> 0 @@ s3 :> 0) @@
  s3 :> (s1 :> 0 @@ s2 :> 0 @@ s3 :> 0) )
/\ config = ( s1 :>
      [ learners |-> {},
        jointConfig |-> <<{s1, s2, s3}, {}>>,
        autoLeave |-> FALSE ] @@
  s2 :>
      [ learners |-> {},
        jointConfig |-> <<{s1, s2, s3}, {}>>,
        autoLeave |-> FALSE ] @@
  s3 :>
      [ learners |-> {},
        jointConfig |-> <<{s1, s2, s3}, {}>>,
        autoLeave |-> FALSE ] )
/\ matchIndex = ( s1 :> (s1 :> 0 @@ s2 :> 0 @@ s3 :> 0) @@
  s2 :> (s1 :> 0 @@ s2 :> 0 @@ s3 :> 0) @@
  s3 :> (s1 :> 0 @@ s2 :> 0 @@ s3 :> 0) )
/\ applied = (s1 :> 3 @@ s2 :> 0 @@ s3 :> 3)
/\ votedFor = (s1 :> s1 @@ s2 :> Nil @@ s3 :> s3)
/\ durableState = ( s1 :>
      [ currentTerm |-> 2,
        votedFor |-> s1,
        log |-> 3,
        entries |->
            << [ value |-> [newconf |-> {s1}, learners |-> {}],
                 term |-> 1,
                 type |-> ConfigEntry ],
               [ value |-> [newconf |-> {s1, s2}, learners |-> {}],
                 term |-> 1,
                 type |-> ConfigEntry ],
               [ value |-> [newconf |-> {s1, s2, s3}, learners |-> {}],
                 term |-> 1,
                 type |-> ConfigEntry ] >>,
        snapshotIndex |-> 0,
        snapshotTerm |-> 0,
        commitIndex |-> 3,
        config |->
            [ learners |-> {},
              jointConfig |-> <<{s1, s2, s3}, {}>>,
              autoLeave |-> FALSE ],
        snapshotHistory |-> <<>> ] @@
  s2 :>
      [ currentTerm |-> 1,
        votedFor |-> Nil,
        log |-> 3,
        entries |->
            << [ value |-> [newconf |-> {s1}, learners |-> {}],
                 term |-> 1,
                 type |-> ConfigEntry ],
               [ value |-> [newconf |-> {s1, s2}, learners |-> {}],
                 term |-> 1,
                 type |-> ConfigEntry ],
               [ value |-> [newconf |-> {s1, s2, s3}, learners |-> {}],
                 term |-> 1,
                 type |-> ConfigEntry ] >>,
        snapshotIndex |-> 0,
        snapshotTerm |-> 0,
        commitIndex |-> 3,
        config |->
            [ learners |-> {},
              jointConfig |-> <<{s1, s2, s3}, {}>>,
              autoLeave |-> FALSE ],
        snapshotHistory |-> <<>> ] @@
  s3 :>
      [ currentTerm |-> 2,
        votedFor |-> s3,
        log |-> 3,
        entries |->
            << [ value |-> [newconf |-> {s1, s2, s3}, learners |-> {}],
                 term |-> 1,
                 type |-> ConfigEntry ] >>,
        snapshotIndex |-> 2,
        snapshotTerm |-> 1,
        snapshotHistory |->
            << [ value |-> [newconf |-> {s1}, learners |-> {}],
                 term |-> 1,
                 type |-> ConfigEntry ],
               [ value |-> [newconf |-> {s1, s2}, learners |-> {}],
                 term |-> 1,
                 type |-> ConfigEntry ] >>,
        commitIndex |-> 3,
        config |->
            [ learners |-> {},
              jointConfig |-> <<{s1, s2, s3}, {}>>,
              autoLeave |-> FALSE ] ] )
/\ historyLog = ( s1 :>
      << [ value |-> [newconf |-> {s1}, learners |-> {}],
           term |-> 1,
           type |-> ConfigEntry ],
         [ value |-> [newconf |-> {s1, s2}, learners |-> {}],
           term |-> 1,
           type |-> ConfigEntry ],
         [ value |-> [newconf |-> {s1, s2, s3}, learners |-> {}],
           term |-> 1,
           type |-> ConfigEntry ] >> @@
  s2 :>
      << [ value |-> [newconf |-> {s1}, learners |-> {}],
           term |-> 1,
           type |-> ConfigEntry ],
         [ value |-> [newconf |-> {s1, s2}, learners |-> {}],
           term |-> 1,
           type |-> ConfigEntry ],
         [ value |-> [newconf |-> {s1, s2, s3}, learners |-> {}],
           term |-> 1,
           type |-> ConfigEntry ] >> @@
  s3 :>
      << [ value |-> [newconf |-> {s1}, learners |-> {}],
           term |-> 1,
           type |-> ConfigEntry ],
         [ value |-> [newconf |-> {s1, s2}, learners |-> {}],
           term |-> 1,
           type |-> ConfigEntry ],
         [ value |-> [newconf |-> {s1, s2, s3}, learners |-> {}],
           term |-> 1,
           type |-> ConfigEntry ] >> )
/\ nextIndex = ( s1 :> (s1 :> 1 @@ s2 :> 1 @@ s3 :> 1) @@
  s2 :> (s1 :> 1 @@ s2 :> 1 @@ s3 :> 1) @@
  s3 :> (s1 :> 1 @@ s2 :> 1 @@ s3 :> 1) )
/\ commitIndex = (s1 :> 3 @@ s2 :> 3 @@ s3 :> 3)
/\ inflights = ( s1 :> (s1 :> {} @@ s2 :> {} @@ s3 :> {}) @@
  s2 :> (s1 :> {} @@ s2 :> {} @@ s3 :> {}) @@
  s3 :> (s1 :> {} @@ s2 :> {} @@ s3 :> {}) )
/\ messages = <<>>
/\ currentTerm = (s1 :> 2 @@ s2 :> 1 @@ s3 :> 2)
/\ log = ( s1 :>
      [ offset |-> 1,
        entries |->
            << [ value |-> [newconf |-> {s1}, learners |-> {}],
                 term |-> 1,
                 type |-> ConfigEntry ],
               [ value |-> [newconf |-> {s1, s2}, learners |-> {}],
                 term |-> 1,
                 type |-> ConfigEntry ],
               [ value |-> [newconf |-> {s1, s2, s3}, learners |-> {}],
                 term |-> 1,
                 type |-> ConfigEntry ] >>,
        snapshotIndex |-> 0,
        snapshotTerm |-> 0 ] @@
  s2 :>
      [ offset |-> 1,
        entries |->
            << [ value |-> [newconf |-> {s1}, learners |-> {}],
                 term |-> 1,
                 type |-> ConfigEntry ],
               [ value |-> [newconf |-> {s1, s2}, learners |-> {}],
                 term |-> 1,
                 type |-> ConfigEntry ],
               [ value |-> [newconf |-> {s1, s2, s3}, learners |-> {}],
                 term |-> 1,
                 type |-> ConfigEntry ] >>,
        snapshotIndex |-> 0,
        snapshotTerm |-> 0 ] @@
  s3 :>
      [ offset |-> 3,
        entries |->
            << [ value |-> [newconf |-> {s1, s2, s3}, learners |-> {}],
                 term |-> 1,
                 type |-> ConfigEntry ] >>,
        snapshotIndex |-> 2,
        snapshotTerm |-> 1 ] )
/\ partitions = (s1 :> 0 @@ s2 :> 0 @@ s3 :> 0)
/\ votesGranted = (s1 :> {} @@ s2 :> {} @@ s3 :> {})
/\ pendingConfChangeIndex = (s1 :> 0 @@ s2 :> 0 @@ s3 :> 0)

@!@!@ENDMSG 2217 @!@!@
@!@!@STARTMSG 2217:4 @!@!@
7: <MCNextAsyncWithReady(s1) line 362, col 5 to line 362, col 35 of module MCetcdraft>
/\ progressState = ( s1 :> (s1 :> StateProbe @@ s2 :> StateProbe @@ s3 :> StateProbe) @@
  s2 :> (s1 :> StateProbe @@ s2 :> StateProbe @@ s3 :> StateProbe) @@
  s3 :> (s1 :> StateProbe @@ s2 :> StateProbe @@ s3 :> StateProbe) )
/\ msgSeqCounter = 1
/\ constraintCounters = [ timeout |-> 2,
  request |-> 0,
  restart |-> 1,
  drop |-> 0,
  duplicate |-> 0,
  heartbeat |-> 0,
  stepDown |-> 1,
  snapshot |-> 0,
  compact |-> 1,
  confChange |-> 0,
  reportUnreachable |-> 0,
  partition |-> 0 ]
/\ pendingMessages = <<>>
/\ appliedConfigIndex = (s1 :> 3 @@ s2 :> 3 @@ s3 :> 3)
/\ reconfigCount = 0
/\ votesResponded = (s1 :> {} @@ s2 :> {} @@ s3 :> {})
/\ msgAppFlowPaused = ( s1 :> (s1 :> FALSE @@ s2 :> FALSE @@ s3 :> FALSE) @@
  s2 :> (s1 :> FALSE @@ s2 :> FALSE @@ s3 :> FALSE) @@
  s3 :> (s1 :> FALSE @@ s2 :> FALSE @@ s3 :> FALSE) )
/\ state = (s1 :> Candidate @@ s2 :> Follower @@ s3 :> Follower)
/\ pendingSnapshot = ( s1 :> (s1 :> 0 @@ s2 :> 0 @@ s3 :> 0) @@
  s2 :> (s1 :> 0 @@ s2 :> 0 @@ s3 :> 0) @@
  s3 :> (s1 :> 0 @@ s2 :> 0 @@ s3 :> 0) )
/\ config = ( s1 :>
      [ learners |-> {},
        jointConfig |-> <<{s1, s2, s3}, {}>>,
        autoLeave |-> FALSE ] @@
  s2 :>
      [ learners |-> {},
        jointConfig |-> <<{s1, s2, s3}, {}>>,
        autoLeave |-> FALSE ] @@
  s3 :>
      [ learners |-> {},
        jointConfig |-> <<{s1, s2, s3}, {}>>,
        autoLeave |-> FALSE ] )
/\ matchIndex = ( s1 :> (s1 :> 0 @@ s2 :> 0 @@ s3 :> 0) @@
  s2 :> (s1 :> 0 @@ s2 :> 0 @@ s3 :> 0) @@
  s3 :> (s1 :> 0 @@ s2 :> 0 @@ s3 :> 0) )
/\ applied = (s1 :> 3 @@ s2 :> 0 @@ s3 :> 3)
/\ votedFor = (s1 :> s1 @@ s2 :> Nil @@ s3 :> s3)
/\ durableState = ( s1 :>
      [ currentTerm |-> 2,
        votedFor |-> s1,
        log |-> 3,
        entries |->
            << [ value |-> [newconf |-> {s1}, learners |-> {}],
                 term |-> 1,
                 type |-> ConfigEntry ],
               [ value |-> [newconf |-> {s1, s2}, learners |-> {}],
                 term |-> 1,
                 type |-> ConfigEntry ],
               [ value |-> [newconf |-> {s1, s2, s3}, learners |-> {}],
                 term |-> 1,
                 type |-> ConfigEntry ] >>,
        snapshotIndex |-> 0,
        snapshotTerm |-> 0,
        snapshotHistory |-> <<>>,
        commitIndex |-> 3,
        config |->
            [ learners |-> {},
              jointConfig |-> <<{s1, s2, s3}, {}>>,
              autoLeave |-> FALSE ] ] @@
  s2 :>
      [ currentTerm |-> 1,
        votedFor |-> Nil,
        log |-> 3,
        entries |->
            << [ value |-> [newconf |-> {s1}, learners |-> {}],
                 term |-> 1,
                 type |-> ConfigEntry ],
               [ value |-> [newconf |-> {s1, s2}, learners |-> {}],
                 term |-> 1,
                 type |-> ConfigEntry ],
               [ value |-> [newconf |-> {s1, s2, s3}, learners |-> {}],
                 term |-> 1,
                 type |-> ConfigEntry ] >>,
        snapshotIndex |-> 0,
        snapshotTerm |-> 0,
        commitIndex |-> 3,
        config |->
            [ learners |-> {},
              jointConfig |-> <<{s1, s2, s3}, {}>>,
              autoLeave |-> FALSE ],
        snapshotHistory |-> <<>> ] @@
  s3 :>
      [ currentTerm |-> 2,
        votedFor |-> s3,
        log |-> 3,
        entries |->
            << [ value |-> [newconf |-> {s1, s2, s3}, learners |-> {}],
                 term |-> 1,
                 type |-> ConfigEntry ] >>,
        snapshotIndex |-> 2,
        snapshotTerm |-> 1,
        commitIndex |-> 3,
        config |->
            [ learners |-> {},
              jointConfig |-> <<{s1, s2, s3}, {}>>,
              autoLeave |-> FALSE ],
        snapshotHistory |->
            << [ value |-> [newconf |-> {s1}, learners |-> {}],
                 term |-> 1,
                 type |-> ConfigEntry ],
               [ value |-> [newconf |-> {s1, s2}, learners |-> {}],
                 term |-> 1,
                 type |-> ConfigEntry ] >> ] )
/\ historyLog = ( s1 :>
      << [ value |-> [newconf |-> {s1}, learners |-> {}],
           term |-> 1,
           type |-> ConfigEntry ],
         [ value |-> [newconf |-> {s1, s2}, learners |-> {}],
           term |-> 1,
           type |-> ConfigEntry ],
         [ value |-> [newconf |-> {s1, s2, s3}, learners |-> {}],
           term |-> 1,
           type |-> ConfigEntry ] >> @@
  s2 :>
      << [ value |-> [newconf |-> {s1}, learners |-> {}],
           term |-> 1,
           type |-> ConfigEntry ],
         [ value |-> [newconf |-> {s1, s2}, learners |-> {}],
           term |-> 1,
           type |-> ConfigEntry ],
         [ value |-> [newconf |-> {s1, s2, s3}, learners |-> {}],
           term |-> 1,
           type |-> ConfigEntry ] >> @@
  s3 :>
      << [ value |-> [newconf |-> {s1}, learners |-> {}],
           term |-> 1,
           type |-> ConfigEntry ],
         [ value |-> [newconf |-> {s1, s2}, learners |-> {}],
           term |-> 1,
           type |-> ConfigEntry ],
         [ value |-> [newconf |-> {s1, s2, s3}, learners |-> {}],
           term |-> 1,
           type |-> ConfigEntry ] >> )
/\ nextIndex = ( s1 :> (s1 :> 1 @@ s2 :> 1 @@ s3 :> 1) @@
  s2 :> (s1 :> 1 @@ s2 :> 1 @@ s3 :> 1) @@
  s3 :> (s1 :> 1 @@ s2 :> 1 @@ s3 :> 1) )
/\ commitIndex = (s1 :> 3 @@ s2 :> 3 @@ s3 :> 3)
/\ inflights = ( s1 :> (s1 :> {} @@ s2 :> {} @@ s3 :> {}) @@
  s2 :> (s1 :> {} @@ s2 :> {} @@ s3 :> {}) @@
  s3 :> (s1 :> {} @@ s2 :> {} @@ s3 :> {}) )
/\ messages = ( [ mdest |-> s2,
    msource |-> s1,
    mterm |-> 2,
    mtype |-> RequestVoteRequest,
    mseq |-> 0,
    mlastLogTerm |-> 1,
    mlastLogIndex |-> 3 ] :>
      1 )
/\ currentTerm = (s1 :> 2 @@ s2 :> 1 @@ s3 :> 2)
/\ log = ( s1 :>
      [ offset |-> 1,
        entries |->
            << [ value |-> [newconf |-> {s1}, learners |-> {}],
                 term |-> 1,
                 type |-> ConfigEntry ],
               [ value |-> [newconf |-> {s1, s2}, learners |-> {}],
                 term |-> 1,
                 type |-> ConfigEntry ],
               [ value |-> [newconf |-> {s1, s2, s3}, learners |-> {}],
                 term |-> 1,
                 type |-> ConfigEntry ] >>,
        snapshotIndex |-> 0,
        snapshotTerm |-> 0 ] @@
  s2 :>
      [ offset |-> 1,
        entries |->
            << [ value |-> [newconf |-> {s1}, learners |-> {}],
                 term |-> 1,
                 type |-> ConfigEntry ],
               [ value |-> [newconf |-> {s1, s2}, learners |-> {}],
                 term |-> 1,
                 type |-> ConfigEntry ],
               [ value |-> [newconf |-> {s1, s2, s3}, learners |-> {}],
                 term |-> 1,
                 type |-> ConfigEntry ] >>,
        snapshotIndex |-> 0,
        snapshotTerm |-> 0 ] @@
  s3 :>
      [ offset |-> 3,
        entries |->
            << [ value |-> [newconf |-> {s1, s2, s3}, learners |-> {}],
                 term |-> 1,
                 type |-> ConfigEntry ] >>,
        snapshotIndex |-> 2,
        snapshotTerm |-> 1 ] )
/\ partitions = (s1 :> 0 @@ s2 :> 0 @@ s3 :> 0)
/\ votesGranted = (s1 :> {} @@ s2 :> {} @@ s3 :> {})
/\ pendingConfChangeIndex = (s1 :> 0 @@ s2 :> 0 @@ s3 :> 0)

@!@!@ENDMSG 2217 @!@!@
@!@!@STARTMSG 2217:4 @!@!@
8: <MCNextAsyncWithReady(s2) line 362, col 5 to line 362, col 35 of module MCetcdraft>
/\ progressState = ( s1 :> (s1 :> StateProbe @@ s2 :> StateProbe @@ s3 :> StateProbe) @@
  s2 :> (s1 :> StateProbe @@ s2 :> StateProbe @@ s3 :> StateProbe) @@
  s3 :> (s1 :> StateProbe @@ s2 :> StateProbe @@ s3 :> StateProbe) )
/\ msgSeqCounter = 2
/\ constraintCounters = [ timeout |-> 2,
  request |-> 0,
  restart |-> 1,
  drop |-> 0,
  duplicate |-> 0,
  heartbeat |-> 0,
  stepDown |-> 1,
  snapshot |-> 0,
  compact |-> 1,
  confChange |-> 0,
  reportUnreachable |-> 0,
  partition |-> 0 ]
/\ pendingMessages = <<>>
/\ appliedConfigIndex = (s1 :> 3 @@ s2 :> 3 @@ s3 :> 3)
/\ reconfigCount = 0
/\ votesResponded = (s1 :> {} @@ s2 :> {} @@ s3 :> {})
/\ msgAppFlowPaused = ( s1 :> (s1 :> FALSE @@ s2 :> FALSE @@ s3 :> FALSE) @@
  s2 :> (s1 :> FALSE @@ s2 :> FALSE @@ s3 :> FALSE) @@
  s3 :> (s1 :> FALSE @@ s2 :> FALSE @@ s3 :> FALSE) )
/\ state = (s1 :> Candidate @@ s2 :> Follower @@ s3 :> Follower)
/\ pendingSnapshot = ( s1 :> (s1 :> 0 @@ s2 :> 0 @@ s3 :> 0) @@
  s2 :> (s1 :> 0 @@ s2 :> 0 @@ s3 :> 0) @@
  s3 :> (s1 :> 0 @@ s2 :> 0 @@ s3 :> 0) )
/\ config = ( s1 :>
      [ learners |-> {},
        jointConfig |-> <<{s1, s2, s3}, {}>>,
        autoLeave |-> FALSE ] @@
  s2 :>
      [ learners |-> {},
        jointConfig |-> <<{s1, s2, s3}, {}>>,
        autoLeave |-> FALSE ] @@
  s3 :>
      [ learners |-> {},
        jointConfig |-> <<{s1, s2, s3}, {}>>,
        autoLeave |-> FALSE ] )
/\ matchIndex = ( s1 :> (s1 :> 0 @@ s2 :> 0 @@ s3 :> 0) @@
  s2 :> (s1 :> 0 @@ s2 :> 0 @@ s3 :> 0) @@
  s3 :> (s1 :> 0 @@ s2 :> 0 @@ s3 :> 0) )
/\ applied = (s1 :> 3 @@ s2 :> 0 @@ s3 :> 3)
/\ votedFor = (s1 :> s1 @@ s2 :> s1 @@ s3 :> s3)
/\ durableState = ( s1 :>
      [ currentTerm |-> 2,
        votedFor |-> s1,
        log |-> 3,
        entries |->
            << [ value |-> [newconf |-> {s1}, learners |-> {}],
                 term |-> 1,
                 type |-> ConfigEntry ],
               [ value |-> [newconf |-> {s1, s2}, learners |-> {}],
                 term |-> 1,
                 type |-> ConfigEntry ],
               [ value |-> [newconf |-> {s1, s2, s3}, learners |-> {}],
                 term |-> 1,
                 type |-> ConfigEntry ] >>,
        snapshotIndex |-> 0,
        snapshotTerm |-> 0,
        commitIndex |-> 3,
        config |->
            [ learners |-> {},
              jointConfig |-> <<{s1, s2, s3}, {}>>,
              autoLeave |-> FALSE ],
        snapshotHistory |-> <<>> ] @@
  s2 :>
      [ currentTerm |-> 2,
        votedFor |-> s1,
        log |-> 3,
        entries |->
            << [ value |-> [newconf |-> {s1}, learners |-> {}],
                 term |-> 1,
                 type |-> ConfigEntry ],
               [ value |-> [newconf |-> {s1, s2}, learners |-> {}],
                 term |-> 1,
                 type |-> ConfigEntry ],
               [ value |-> [newconf |-> {s1, s2, s3}, learners |-> {}],
                 term |-> 1,
                 type |-> ConfigEntry ] >>,
        snapshotIndex |-> 0,
        snapshotTerm |-> 0,
        commitIndex |-> 3,
        config |->
            [ learners |-> {},
              jointConfig |-> <<{s1, s2, s3}, {}>>,
              autoLeave |-> FALSE ],
        snapshotHistory |-> <<>> ] @@
  s3 :>
      [ currentTerm |-> 2,
        votedFor |-> s3,
        log |-> 3,
        entries |->
            << [ value |-> [newconf |-> {s1, s2, s3}, learners |-> {}],
                 term |-> 1,
                 type |-> ConfigEntry ] >>,
        snapshotIndex |-> 2,
        snapshotTerm |-> 1,
        commitIndex |-> 3,
        config |->
            [ learners |-> {},
              jointConfig |-> <<{s1, s2, s3}, {}>>,
              autoLeave |-> FALSE ],
        snapshotHistory |->
            << [ value |-> [newconf |-> {s1}, learners |-> {}],
                 term |-> 1,
                 type |-> ConfigEntry ],
               [ value |-> [newconf |-> {s1, s2}, learners |-> {}],
                 term |-> 1,
                 type |-> ConfigEntry ] >> ] )
/\ historyLog = ( s1 :>
      << [ value |-> [newconf |-> {s1}, learners |-> {}],
           term |-> 1,
           type |-> ConfigEntry ],
         [ value |-> [newconf |-> {s1, s2}, learners |-> {}],
           term |-> 1,
           type |-> ConfigEntry ],
         [ value |-> [newconf |-> {s1, s2, s3}, learners |-> {}],
           term |-> 1,
           type |-> ConfigEntry ] >> @@
  s2 :>
      << [ value |-> [newconf |-> {s1}, learners |-> {}],
           term |-> 1,
           type |-> ConfigEntry ],
         [ value |-> [newconf |-> {s1, s2}, learners |-> {}],
           term |-> 1,
           type |-> ConfigEntry ],
         [ value |-> [newconf |-> {s1, s2, s3}, learners |-> {}],
           term |-> 1,
           type |-> ConfigEntry ] >> @@
  s3 :>
      << [ value |-> [newconf |-> {s1}, learners |-> {}],
           term |-> 1,
           type |-> ConfigEntry ],
         [ value |-> [newconf |-> {s1, s2}, learners |-> {}],
           term |-> 1,
           type |-> ConfigEntry ],
         [ value |-> [newconf |-> {s1, s2, s3}, learners |-> {}],
           term |-> 1,
           type |-> ConfigEntry ] >> )
/\ nextIndex = ( s1 :> (s1 :> 1 @@ s2 :> 1 @@ s3 :> 1) @@
  s2 :> (s1 :> 1 @@ s2 :> 1 @@ s3 :> 1) @@
  s3 :> (s1 :> 1 @@ s2 :> 1 @@ s3 :> 1) )
/\ commitIndex = (s1 :> 3 @@ s2 :> 3 @@ s3 :> 3)
/\ inflights = ( s1 :> (s1 :> {} @@ s2 :> {} @@ s3 :> {}) @@
  s2 :> (s1 :> {} @@ s2 :> {} @@ s3 :> {}) @@
  s3 :> (s1 :> {} @@ s2 :> {} @@ s3 :> {}) )
/\ messages = ( [ mdest |-> s1,
    msource |-> s2,
    mterm |-> 2,
    mtype |-> RequestVoteResponse,
    mseq |-> 1,
    mvoteGranted |-> TRUE ] :>
      1 )
/\ currentTerm = (s1 :> 2 @@ s2 :> 2 @@ s3 :> 2)
/\ log = ( s1 :>
      [ offset |-> 1,
        entries |->
            << [ value |-> [newconf |-> {s1}, learners |-> {}],
                 term |-> 1,
                 type |-> ConfigEntry ],
               [ value |-> [newconf |-> {s1, s2}, learners |-> {}],
                 term |-> 1,
                 type |-> ConfigEntry ],
               [ value |-> [newconf |-> {s1, s2, s3}, learners |-> {}],
                 term |-> 1,
                 type |-> ConfigEntry ] >>,
        snapshotIndex |-> 0,
        snapshotTerm |-> 0 ] @@
  s2 :>
      [ offset |-> 1,
        entries |->
            << [ value |-> [newconf |-> {s1}, learners |-> {}],
                 term |-> 1,
                 type |-> ConfigEntry ],
               [ value |-> [newconf |-> {s1, s2}, learners |-> {}],
                 term |-> 1,
                 type |-> ConfigEntry ],
               [ value |-> [newconf |-> {s1, s2, s3}, learners |-> {}],
                 term |-> 1,
                 type |-> ConfigEntry ] >>,
        snapshotIndex |-> 0,
        snapshotTerm |-> 0 ] @@
  s3 :>
      [ offset |-> 3,
        entries |->
            << [ value |-> [newconf |-> {s1, s2, s3}, learners |-> {}],
                 term |-> 1,
                 type |-> ConfigEntry ] >>,
        snapshotIndex |-> 2,
        snapshotTerm |-> 1 ] )
/\ partitions = (s1 :> 0 @@ s2 :> 0 @@ s3 :> 0)
/\ votesGranted = (s1 :> {} @@ s2 :> {} @@ s3 :> {})
/\ pendingConfChangeIndex = (s1 :> 0 @@ s2 :> 0 @@ s3 :> 0)

@!@!@ENDMSG 2217 @!@!@
@!@!@STARTMSG 2217:4 @!@!@
9: <MCNextAsyncWithReady(s1) line 362, col 5 to line 362, col 35 of module MCetcdraft>
/\ progressState = ( s1 :> (s1 :> StateProbe @@ s2 :> StateProbe @@ s3 :> StateProbe) @@
  s2 :> (s1 :> StateProbe @@ s2 :> StateProbe @@ s3 :> StateProbe) @@
  s3 :> (s1 :> StateProbe @@ s2 :> StateProbe @@ s3 :> StateProbe) )
/\ msgSeqCounter = 3
/\ constraintCounters = [ timeout |-> 2,
  request |-> 0,
  restart |-> 1,
  drop |-> 0,
  duplicate |-> 0,
  heartbeat |-> 0,
  stepDown |-> 1,
  snapshot |-> 0,
  compact |-> 1,
  confChange |-> 0,
  reportUnreachable |-> 0,
  partition |-> 0 ]
/\ pendingMessages = <<>>
/\ appliedConfigIndex = (s1 :> 3 @@ s2 :> 3 @@ s3 :> 3)
/\ reconfigCount = 0
/\ votesResponded = (s1 :> {} @@ s2 :> {} @@ s3 :> {})
/\ msgAppFlowPaused = ( s1 :> (s1 :> FALSE @@ s2 :> FALSE @@ s3 :> FALSE) @@
  s2 :> (s1 :> FALSE @@ s2 :> FALSE @@ s3 :> FALSE) @@
  s3 :> (s1 :> FALSE @@ s2 :> FALSE @@ s3 :> FALSE) )
/\ state = (s1 :> Candidate @@ s2 :> Follower @@ s3 :> Follower)
/\ pendingSnapshot = ( s1 :> (s1 :> 0 @@ s2 :> 0 @@ s3 :> 0) @@
  s2 :> (s1 :> 0 @@ s2 :> 0 @@ s3 :> 0) @@
  s3 :> (s1 :> 0 @@ s2 :> 0 @@ s3 :> 0) )
/\ config = ( s1 :>
      [ learners |-> {},
        jointConfig |-> <<{s1, s2, s3}, {}>>,
        autoLeave |-> FALSE ] @@
  s2 :>
      [ learners |-> {},
        jointConfig |-> <<{s1, s2, s3}, {}>>,
        autoLeave |-> FALSE ] @@
  s3 :>
      [ learners |-> {},
        jointConfig |-> <<{s1, s2, s3}, {}>>,
        autoLeave |-> FALSE ] )
/\ matchIndex = ( s1 :> (s1 :> 0 @@ s2 :> 0 @@ s3 :> 0) @@
  s2 :> (s1 :> 0 @@ s2 :> 0 @@ s3 :> 0) @@
  s3 :> (s1 :> 0 @@ s2 :> 0 @@ s3 :> 0) )
/\ applied = (s1 :> 3 @@ s2 :> 0 @@ s3 :> 3)
/\ votedFor = (s1 :> s1 @@ s2 :> s1 @@ s3 :> s3)
/\ durableState = ( s1 :>
      [ currentTerm |-> 2,
        votedFor |-> s1,
        log |-> 3,
        entries |->
            << [ value |-> [newconf |-> {s1}, learners |-> {}],
                 term |-> 1,
                 type |-> ConfigEntry ],
               [ value |-> [newconf |-> {s1, s2}, learners |-> {}],
                 term |-> 1,
                 type |-> ConfigEntry ],
               [ value |-> [newconf |-> {s1, s2, s3}, learners |-> {}],
                 term |-> 1,
                 type |-> ConfigEntry ] >>,
        snapshotIndex |-> 0,
        snapshotTerm |-> 0,
        snapshotHistory |-> <<>>,
        commitIndex |-> 3,
        config |->
            [ learners |-> {},
              jointConfig |-> <<{s1, s2, s3}, {}>>,
              autoLeave |-> FALSE ] ] @@
  s2 :>
      [ currentTerm |-> 2,
        votedFor |-> s1,
        log |-> 3,
        entries |->
            << [ value |-> [newconf |-> {s1}, learners |-> {}],
                 term |-> 1,
                 type |-> ConfigEntry ],
               [ value |-> [newconf |-> {s1, s2}, learners |-> {}],
                 term |-> 1,
                 type |-> ConfigEntry ],
               [ value |-> [newconf |-> {s1, s2, s3}, learners |-> {}],
                 term |-> 1,
                 type |-> ConfigEntry ] >>,
        snapshotIndex |-> 0,
        snapshotTerm |-> 0,
        commitIndex |-> 3,
        config |->
            [ learners |-> {},
              jointConfig |-> <<{s1, s2, s3}, {}>>,
              autoLeave |-> FALSE ],
        snapshotHistory |-> <<>> ] @@
  s3 :>
      [ currentTerm |-> 2,
        votedFor |-> s3,
        log |-> 3,
        entries |->
            << [ value |-> [newconf |-> {s1, s2, s3}, learners |-> {}],
                 term |-> 1,
                 type |-> ConfigEntry ] >>,
        snapshotIndex |-> 2,
        snapshotTerm |-> 1,
        commitIndex |-> 3,
        config |->
            [ learners |-> {},
              jointConfig |-> <<{s1, s2, s3}, {}>>,
              autoLeave |-> FALSE ],
        snapshotHistory |->
            << [ value |-> [newconf |-> {s1}, learners |-> {}],
                 term |-> 1,
                 type |-> ConfigEntry ],
               [ value |-> [newconf |-> {s1, s2}, learners |-> {}],
                 term |-> 1,
                 type |-> ConfigEntry ] >> ] )
/\ historyLog = ( s1 :>
      << [ value |-> [newconf |-> {s1}, learners |-> {}],
           term |-> 1,
           type |-> ConfigEntry ],
         [ value |-> [newconf |-> {s1, s2}, learners |-> {}],
           term |-> 1,
           type |-> ConfigEntry ],
         [ value |-> [newconf |-> {s1, s2, s3}, learners |-> {}],
           term |-> 1,
           type |-> ConfigEntry ] >> @@
  s2 :>
      << [ value |-> [newconf |-> {s1}, learners |-> {}],
           term |-> 1,
           type |-> ConfigEntry ],
         [ value |-> [newconf |-> {s1, s2}, learners |-> {}],
           term |-> 1,
           type |-> ConfigEntry ],
         [ value |-> [newconf |-> {s1, s2, s3}, learners |-> {}],
           term |-> 1,
           type |-> ConfigEntry ] >> @@
  s3 :>
      << [ value |-> [newconf |-> {s1}, learners |-> {}],
           term |-> 1,
           type |-> ConfigEntry ],
         [ value |-> [newconf |-> {s1, s2}, learners |-> {}],
           term |-> 1,
           type |-> ConfigEntry ],
         [ value |-> [newconf |-> {s1, s2, s3}, learners |-> {}],
           term |-> 1,
           type |-> ConfigEntry ] >> )
/\ nextIndex = ( s1 :> (s1 :> 1 @@ s2 :> 1 @@ s3 :> 1) @@
  s2 :> (s1 :> 1 @@ s2 :> 1 @@ s3 :> 1) @@
  s3 :> (s1 :> 1 @@ s2 :> 1 @@ s3 :> 1) )
/\ commitIndex = (s1 :> 3 @@ s2 :> 3 @@ s3 :> 3)
/\ inflights = ( s1 :> (s1 :> {} @@ s2 :> {} @@ s3 :> {}) @@
  s2 :> (s1 :> {} @@ s2 :> {} @@ s3 :> {}) @@
  s3 :> (s1 :> {} @@ s2 :> {} @@ s3 :> {}) )
/\ messages = ( [ mdest |-> s1,
    msource |-> s2,
    mterm |-> 2,
    mtype |-> RequestVoteResponse,
    mseq |-> 1,
    mvoteGranted |-> TRUE ] :>
      1 @@
  [ mdest |-> s3,
    msource |-> s1,
    mterm |-> 2,
    mtype |-> RequestVoteRequest,
    mseq |-> 2,
    mlastLogTerm |-> 1,
    mlastLogIndex |-> 3 ] :>
      1 )
/\ currentTerm = (s1 :> 2 @@ s2 :> 2 @@ s3 :> 2)
/\ log = ( s1 :>
      [ offset |-> 1,
        entries |->
            << [ value |-> [newconf |-> {s1}, learners |-> {}],
                 term |-> 1,
                 type |-> ConfigEntry ],
               [ value |-> [newconf |-> {s1, s2}, learners |-> {}],
                 term |-> 1,
                 type |-> ConfigEntry ],
               [ value |-> [newconf |-> {s1, s2, s3}, learners |-> {}],
                 term |-> 1,
                 type |-> ConfigEntry ] >>,
        snapshotIndex |-> 0,
        snapshotTerm |-> 0 ] @@
  s2 :>
      [ offset |-> 1,
        entries |->
            << [ value |-> [newconf |-> {s1}, learners |-> {}],
                 term |-> 1,
                 type |-> ConfigEntry ],
               [ value |-> [newconf |-> {s1, s2}, learners |-> {}],
                 term |-> 1,
                 type |-> ConfigEntry ],
               [ value |-> [newconf |-> {s1, s2, s3}, learners |-> {}],
                 term |-> 1,
                 type |-> ConfigEntry ] >>,
        snapshotIndex |-> 0,
        snapshotTerm |-> 0 ] @@
  s3 :>
      [ offset |-> 3,
        entries |->
            << [ value |-> [newconf |-> {s1, s2, s3}, learners |-> {}],
                 term |-> 1,
                 type |-> ConfigEntry ] >>,
        snapshotIndex |-> 2,
        snapshotTerm |-> 1 ] )
/\ partitions = (s1 :> 0 @@ s2 :> 0 @@ s3 :> 0)
/\ votesGranted = (s1 :> {} @@ s2 :> {} @@ s3 :> {})
/\ pendingConfChangeIndex = (s1 :> 0 @@ s2 :> 0 @@ s3 :> 0)

@!@!@ENDMSG 2217 @!@!@
@!@!@STARTMSG 2217:4 @!@!@
10: <MCNextAsyncWithReady(s1) line 362, col 5 to line 362, col 35 of module MCetcdraft>
/\ progressState = ( s1 :> (s1 :> StateProbe @@ s2 :> StateProbe @@ s3 :> StateProbe) @@
  s2 :> (s1 :> StateProbe @@ s2 :> StateProbe @@ s3 :> StateProbe) @@
  s3 :> (s1 :> StateProbe @@ s2 :> StateProbe @@ s3 :> StateProbe) )
/\ msgSeqCounter = 3
/\ constraintCounters = [ timeout |-> 2,
  request |-> 0,
  restart |-> 1,
  drop |-> 0,
  duplicate |-> 0,
  heartbeat |-> 0,
  stepDown |-> 1,
  snapshot |-> 0,
  compact |-> 1,
  confChange |-> 0,
  reportUnreachable |-> 0,
  partition |-> 0 ]
/\ pendingMessages = <<>>
/\ appliedConfigIndex = (s1 :> 3 @@ s2 :> 3 @@ s3 :> 3)
/\ reconfigCount = 0
/\ votesResponded = (s1 :> {s2} @@ s2 :> {} @@ s3 :> {})
/\ msgAppFlowPaused = ( s1 :> (s1 :> FALSE @@ s2 :> FALSE @@ s3 :> FALSE) @@
  s2 :> (s1 :> FALSE @@ s2 :> FALSE @@ s3 :> FALSE) @@
  s3 :> (s1 :> FALSE @@ s2 :> FALSE @@ s3 :> FALSE) )
/\ state = (s1 :> Candidate @@ s2 :> Follower @@ s3 :> Follower)
/\ pendingSnapshot = ( s1 :> (s1 :> 0 @@ s2 :> 0 @@ s3 :> 0) @@
  s2 :> (s1 :> 0 @@ s2 :> 0 @@ s3 :> 0) @@
  s3 :> (s1 :> 0 @@ s2 :> 0 @@ s3 :> 0) )
/\ config = ( s1 :>
      [ learners |-> {},
        jointConfig |-> <<{s1, s2, s3}, {}>>,
        autoLeave |-> FALSE ] @@
  s2 :>
      [ learners |-> {},
        jointConfig |-> <<{s1, s2, s3}, {}>>,
        autoLeave |-> FALSE ] @@
  s3 :>
      [ learners |-> {},
        jointConfig |-> <<{s1, s2, s3}, {}>>,
        autoLeave |-> FALSE ] )
/\ matchIndex = ( s1 :> (s1 :> 0 @@ s2 :> 0 @@ s3 :> 0) @@
  s2 :> (s1 :> 0 @@ s2 :> 0 @@ s3 :> 0) @@
  s3 :> (s1 :> 0 @@ s2 :> 0 @@ s3 :> 0) )
/\ applied = (s1 :> 3 @@ s2 :> 0 @@ s3 :> 3)
/\ votedFor = (s1 :> s1 @@ s2 :> s1 @@ s3 :> s3)
/\ durableState = ( s1 :>
      [ currentTerm |-> 2,
        votedFor |-> s1,
        log |-> 3,
        entries |->
            << [ value |-> [newconf |-> {s1}, learners |-> {}],
                 term |-> 1,
                 type |-> ConfigEntry ],
               [ value |-> [newconf |-> {s1, s2}, learners |-> {}],
                 term |-> 1,
                 type |-> ConfigEntry ],
               [ value |-> [newconf |-> {s1, s2, s3}, learners |-> {}],
                 term |-> 1,
                 type |-> ConfigEntry ] >>,
        snapshotIndex |-> 0,
        snapshotTerm |-> 0,
        snapshotHistory |-> <<>>,
        commitIndex |-> 3,
        config |->
            [ learners |-> {},
              jointConfig |-> <<{s1, s2, s3}, {}>>,
              autoLeave |-> FALSE ] ] @@
  s2 :>
      [ currentTerm |-> 2,
        votedFor |-> s1,
        log |-> 3,
        entries |->
            << [ value |-> [newconf |-> {s1}, learners |-> {}],
                 term |-> 1,
                 type |-> ConfigEntry ],
               [ value |-> [newconf |-> {s1, s2}, learners |-> {}],
                 term |-> 1,
                 type |-> ConfigEntry ],
               [ value |-> [newconf |-> {s1, s2, s3}, learners |-> {}],
                 term |-> 1,
                 type |-> ConfigEntry ] >>,
        snapshotIndex |-> 0,
        snapshotTerm |-> 0,
        commitIndex |-> 3,
        config |->
            [ learners |-> {},
              jointConfig |-> <<{s1, s2, s3}, {}>>,
              autoLeave |-> FALSE ],
        snapshotHistory |-> <<>> ] @@
  s3 :>
      [ currentTerm |-> 2,
        votedFor |-> s3,
        log |-> 3,
        entries |->
            << [ value |-> [newconf |-> {s1, s2, s3}, learners |-> {}],
                 term |-> 1,
                 type |-> ConfigEntry ] >>,
        snapshotIndex |-> 2,
        snapshotTerm |-> 1,
        commitIndex |-> 3,
        config |->
            [ learners |-> {},
              jointConfig |-> <<{s1, s2, s3}, {}>>,
              autoLeave |-> FALSE ],
        snapshotHistory |->
            << [ value |-> [newconf |-> {s1}, learners |-> {}],
                 term |-> 1,
                 type |-> ConfigEntry ],
               [ value |-> [newconf |-> {s1, s2}, learners |-> {}],
                 term |-> 1,
                 type |-> ConfigEntry ] >> ] )
/\ historyLog = ( s1 :>
      << [ value |-> [newconf |-> {s1}, learners |-> {}],
           term |-> 1,
           type |-> ConfigEntry ],
         [ value |-> [newconf |-> {s1, s2}, learners |-> {}],
           term |-> 1,
           type |-> ConfigEntry ],
         [ value |-> [newconf |-> {s1, s2, s3}, learners |-> {}],
           term |-> 1,
           type |-> ConfigEntry ] >> @@
  s2 :>
      << [ value |-> [newconf |-> {s1}, learners |-> {}],
           term |-> 1,
           type |-> ConfigEntry ],
         [ value |-> [newconf |-> {s1, s2}, learners |-> {}],
           term |-> 1,
           type |-> ConfigEntry ],
         [ value |-> [newconf |-> {s1, s2, s3}, learners |-> {}],
           term |-> 1,
           type |-> ConfigEntry ] >> @@
  s3 :>
      << [ value |-> [newconf |-> {s1}, learners |-> {}],
           term |-> 1,
           type |-> ConfigEntry ],
         [ value |-> [newconf |-> {s1, s2}, learners |-> {}],
           term |-> 1,
           type |-> ConfigEntry ],
         [ value |-> [newconf |-> {s1, s2, s3}, learners |-> {}],
           term |-> 1,
           type |-> ConfigEntry ] >> )
/\ nextIndex = ( s1 :> (s1 :> 1 @@ s2 :> 1 @@ s3 :> 1) @@
  s2 :> (s1 :> 1 @@ s2 :> 1 @@ s3 :> 1) @@
  s3 :> (s1 :> 1 @@ s2 :> 1 @@ s3 :> 1) )
/\ commitIndex = (s1 :> 3 @@ s2 :> 3 @@ s3 :> 3)
/\ inflights = ( s1 :> (s1 :> {} @@ s2 :> {} @@ s3 :> {}) @@
  s2 :> (s1 :> {} @@ s2 :> {} @@ s3 :> {}) @@
  s3 :> (s1 :> {} @@ s2 :> {} @@ s3 :> {}) )
/\ messages = ( [ mdest |-> s3,
    msource |-> s1,
    mterm |-> 2,
    mtype |-> RequestVoteRequest,
    mseq |-> 2,
    mlastLogTerm |-> 1,
    mlastLogIndex |-> 3 ] :>
      1 )
/\ currentTerm = (s1 :> 2 @@ s2 :> 2 @@ s3 :> 2)
/\ log = ( s1 :>
      [ offset |-> 1,
        entries |->
            << [ value |-> [newconf |-> {s1}, learners |-> {}],
                 term |-> 1,
                 type |-> ConfigEntry ],
               [ value |-> [newconf |-> {s1, s2}, learners |-> {}],
                 term |-> 1,
                 type |-> ConfigEntry ],
               [ value |-> [newconf |-> {s1, s2, s3}, learners |-> {}],
                 term |-> 1,
                 type |-> ConfigEntry ] >>,
        snapshotIndex |-> 0,
        snapshotTerm |-> 0 ] @@
  s2 :>
      [ offset |-> 1,
        entries |->
            << [ value |-> [newconf |-> {s1}, learners |-> {}],
                 term |-> 1,
                 type |-> ConfigEntry ],
               [ value |-> [newconf |-> {s1, s2}, learners |-> {}],
                 term |-> 1,
                 type |-> ConfigEntry ],
               [ value |-> [newconf |-> {s1, s2, s3}, learners |-> {}],
                 term |-> 1,
                 type |-> ConfigEntry ] >>,
        snapshotIndex |-> 0,
        snapshotTerm |-> 0 ] @@
  s3 :>
      [ offset |-> 3,
        entries |->
            << [ value |-> [newconf |-> {s1, s2, s3}, learners |-> {}],
                 term |-> 1,
                 type |-> ConfigEntry ] >>,
        snapshotIndex |-> 2,
        snapshotTerm |-> 1 ] )
/\ partitions = (s1 :> 0 @@ s2 :> 0 @@ s3 :> 0)
/\ votesGranted = (s1 :> {s2} @@ s2 :> {} @@ s3 :> {})
/\ pendingConfChangeIndex = (s1 :> 0 @@ s2 :> 0 @@ s3 :> 0)

@!@!@ENDMSG 2217 @!@!@
@!@!@STARTMSG 2217:4 @!@!@
11: <MCNextAsyncWithReady(s1) line 362, col 5 to line 362, col 35 of module MCetcdraft>
/\ progressState = ( s1 :> (s1 :> StateProbe @@ s2 :> StateProbe @@ s3 :> StateProbe) @@
  s2 :> (s1 :> StateProbe @@ s2 :> StateProbe @@ s3 :> StateProbe) @@
  s3 :> (s1 :> StateProbe @@ s2 :> StateProbe @@ s3 :> StateProbe) )
/\ msgSeqCounter = 4
/\ constraintCounters = [ timeout |-> 2,
  request |-> 0,
  restart |-> 1,
  drop |-> 0,
  duplicate |-> 0,
  heartbeat |-> 0,
  stepDown |-> 1,
  snapshot |-> 0,
  compact |-> 1,
  confChange |-> 0,
  reportUnreachable |-> 0,
  partition |-> 0 ]
/\ pendingMessages = <<>>
/\ appliedConfigIndex = (s1 :> 3 @@ s2 :> 3 @@ s3 :> 3)
/\ reconfigCount = 0
/\ votesResponded = (s1 :> {s2} @@ s2 :> {} @@ s3 :> {})
/\ msgAppFlowPaused = ( s1 :> (s1 :> FALSE @@ s2 :> FALSE @@ s3 :> FALSE) @@
  s2 :> (s1 :> FALSE @@ s2 :> FALSE @@ s3 :> FALSE) @@
  s3 :> (s1 :> FALSE @@ s2 :> FALSE @@ s3 :> FALSE) )
/\ state = (s1 :> Candidate @@ s2 :> Follower @@ s3 :> Follower)
/\ pendingSnapshot = ( s1 :> (s1 :> 0 @@ s2 :> 0 @@ s3 :> 0) @@
  s2 :> (s1 :> 0 @@ s2 :> 0 @@ s3 :> 0) @@
  s3 :> (s1 :> 0 @@ s2 :> 0 @@ s3 :> 0) )
/\ config = ( s1 :>
      [ learners |-> {},
        jointConfig |-> <<{s1, s2, s3}, {}>>,
        autoLeave |-> FALSE ] @@
  s2 :>
      [ learners |-> {},
        jointConfig |-> <<{s1, s2, s3}, {}>>,
        autoLeave |-> FALSE ] @@
  s3 :>
      [ learners |-> {},
        jointConfig |-> <<{s1, s2, s3}, {}>>,
        autoLeave |-> FALSE ] )
/\ matchIndex = ( s1 :> (s1 :> 0 @@ s2 :> 0 @@ s3 :> 0) @@
  s2 :> (s1 :> 0 @@ s2 :> 0 @@ s3 :> 0) @@
  s3 :> (s1 :> 0 @@ s2 :> 0 @@ s3 :> 0) )
/\ applied = (s1 :> 3 @@ s2 :> 0 @@ s3 :> 3)
/\ votedFor = (s1 :> s1 @@ s2 :> s1 @@ s3 :> s3)
/\ durableState = ( s1 :>
      [ currentTerm |-> 2,
        votedFor |-> s1,
        log |-> 3,
        entries |->
            << [ value |-> [newconf |-> {s1}, learners |-> {}],
                 term |-> 1,
                 type |-> ConfigEntry ],
               [ value |-> [newconf |-> {s1, s2}, learners |-> {}],
                 term |-> 1,
                 type |-> ConfigEntry ],
               [ value |-> [newconf |-> {s1, s2, s3}, learners |-> {}],
                 term |-> 1,
                 type |-> ConfigEntry ] >>,
        snapshotIndex |-> 0,
        snapshotTerm |-> 0,
        snapshotHistory |-> <<>>,
        commitIndex |-> 3,
        config |->
            [ learners |-> {},
              jointConfig |-> <<{s1, s2, s3}, {}>>,
              autoLeave |-> FALSE ] ] @@
  s2 :>
      [ currentTerm |-> 2,
        votedFor |-> s1,
        log |-> 3,
        entries |->
            << [ value |-> [newconf |-> {s1}, learners |-> {}],
                 term |-> 1,
                 type |-> ConfigEntry ],
               [ value |-> [newconf |-> {s1, s2}, learners |-> {}],
                 term |-> 1,
                 type |-> ConfigEntry ],
               [ value |-> [newconf |-> {s1, s2, s3}, learners |-> {}],
                 term |-> 1,
                 type |-> ConfigEntry ] >>,
        snapshotIndex |-> 0,
        snapshotTerm |-> 0,
        commitIndex |-> 3,
        config |->
            [ learners |-> {},
              jointConfig |-> <<{s1, s2, s3}, {}>>,
              autoLeave |-> FALSE ],
        snapshotHistory |-> <<>> ] @@
  s3 :>
      [ currentTerm |-> 2,
        votedFor |-> s3,
        log |-> 3,
        entries |->
            << [ value |-> [newconf |-> {s1, s2, s3}, learners |-> {}],
                 term |-> 1,
                 type |-> ConfigEntry ] >>,
        snapshotIndex |-> 2,
        snapshotTerm |-> 1,
        commitIndex |-> 3,
        config |->
            [ learners |-> {},
              jointConfig |-> <<{s1, s2, s3}, {}>>,
              autoLeave |-> FALSE ],
        snapshotHistory |->
            << [ value |-> [newconf |-> {s1}, learners |-> {}],
                 term |-> 1,
                 type |-> ConfigEntry ],
               [ value |-> [newconf |-> {s1, s2}, learners |-> {}],
                 term |-> 1,
                 type |-> ConfigEntry ] >> ] )
/\ historyLog = ( s1 :>
      << [ value |-> [newconf |-> {s1}, learners |-> {}],
           term |-> 1,
           type |-> ConfigEntry ],
         [ value |-> [newconf |-> {s1, s2}, learners |-> {}],
           term |-> 1,
           type |-> ConfigEntry ],
         [ value |-> [newconf |-> {s1, s2, s3}, learners |-> {}],
           term |-> 1,
           type |-> ConfigEntry ] >> @@
  s2 :>
      << [ value |-> [newconf |-> {s1}, learners |-> {}],
           term |-> 1,
           type |-> ConfigEntry ],
         [ value |-> [newconf |-> {s1, s2}, learners |-> {}],
           term |-> 1,
           type |-> ConfigEntry ],
         [ value |-> [newconf |-> {s1, s2, s3}, learners |-> {}],
           term |-> 1,
           type |-> ConfigEntry ] >> @@
  s3 :>
      << [ value |-> [newconf |-> {s1}, learners |-> {}],
           term |-> 1,
           type |-> ConfigEntry ],
         [ value |-> [newconf |-> {s1, s2}, learners |-> {}],
           term |-> 1,
           type |-> ConfigEntry ],
         [ value |-> [newconf |-> {s1, s2, s3}, learners |-> {}],
           term |-> 1,
           type |-> ConfigEntry ] >> )
/\ nextIndex = ( s1 :> (s1 :> 1 @@ s2 :> 1 @@ s3 :> 1) @@
  s2 :> (s1 :> 1 @@ s2 :> 1 @@ s3 :> 1) @@
  s3 :> (s1 :> 1 @@ s2 :> 1 @@ s3 :> 1) )
/\ commitIndex = (s1 :> 3 @@ s2 :> 3 @@ s3 :> 3)
/\ inflights = ( s1 :> (s1 :> {} @@ s2 :> {} @@ s3 :> {}) @@
  s2 :> (s1 :> {} @@ s2 :> {} @@ s3 :> {}) @@
  s3 :> (s1 :> {} @@ s2 :> {} @@ s3 :> {}) )
/\ messages = ( [ mdest |-> s3,
    msource |-> s1,
    mterm |-> 2,
    mtype |-> RequestVoteRequest,
    mseq |-> 2,
    mlastLogTerm |-> 1,
    mlastLogIndex |-> 3 ] :>
      1 @@
  [ mdest |-> s3,
    msource |-> s1,
    mterm |-> 2,
    mtype |-> RequestVoteRequest,
    mseq |-> 3,
    mlastLogTerm |-> 1,
    mlastLogIndex |-> 3 ] :>
      1 )
/\ currentTerm = (s1 :> 2 @@ s2 :> 2 @@ s3 :> 2)
/\ log = ( s1 :>
      [ offset |-> 1,
        entries |->
            << [ value |-> [newconf |-> {s1}, learners |-> {}],
                 term |-> 1,
                 type |-> ConfigEntry ],
               [ value |-> [newconf |-> {s1, s2}, learners |-> {}],
                 term |-> 1,
                 type |-> ConfigEntry ],
               [ value |-> [newconf |-> {s1, s2, s3}, learners |-> {}],
                 term |-> 1,
                 type |-> ConfigEntry ] >>,
        snapshotIndex |-> 0,
        snapshotTerm |-> 0 ] @@
  s2 :>
      [ offset |-> 1,
        entries |->
            << [ value |-> [newconf |-> {s1}, learners |-> {}],
                 term |-> 1,
                 type |-> ConfigEntry ],
               [ value |-> [newconf |-> {s1, s2}, learners |-> {}],
                 term |-> 1,
                 type |-> ConfigEntry ],
               [ value |-> [newconf |-> {s1, s2, s3}, learners |-> {}],
                 term |-> 1,
                 type |-> ConfigEntry ] >>,
        snapshotIndex |-> 0,
        snapshotTerm |-> 0 ] @@
  s3 :>
      [ offset |-> 3,
        entries |->
            << [ value |-> [newconf |-> {s1, s2, s3}, learners |-> {}],
                 term |-> 1,
                 type |-> ConfigEntry ] >>,
        snapshotIndex |-> 2,
        snapshotTerm |-> 1 ] )
/\ partitions = (s1 :> 0 @@ s2 :> 0 @@ s3 :> 0)
/\ votesGranted = (s1 :> {s2} @@ s2 :> {} @@ s3 :> {})
/\ pendingConfChangeIndex = (s1 :> 0 @@ s2 :> 0 @@ s3 :> 0)

@!@!@ENDMSG 2217 @!@!@
@!@!@STARTMSG 2217:4 @!@!@
12: <MCNextUnreliable line 384, col 8 to line 386, col 27 of module MCetcdraft>
/\ progressState = ( s1 :> (s1 :> StateProbe @@ s2 :> StateProbe @@ s3 :> StateProbe) @@
  s2 :> (s1 :> StateProbe @@ s2 :> StateProbe @@ s3 :> StateProbe) @@
  s3 :> (s1 :> StateProbe @@ s2 :> StateProbe @@ s3 :> StateProbe) )
/\ msgSeqCounter = 4
/\ constraintCounters = [ timeout |-> 2,
  request |-> 0,
  restart |-> 1,
  drop |-> 1,
  duplicate |-> 0,
  heartbeat |-> 0,
  stepDown |-> 1,
  snapshot |-> 0,
  compact |-> 1,
  confChange |-> 0,
  reportUnreachable |-> 0,
  partition |-> 0 ]
/\ pendingMessages = <<>>
/\ appliedConfigIndex = (s1 :> 3 @@ s2 :> 3 @@ s3 :> 3)
/\ reconfigCount = 0
/\ votesResponded = (s1 :> {s2} @@ s2 :> {} @@ s3 :> {})
/\ msgAppFlowPaused = ( s1 :> (s1 :> FALSE @@ s2 :> FALSE @@ s3 :> FALSE) @@
  s2 :> (s1 :> FALSE @@ s2 :> FALSE @@ s3 :> FALSE) @@
  s3 :> (s1 :> FALSE @@ s2 :> FALSE @@ s3 :> FALSE) )
/\ state = (s1 :> Candidate @@ s2 :> Follower @@ s3 :> Follower)
/\ pendingSnapshot = ( s1 :> (s1 :> 0 @@ s2 :> 0 @@ s3 :> 0) @@
  s2 :> (s1 :> 0 @@ s2 :> 0 @@ s3 :> 0) @@
  s3 :> (s1 :> 0 @@ s2 :> 0 @@ s3 :> 0) )
/\ config = ( s1 :>
      [ learners |-> {},
        jointConfig |-> <<{s1, s2, s3}, {}>>,
        autoLeave |-> FALSE ] @@
  s2 :>
      [ learners |-> {},
        jointConfig |-> <<{s1, s2, s3}, {}>>,
        autoLeave |-> FALSE ] @@
  s3 :>
      [ learners |-> {},
        jointConfig |-> <<{s1, s2, s3}, {}>>,
        autoLeave |-> FALSE ] )
/\ matchIndex = ( s1 :> (s1 :> 0 @@ s2 :> 0 @@ s3 :> 0) @@
  s2 :> (s1 :> 0 @@ s2 :> 0 @@ s3 :> 0) @@
  s3 :> (s1 :> 0 @@ s2 :> 0 @@ s3 :> 0) )
/\ applied = (s1 :> 3 @@ s2 :> 0 @@ s3 :> 3)
/\ votedFor = (s1 :> s1 @@ s2 :> s1 @@ s3 :> s3)
/\ durableState = ( s1 :>
      [ currentTerm |-> 2,
        votedFor |-> s1,
        log |-> 3,
        entries |->
            << [ value |-> [newconf |-> {s1}, learners |-> {}],
                 term |-> 1,
                 type |-> ConfigEntry ],
               [ value |-> [newconf |-> {s1, s2}, learners |-> {}],
                 term |-> 1,
                 type |-> ConfigEntry ],
               [ value |-> [newconf |-> {s1, s2, s3}, learners |-> {}],
                 term |-> 1,
                 type |-> ConfigEntry ] >>,
        snapshotIndex |-> 0,
        snapshotTerm |-> 0,
        commitIndex |-> 3,
        config |->
            [ learners |-> {},
              jointConfig |-> <<{s1, s2, s3}, {}>>,
              autoLeave |-> FALSE ],
        snapshotHistory |-> <<>> ] @@
  s2 :>
      [ currentTerm |-> 2,
        votedFor |-> s1,
        log |-> 3,
        entries |->
            << [ value |-> [newconf |-> {s1}, learners |-> {}],
                 term |-> 1,
                 type |-> ConfigEntry ],
               [ value |-> [newconf |-> {s1, s2}, learners |-> {}],
                 term |-> 1,
                 type |-> ConfigEntry ],
               [ value |-> [newconf |-> {s1, s2, s3}, learners |-> {}],
                 term |-> 1,
                 type |-> ConfigEntry ] >>,
        snapshotIndex |-> 0,
        snapshotTerm |-> 0,
        commitIndex |-> 3,
        config |->
            [ learners |-> {},
              jointConfig |-> <<{s1, s2, s3}, {}>>,
              autoLeave |-> FALSE ],
        snapshotHistory |-> <<>> ] @@
  s3 :>
      [ currentTerm |-> 2,
        votedFor |-> s3,
        log |-> 3,
        entries |->
            << [ value |-> [newconf |-> {s1, s2, s3}, learners |-> {}],
                 term |-> 1,
                 type |-> ConfigEntry ] >>,
        snapshotIndex |-> 2,
        snapshotTerm |-> 1,
        commitIndex |-> 3,
        config |->
            [ learners |-> {},
              jointConfig |-> <<{s1, s2, s3}, {}>>,
              autoLeave |-> FALSE ],
        snapshotHistory |->
            << [ value |-> [newconf |-> {s1}, learners |-> {}],
                 term |-> 1,
                 type |-> ConfigEntry ],
               [ value |-> [newconf |-> {s1, s2}, learners |-> {}],
                 term |-> 1,
                 type |-> ConfigEntry ] >> ] )
/\ historyLog = ( s1 :>
      << [ value |-> [newconf |-> {s1}, learners |-> {}],
           term |-> 1,
           type |-> ConfigEntry ],
         [ value |-> [newconf |-> {s1, s2}, learners |-> {}],
           term |-> 1,
           type |-> ConfigEntry ],
         [ value |-> [newconf |-> {s1, s2, s3}, learners |-> {}],
           term |-> 1,
           type |-> ConfigEntry ] >> @@
  s2 :>
      << [ value |-> [newconf |-> {s1}, learners |-> {}],
           term |-> 1,
           type |-> ConfigEntry ],
         [ value |-> [newconf |-> {s1, s2}, learners |-> {}],
           term |-> 1,
           type |-> ConfigEntry ],
         [ value |-> [newconf |-> {s1, s2, s3}, learners |-> {}],
           term |-> 1,
           type |-> ConfigEntry ] >> @@
  s3 :>
      << [ value |-> [newconf |-> {s1}, learners |-> {}],
           term |-> 1,
           type |-> ConfigEntry ],
         [ value |-> [newconf |-> {s1, s2}, learners |-> {}],
           term |-> 1,
           type |-> ConfigEntry ],
         [ value |-> [newconf |-> {s1, s2, s3}, learners |-> {}],
           term |-> 1,
           type |-> ConfigEntry ] >> )
/\ nextIndex = ( s1 :> (s1 :> 1 @@ s2 :> 1 @@ s3 :> 1) @@
  s2 :> (s1 :> 1 @@ s2 :> 1 @@ s3 :> 1) @@
  s3 :> (s1 :> 1 @@ s2 :> 1 @@ s3 :> 1) )
/\ commitIndex = (s1 :> 3 @@ s2 :> 3 @@ s3 :> 3)
/\ inflights = ( s1 :> (s1 :> {} @@ s2 :> {} @@ s3 :> {}) @@
  s2 :> (s1 :> {} @@ s2 :> {} @@ s3 :> {}) @@
  s3 :> (s1 :> {} @@ s2 :> {} @@ s3 :> {}) )
/\ messages = ( [ mdest |-> s3,
    msource |-> s1,
    mterm |-> 2,
    mtype |-> RequestVoteRequest,
    mseq |-> 2,
    mlastLogTerm |-> 1,
    mlastLogIndex |-> 3 ] :>
      1 )
/\ currentTerm = (s1 :> 2 @@ s2 :> 2 @@ s3 :> 2)
/\ log = ( s1 :>
      [ offset |-> 1,
        entries |->
            << [ value |-> [newconf |-> {s1}, learners |-> {}],
                 term |-> 1,
                 type |-> ConfigEntry ],
               [ value |-> [newconf |-> {s1, s2}, learners |-> {}],
                 term |-> 1,
                 type |-> ConfigEntry ],
               [ value |-> [newconf |-> {s1, s2, s3}, learners |-> {}],
                 term |-> 1,
                 type |-> ConfigEntry ] >>,
        snapshotIndex |-> 0,
        snapshotTerm |-> 0 ] @@
  s2 :>
      [ offset |-> 1,
        entries |->
            << [ value |-> [newconf |-> {s1}, learners |-> {}],
                 term |-> 1,
                 type |-> ConfigEntry ],
               [ value |-> [newconf |-> {s1, s2}, learners |-> {}],
                 term |-> 1,
                 type |-> ConfigEntry ],
               [ value |-> [newconf |-> {s1, s2, s3}, learners |-> {}],
                 term |-> 1,
                 type |-> ConfigEntry ] >>,
        snapshotIndex |-> 0,
        snapshotTerm |-> 0 ] @@
  s3 :>
      [ offset |-> 3,
        entries |->
            << [ value |-> [newconf |-> {s1, s2, s3}, learners |-> {}],
                 term |-> 1,
                 type |-> ConfigEntry ] >>,
        snapshotIndex |-> 2,
        snapshotTerm |-> 1 ] )
/\ partitions = (s1 :> 0 @@ s2 :> 0 @@ s3 :> 0)
/\ votesGranted = (s1 :> {s2} @@ s2 :> {} @@ s3 :> {})
/\ pendingConfChangeIndex = (s1 :> 0 @@ s2 :> 0 @@ s3 :> 0)

@!@!@ENDMSG 2217 @!@!@
@!@!@STARTMSG 2217:4 @!@!@
13: <MCNextAsyncWithReady(s1) line 362, col 5 to line 362, col 35 of module MCetcdraft>
/\ progressState = ( s1 :> (s1 :> StateProbe @@ s2 :> StateProbe @@ s3 :> StateProbe) @@
  s2 :> (s1 :> StateProbe @@ s2 :> StateProbe @@ s3 :> StateProbe) @@
  s3 :> (s1 :> StateProbe @@ s2 :> StateProbe @@ s3 :> StateProbe) )
/\ msgSeqCounter = 5
/\ constraintCounters = [ timeout |-> 2,
  request |-> 0,
  restart |-> 1,
  drop |-> 1,
  duplicate |-> 0,
  heartbeat |-> 0,
  stepDown |-> 1,
  snapshot |-> 0,
  compact |-> 1,
  confChange |-> 0,
  reportUnreachable |-> 0,
  partition |-> 0 ]
/\ pendingMessages = <<>>
/\ appliedConfigIndex = (s1 :> 3 @@ s2 :> 3 @@ s3 :> 3)
/\ reconfigCount = 0
/\ votesResponded = (s1 :> {s2} @@ s2 :> {} @@ s3 :> {})
/\ msgAppFlowPaused = ( s1 :> (s1 :> FALSE @@ s2 :> FALSE @@ s3 :> FALSE) @@
  s2 :> (s1 :> FALSE @@ s2 :> FALSE @@ s3 :> FALSE) @@
  s3 :> (s1 :> FALSE @@ s2 :> FALSE @@ s3 :> FALSE) )
/\ state = (s1 :> Candidate @@ s2 :> Follower @@ s3 :> Follower)
/\ pendingSnapshot = ( s1 :> (s1 :> 0 @@ s2 :> 0 @@ s3 :> 0) @@
  s2 :> (s1 :> 0 @@ s2 :> 0 @@ s3 :> 0) @@
  s3 :> (s1 :> 0 @@ s2 :> 0 @@ s3 :> 0) )
/\ config = ( s1 :>
      [ learners |-> {},
        jointConfig |-> <<{s1, s2, s3}, {}>>,
        autoLeave |-> FALSE ] @@
  s2 :>
      [ learners |-> {},
        jointConfig |-> <<{s1, s2, s3}, {}>>,
        autoLeave |-> FALSE ] @@
  s3 :>
      [ learners |-> {},
        jointConfig |-> <<{s1, s2, s3}, {}>>,
        autoLeave |-> FALSE ] )
/\ matchIndex = ( s1 :> (s1 :> 0 @@ s2 :> 0 @@ s3 :> 0) @@
  s2 :> (s1 :> 0 @@ s2 :> 0 @@ s3 :> 0) @@
  s3 :> (s1 :> 0 @@ s2 :> 0 @@ s3 :> 0) )
/\ applied = (s1 :> 3 @@ s2 :> 0 @@ s3 :> 3)
/\ votedFor = (s1 :> s1 @@ s2 :> s1 @@ s3 :> s3)
/\ durableState = ( s1 :>
      [ currentTerm |-> 2,
        votedFor |-> s1,
        log |-> 3,
        entries |->
            << [ value |-> [newconf |-> {s1}, learners |-> {}],
                 term |-> 1,
                 type |-> ConfigEntry ],
               [ value |-> [newconf |-> {s1, s2}, learners |-> {}],
                 term |-> 1,
                 type |-> ConfigEntry ],
               [ value |-> [newconf |-> {s1, s2, s3}, learners |-> {}],
                 term |-> 1,
                 type |-> ConfigEntry ] >>,
        snapshotIndex |-> 0,
        snapshotTerm |-> 0,
        snapshotHistory |-> <<>>,
        commitIndex |-> 3,
        config |->
            [ learners |-> {},
              jointConfig |-> <<{s1, s2, s3}, {}>>,
              autoLeave |-> FALSE ] ] @@
  s2 :>
      [ currentTerm |-> 2,
        votedFor |-> s1,
        log |-> 3,
        entries |->
            << [ value |-> [newconf |-> {s1}, learners |-> {}],
                 term |-> 1,
                 type |-> ConfigEntry ],
               [ value |-> [newconf |-> {s1, s2}, learners |-> {}],
                 term |-> 1,
                 type |-> ConfigEntry ],
               [ value |-> [newconf |-> {s1, s2, s3}, learners |-> {}],
                 term |-> 1,
                 type |-> ConfigEntry ] >>,
        snapshotIndex |-> 0,
        snapshotTerm |-> 0,
        commitIndex |-> 3,
        config |->
            [ learners |-> {},
              jointConfig |-> <<{s1, s2, s3}, {}>>,
              autoLeave |-> FALSE ],
        snapshotHistory |-> <<>> ] @@
  s3 :>
      [ currentTerm |-> 2,
        votedFor |-> s3,
        log |-> 3,
        entries |->
            << [ value |-> [newconf |-> {s1, s2, s3}, learners |-> {}],
                 term |-> 1,
                 type |-> ConfigEntry ] >>,
        snapshotIndex |-> 2,
        snapshotTerm |-> 1,
        commitIndex |-> 3,
        config |->
            [ learners |-> {},
              jointConfig |-> <<{s1, s2, s3}, {}>>,
              autoLeave |-> FALSE ],
        snapshotHistory |->
            << [ value |-> [newconf |-> {s1}, learners |-> {}],
                 term |-> 1,
                 type |-> ConfigEntry ],
               [ value |-> [newconf |-> {s1, s2}, learners |-> {}],
                 term |-> 1,
                 type |-> ConfigEntry ] >> ] )
/\ historyLog = ( s1 :>
      << [ value |-> [newconf |-> {s1}, learners |-> {}],
           term |-> 1,
           type |-> ConfigEntry ],
         [ value |-> [newconf |-> {s1, s2}, learners |-> {}],
           term |-> 1,
           type |-> ConfigEntry ],
         [ value |-> [newconf |-> {s1, s2, s3}, learners |-> {}],
           term |-> 1,
           type |-> ConfigEntry ] >> @@
  s2 :>
      << [ value |-> [newconf |-> {s1}, learners |-> {}],
           term |-> 1,
           type |-> ConfigEntry ],
         [ value |-> [newconf |-> {s1, s2}, learners |-> {}],
           term |-> 1,
           type |-> ConfigEntry ],
         [ value |-> [newconf |-> {s1, s2, s3}, learners |-> {}],
           term |-> 1,
           type |-> ConfigEntry ] >> @@
  s3 :>
      << [ value |-> [newconf |-> {s1}, learners |-> {}],
           term |-> 1,
           type |-> ConfigEntry ],
         [ value |-> [newconf |-> {s1, s2}, learners |-> {}],
           term |-> 1,
           type |-> ConfigEntry ],
         [ value |-> [newconf |-> {s1, s2, s3}, learners |-> {}],
           term |-> 1,
           type |-> ConfigEntry ] >> )
/\ nextIndex = ( s1 :> (s1 :> 1 @@ s2 :> 1 @@ s3 :> 1) @@
  s2 :> (s1 :> 1 @@ s2 :> 1 @@ s3 :> 1) @@
  s3 :> (s1 :> 1 @@ s2 :> 1 @@ s3 :> 1) )
/\ commitIndex = (s1 :> 3 @@ s2 :> 3 @@ s3 :> 3)
/\ inflights = ( s1 :> (s1 :> {} @@ s2 :> {} @@ s3 :> {}) @@
  s2 :> (s1 :> {} @@ s2 :> {} @@ s3 :> {}) @@
  s3 :> (s1 :> {} @@ s2 :> {} @@ s3 :> {}) )
/\ messages = ( [ mdest |-> s3,
    msource |-> s1,
    mterm |-> 2,
    mtype |-> RequestVoteRequest,
    mseq |-> 2,
    mlastLogTerm |-> 1,
    mlastLogIndex |-> 3 ] :>
      1 @@
  [ mdest |-> s3,
    msource |-> s1,
    mterm |-> 2,
    mtype |-> RequestVoteRequest,
    mseq |-> 4,
    mlastLogTerm |-> 1,
    mlastLogIndex |-> 3 ] :>
      1 )
/\ currentTerm = (s1 :> 2 @@ s2 :> 2 @@ s3 :> 2)
/\ log = ( s1 :>
      [ offset |-> 1,
        entries |->
            << [ value |-> [newconf |-> {s1}, learners |-> {}],
                 term |-> 1,
                 type |-> ConfigEntry ],
               [ value |-> [newconf |-> {s1, s2}, learners |-> {}],
                 term |-> 1,
                 type |-> ConfigEntry ],
               [ value |-> [newconf |-> {s1, s2, s3}, learners |-> {}],
                 term |-> 1,
                 type |-> ConfigEntry ] >>,
        snapshotIndex |-> 0,
        snapshotTerm |-> 0 ] @@
  s2 :>
      [ offset |-> 1,
        entries |->
            << [ value |-> [newconf |-> {s1}, learners |-> {}],
                 term |-> 1,
                 type |-> ConfigEntry ],
               [ value |-> [newconf |-> {s1, s2}, learners |-> {}],
                 term |-> 1,
                 type |-> ConfigEntry ],
               [ value |-> [newconf |-> {s1, s2, s3}, learners |-> {}],
                 term |-> 1,
                 type |-> ConfigEntry ] >>,
        snapshotIndex |-> 0,
        snapshotTerm |-> 0 ] @@
  s3 :>
      [ offset |-> 3,
        entries |->
            << [ value |-> [newconf |-> {s1, s2, s3}, learners |-> {}],
                 term |-> 1,
                 type |-> ConfigEntry ] >>,
        snapshotIndex |-> 2,
        snapshotTerm |-> 1 ] )
/\ partitions = (s1 :> 0 @@ s2 :> 0 @@ s3 :> 0)
/\ votesGranted = (s1 :> {s2} @@ s2 :> {} @@ s3 :> {})
/\ pendingConfChangeIndex = (s1 :> 0 @@ s2 :> 0 @@ s3 :> 0)

@!@!@ENDMSG 2217 @!@!@
@!@!@STARTMSG 2217:4 @!@!@
14: <MCNextAsyncWithReady(s1) line 362, col 5 to line 362, col 35 of module MCetcdraft>
/\ progressState = ( s1 :> (s1 :> StateProbe @@ s2 :> StateProbe @@ s3 :> StateProbe) @@
  s2 :> (s1 :> StateProbe @@ s2 :> StateProbe @@ s3 :> StateProbe) @@
  s3 :> (s1 :> StateProbe @@ s2 :> StateProbe @@ s3 :> StateProbe) )
/\ msgSeqCounter = 6
/\ constraintCounters = [ timeout |-> 2,
  request |-> 0,
  restart |-> 1,
  drop |-> 1,
  duplicate |-> 0,
  heartbeat |-> 0,
  stepDown |-> 1,
  snapshot |-> 0,
  compact |-> 1,
  confChange |-> 0,
  reportUnreachable |-> 0,
  partition |-> 0 ]
/\ pendingMessages = <<>>
/\ appliedConfigIndex = (s1 :> 3 @@ s2 :> 3 @@ s3 :> 3)
/\ reconfigCount = 0
/\ votesResponded = (s1 :> {s2} @@ s2 :> {} @@ s3 :> {})
/\ msgAppFlowPaused = ( s1 :> (s1 :> FALSE @@ s2 :> FALSE @@ s3 :> FALSE) @@
  s2 :> (s1 :> FALSE @@ s2 :> FALSE @@ s3 :> FALSE) @@
  s3 :> (s1 :> FALSE @@ s2 :> FALSE @@ s3 :> FALSE) )
/\ state = (s1 :> Candidate @@ s2 :> Follower @@ s3 :> Follower)
/\ pendingSnapshot = ( s1 :> (s1 :> 0 @@ s2 :> 0 @@ s3 :> 0) @@
  s2 :> (s1 :> 0 @@ s2 :> 0 @@ s3 :> 0) @@
  s3 :> (s1 :> 0 @@ s2 :> 0 @@ s3 :> 0) )
/\ config = ( s1 :>
      [ learners |-> {},
        jointConfig |-> <<{s1, s2, s3}, {}>>,
        autoLeave |-> FALSE ] @@
  s2 :>
      [ learners |-> {},
        jointConfig |-> <<{s1, s2, s3}, {}>>,
        autoLeave |-> FALSE ] @@
  s3 :>
      [ learners |-> {},
        jointConfig |-> <<{s1, s2, s3}, {}>>,
        autoLeave |-> FALSE ] )
/\ matchIndex = ( s1 :> (s1 :> 0 @@ s2 :> 0 @@ s3 :> 0) @@
  s2 :> (s1 :> 0 @@ s2 :> 0 @@ s3 :> 0) @@
  s3 :> (s1 :> 0 @@ s2 :> 0 @@ s3 :> 0) )
/\ applied = (s1 :> 3 @@ s2 :> 0 @@ s3 :> 3)
/\ votedFor = (s1 :> s1 @@ s2 :> s1 @@ s3 :> s3)
/\ durableState = ( s1 :>
      [ currentTerm |-> 2,
        votedFor |-> s1,
        log |-> 3,
        entries |->
            << [ value |-> [newconf |-> {s1}, learners |-> {}],
                 term |-> 1,
                 type |-> ConfigEntry ],
               [ value |-> [newconf |-> {s1, s2}, learners |-> {}],
                 term |-> 1,
                 type |-> ConfigEntry ],
               [ value |-> [newconf |-> {s1, s2, s3}, learners |-> {}],
                 term |-> 1,
                 type |-> ConfigEntry ] >>,
        snapshotIndex |-> 0,
        snapshotTerm |-> 0,
        snapshotHistory |-> <<>>,
        commitIndex |-> 3,
        config |->
            [ learners |-> {},
              jointConfig |-> <<{s1, s2, s3}, {}>>,
              autoLeave |-> FALSE ] ] @@
  s2 :>
      [ currentTerm |-> 2,
        votedFor |-> s1,
        log |-> 3,
        entries |->
            << [ value |-> [newconf |-> {s1}, learners |-> {}],
                 term |-> 1,
                 type |-> ConfigEntry ],
               [ value |-> [newconf |-> {s1, s2}, learners |-> {}],
                 term |-> 1,
                 type |-> ConfigEntry ],
               [ value |-> [newconf |-> {s1, s2, s3}, learners |-> {}],
                 term |-> 1,
                 type |-> ConfigEntry ] >>,
        snapshotIndex |-> 0,
        snapshotTerm |-> 0,
        commitIndex |-> 3,
        config |->
            [ learners |-> {},
              jointConfig |-> <<{s1, s2, s3}, {}>>,
              autoLeave |-> FALSE ],
        snapshotHistory |-> <<>> ] @@
  s3 :>
      [ currentTerm |-> 2,
        votedFor |-> s3,
        log |-> 3,
        entries |->
            << [ value |-> [newconf |-> {s1, s2, s3}, learners |-> {}],
                 term |-> 1,
                 type |-> ConfigEntry ] >>,
        snapshotIndex |-> 2,
        snapshotTerm |-> 1,
        commitIndex |-> 3,
        config |->
            [ learners |-> {},
              jointConfig |-> <<{s1, s2, s3}, {}>>,
              autoLeave |-> FALSE ],
        snapshotHistory |->
            << [ value |-> [newconf |-> {s1}, learners |-> {}],
                 term |-> 1,
                 type |-> ConfigEntry ],
               [ value |-> [newconf |-> {s1, s2}, learners |-> {}],
                 term |-> 1,
                 type |-> ConfigEntry ] >> ] )
/\ historyLog = ( s1 :>
      << [ value |-> [newconf |-> {s1}, learners |-> {}],
           term |-> 1,
           type |-> ConfigEntry ],
         [ value |-> [newconf |-> {s1, s2}, learners |-> {}],
           term |-> 1,
           type |-> ConfigEntry ],
         [ value |-> [newconf |-> {s1, s2, s3}, learners |-> {}],
           term |-> 1,
           type |-> ConfigEntry ] >> @@
  s2 :>
      << [ value |-> [newconf |-> {s1}, learners |-> {}],
           term |-> 1,
           type |-> ConfigEntry ],
         [ value |-> [newconf |-> {s1, s2}, learners |-> {}],
           term |-> 1,
           type |-> ConfigEntry ],
         [ value |-> [newconf |-> {s1, s2, s3}, learners |-> {}],
           term |-> 1,
           type |-> ConfigEntry ] >> @@
  s3 :>
      << [ value |-> [newconf |-> {s1}, learners |-> {}],
           term |-> 1,
           type |-> ConfigEntry ],
         [ value |-> [newconf |-> {s1, s2}, learners |-> {}],
           term |-> 1,
           type |-> ConfigEntry ],
         [ value |-> [newconf |-> {s1, s2, s3}, learners |-> {}],
           term |-> 1,
           type |-> ConfigEntry ] >> )
/\ nextIndex = ( s1 :> (s1 :> 1 @@ s2 :> 1 @@ s3 :> 1) @@
  s2 :> (s1 :> 1 @@ s2 :> 1 @@ s3 :> 1) @@
  s3 :> (s1 :> 1 @@ s2 :> 1 @@ s3 :> 1) )
/\ commitIndex = (s1 :> 3 @@ s2 :> 3 @@ s3 :> 3)
/\ inflights = ( s1 :> (s1 :> {} @@ s2 :> {} @@ s3 :> {}) @@
  s2 :> (s1 :> {} @@ s2 :> {} @@ s3 :> {}) @@
  s3 :> (s1 :> {} @@ s2 :> {} @@ s3 :> {}) )
/\ messages = ( [ mdest |-> s1,
    msource |-> s1,
    mterm |-> 2,
    mtype |-> RequestVoteResponse,
    mseq |-> 5,
    mvoteGranted |-> TRUE ] :>
      1 @@
  [ mdest |-> s3,
    msource |-> s1,
    mterm |-> 2,
    mtype |-> RequestVoteRequest,
    mseq |-> 2,
    mlastLogTerm |-> 1,
    mlastLogIndex |-> 3 ] :>
      1 @@
  [ mdest |-> s3,
    msource |-> s1,
    mterm |-> 2,
    mtype |-> RequestVoteRequest,
    mseq |-> 4,
    mlastLogTerm |-> 1,
    mlastLogIndex |-> 3 ] :>
      1 )
/\ currentTerm = (s1 :> 2 @@ s2 :> 2 @@ s3 :> 2)
/\ log = ( s1 :>
      [ offset |-> 1,
        entries |->
            << [ value |-> [newconf |-> {s1}, learners |-> {}],
                 term |-> 1,
                 type |-> ConfigEntry ],
               [ value |-> [newconf |-> {s1, s2}, learners |-> {}],
                 term |-> 1,
                 type |-> ConfigEntry ],
               [ value |-> [newconf |-> {s1, s2, s3}, learners |-> {}],
                 term |-> 1,
                 type |-> ConfigEntry ] >>,
        snapshotIndex |-> 0,
        snapshotTerm |-> 0 ] @@
  s2 :>
      [ offset |-> 1,
        entries |->
            << [ value |-> [newconf |-> {s1}, learners |-> {}],
                 term |-> 1,
                 type |-> ConfigEntry ],
               [ value |-> [newconf |-> {s1, s2}, learners |-> {}],
                 term |-> 1,
                 type |-> ConfigEntry ],
               [ value |-> [newconf |-> {s1, s2, s3}, learners |-> {}],
                 term |-> 1,
                 type |-> ConfigEntry ] >>,
        snapshotIndex |-> 0,
        snapshotTerm |-> 0 ] @@
  s3 :>
      [ offset |-> 3,
        entries |->
            << [ value |-> [newconf |-> {s1, s2, s3}, learners |-> {}],
                 term |-> 1,
                 type |-> ConfigEntry ] >>,
        snapshotIndex |-> 2,
        snapshotTerm |-> 1 ] )
/\ partitions = (s1 :> 0 @@ s2 :> 0 @@ s3 :> 0)
/\ votesGranted = (s1 :> {s2} @@ s2 :> {} @@ s3 :> {})
/\ pendingConfChangeIndex = (s1 :> 0 @@ s2 :> 0 @@ s3 :> 0)

@!@!@ENDMSG 2217 @!@!@
@!@!@STARTMSG 2217:4 @!@!@
15: <MCNextUnreliable line 384, col 8 to line 386, col 27 of module MCetcdraft>
/\ progressState = ( s1 :> (s1 :> StateProbe @@ s2 :> StateProbe @@ s3 :> StateProbe) @@
  s2 :> (s1 :> StateProbe @@ s2 :> StateProbe @@ s3 :> StateProbe) @@
  s3 :> (s1 :> StateProbe @@ s2 :> StateProbe @@ s3 :> StateProbe) )
/\ msgSeqCounter = 6
/\ constraintCounters = [ timeout |-> 2,
  request |-> 0,
  restart |-> 1,
  drop |-> 2,
  duplicate |-> 0,
  heartbeat |-> 0,
  stepDown |-> 1,
  snapshot |-> 0,
  compact |-> 1,
  confChange |-> 0,
  reportUnreachable |-> 0,
  partition |-> 0 ]
/\ pendingMessages = <<>>
/\ appliedConfigIndex = (s1 :> 3 @@ s2 :> 3 @@ s3 :> 3)
/\ reconfigCount = 0
/\ votesResponded = (s1 :> {s2} @@ s2 :> {} @@ s3 :> {})
/\ msgAppFlowPaused = ( s1 :> (s1 :> FALSE @@ s2 :> FALSE @@ s3 :> FALSE) @@
  s2 :> (s1 :> FALSE @@ s2 :> FALSE @@ s3 :> FALSE) @@
  s3 :> (s1 :> FALSE @@ s2 :> FALSE @@ s3 :> FALSE) )
/\ state = (s1 :> Candidate @@ s2 :> Follower @@ s3 :> Follower)
/\ pendingSnapshot = ( s1 :> (s1 :> 0 @@ s2 :> 0 @@ s3 :> 0) @@
  s2 :> (s1 :> 0 @@ s2 :> 0 @@ s3 :> 0) @@
  s3 :> (s1 :> 0 @@ s2 :> 0 @@ s3 :> 0) )
/\ config = ( s1 :>
      [ learners |-> {},
        jointConfig |-> <<{s1, s2, s3}, {}>>,
        autoLeave |-> FALSE ] @@
  s2 :>
      [ learners |-> {},
        jointConfig |-> <<{s1, s2, s3}, {}>>,
        autoLeave |-> FALSE ] @@
  s3 :>
      [ learners |-> {},
        jointConfig |-> <<{s1, s2, s3}, {}>>,
        autoLeave |-> FALSE ] )
/\ matchIndex = ( s1 :> (s1 :> 0 @@ s2 :> 0 @@ s3 :> 0) @@
  s2 :> (s1 :> 0 @@ s2 :> 0 @@ s3 :> 0) @@
  s3 :> (s1 :> 0 @@ s2 :> 0 @@ s3 :> 0) )
/\ applied = (s1 :> 3 @@ s2 :> 0 @@ s3 :> 3)
/\ votedFor = (s1 :> s1 @@ s2 :> s1 @@ s3 :> s3)
/\ durableState = ( s1 :>
      [ currentTerm |-> 2,
        votedFor |-> s1,
        log |-> 3,
        entries |->
            << [ value |-> [newconf |-> {s1}, learners |-> {}],
                 term |-> 1,
                 type |-> ConfigEntry ],
               [ value |-> [newconf |-> {s1, s2}, learners |-> {}],
                 term |-> 1,
                 type |-> ConfigEntry ],
               [ value |-> [newconf |-> {s1, s2, s3}, learners |-> {}],
                 term |-> 1,
                 type |-> ConfigEntry ] >>,
        snapshotIndex |-> 0,
        snapshotTerm |-> 0,
        commitIndex |-> 3,
        config |->
            [ learners |-> {},
              jointConfig |-> <<{s1, s2, s3}, {}>>,
              autoLeave |-> FALSE ],
        snapshotHistory |-> <<>> ] @@
  s2 :>
      [ currentTerm |-> 2,
        votedFor |-> s1,
        log |-> 3,
        entries |->
            << [ value |-> [newconf |-> {s1}, learners |-> {}],
                 term |-> 1,
                 type |-> ConfigEntry ],
               [ value |-> [newconf |-> {s1, s2}, learners |-> {}],
                 term |-> 1,
                 type |-> ConfigEntry ],
               [ value |-> [newconf |-> {s1, s2, s3}, learners |-> {}],
                 term |-> 1,
                 type |-> ConfigEntry ] >>,
        snapshotIndex |-> 0,
        snapshotTerm |-> 0,
        commitIndex |-> 3,
        config |->
            [ learners |-> {},
              jointConfig |-> <<{s1, s2, s3}, {}>>,
              autoLeave |-> FALSE ],
        snapshotHistory |-> <<>> ] @@
  s3 :>
      [ currentTerm |-> 2,
        votedFor |-> s3,
        log |-> 3,
        entries |->
            << [ value |-> [newconf |-> {s1, s2, s3}, learners |-> {}],
                 term |-> 1,
                 type |-> ConfigEntry ] >>,
        snapshotIndex |-> 2,
        snapshotTerm |-> 1,
        commitIndex |-> 3,
        config |->
            [ learners |-> {},
              jointConfig |-> <<{s1, s2, s3}, {}>>,
              autoLeave |-> FALSE ],
        snapshotHistory |->
            << [ value |-> [newconf |-> {s1}, learners |-> {}],
                 term |-> 1,
                 type |-> ConfigEntry ],
               [ value |-> [newconf |-> {s1, s2}, learners |-> {}],
                 term |-> 1,
                 type |-> ConfigEntry ] >> ] )
/\ historyLog = ( s1 :>
      << [ value |-> [newconf |-> {s1}, learners |-> {}],
           term |-> 1,
           type |-> ConfigEntry ],
         [ value |-> [newconf |-> {s1, s2}, learners |-> {}],
           term |-> 1,
           type |-> ConfigEntry ],
         [ value |-> [newconf |-> {s1, s2, s3}, learners |-> {}],
           term |-> 1,
           type |-> ConfigEntry ] >> @@
  s2 :>
      << [ value |-> [newconf |-> {s1}, learners |-> {}],
           term |-> 1,
           type |-> ConfigEntry ],
         [ value |-> [newconf |-> {s1, s2}, learners |-> {}],
           term |-> 1,
           type |-> ConfigEntry ],
         [ value |-> [newconf |-> {s1, s2, s3}, learners |-> {}],
           term |-> 1,
           type |-> ConfigEntry ] >> @@
  s3 :>
      << [ value |-> [newconf |-> {s1}, learners |-> {}],
           term |-> 1,
           type |-> ConfigEntry ],
         [ value |-> [newconf |-> {s1, s2}, learners |-> {}],
           term |-> 1,
           type |-> ConfigEntry ],
         [ value |-> [newconf |-> {s1, s2, s3}, learners |-> {}],
           term |-> 1,
           type |-> ConfigEntry ] >> )
/\ nextIndex = ( s1 :> (s1 :> 1 @@ s2 :> 1 @@ s3 :> 1) @@
  s2 :> (s1 :> 1 @@ s2 :> 1 @@ s3 :> 1) @@
  s3 :> (s1 :> 1 @@ s2 :> 1 @@ s3 :> 1) )
/\ commitIndex = (s1 :> 3 @@ s2 :> 3 @@ s3 :> 3)
/\ inflights = ( s1 :> (s1 :> {} @@ s2 :> {} @@ s3 :> {}) @@
  s2 :> (s1 :> {} @@ s2 :> {} @@ s3 :> {}) @@
  s3 :> (s1 :> {} @@ s2 :> {} @@ s3 :> {}) )
/\ messages = ( [ mdest |-> s3,
    msource |-> s1,
    mterm |-> 2,
    mtype |-> RequestVoteRequest,
    mseq |-> 2,
    mlastLogTerm |-> 1,
    mlastLogIndex |-> 3 ] :>
      1 @@
  [ mdest |-> s3,
    msource |-> s1,
    mterm |-> 2,
    mtype |-> RequestVoteRequest,
    mseq |-> 4,
    mlastLogTerm |-> 1,
    mlastLogIndex |-> 3 ] :>
      1 )
/\ currentTerm = (s1 :> 2 @@ s2 :> 2 @@ s3 :> 2)
/\ log = ( s1 :>
      [ offset |-> 1,
        entries |->
            << [ value |-> [newconf |-> {s1}, learners |-> {}],
                 term |-> 1,
                 type |-> ConfigEntry ],
               [ value |-> [newconf |-> {s1, s2}, learners |-> {}],
                 term |-> 1,
                 type |-> ConfigEntry ],
               [ value |-> [newconf |-> {s1, s2, s3}, learners |-> {}],
                 term |-> 1,
                 type |-> ConfigEntry ] >>,
        snapshotIndex |-> 0,
        snapshotTerm |-> 0 ] @@
  s2 :>
      [ offset |-> 1,
        entries |->
            << [ value |-> [newconf |-> {s1}, learners |-> {}],
                 term |-> 1,
                 type |-> ConfigEntry ],
               [ value |-> [newconf |-> {s1, s2}, learners |-> {}],
                 term |-> 1,
                 type |-> ConfigEntry ],
               [ value |-> [newconf |-> {s1, s2, s3}, learners |-> {}],
                 term |-> 1,
                 type |-> ConfigEntry ] >>,
        snapshotIndex |-> 0,
        snapshotTerm |-> 0 ] @@
  s3 :>
      [ offset |-> 3,
        entries |->
            << [ value |-> [newconf |-> {s1, s2, s3}, learners |-> {}],
                 term |-> 1,
                 type |-> ConfigEntry ] >>,
        snapshotIndex |-> 2,
        snapshotTerm |-> 1 ] )
/\ partitions = (s1 :> 0 @@ s2 :> 0 @@ s3 :> 0)
/\ votesGranted = (s1 :> {s2} @@ s2 :> {} @@ s3 :> {})
/\ pendingConfChangeIndex = (s1 :> 0 @@ s2 :> 0 @@ s3 :> 0)

@!@!@ENDMSG 2217 @!@!@
@!@!@STARTMSG 2217:4 @!@!@
16: <MCNextAsyncWithReady(s3) line 362, col 5 to line 362, col 35 of module MCetcdraft>
/\ progressState = ( s1 :> (s1 :> StateProbe @@ s2 :> StateProbe @@ s3 :> StateProbe) @@
  s2 :> (s1 :> StateProbe @@ s2 :> StateProbe @@ s3 :> StateProbe) @@
  s3 :> (s1 :> StateProbe @@ s2 :> StateProbe @@ s3 :> StateProbe) )
/\ msgSeqCounter = 7
/\ constraintCounters = [ timeout |-> 2,
  request |-> 0,
  restart |-> 1,
  drop |-> 2,
  duplicate |-> 0,
  heartbeat |-> 0,
  stepDown |-> 1,
  snapshot |-> 0,
  compact |-> 1,
  confChange |-> 0,
  reportUnreachable |-> 0,
  partition |-> 0 ]
/\ pendingMessages = <<>>
/\ appliedConfigIndex = (s1 :> 3 @@ s2 :> 3 @@ s3 :> 3)
/\ reconfigCount = 0
/\ votesResponded = (s1 :> {s2} @@ s2 :> {} @@ s3 :> {})
/\ msgAppFlowPaused = ( s1 :> (s1 :> FALSE @@ s2 :> FALSE @@ s3 :> FALSE) @@
  s2 :> (s1 :> FALSE @@ s2 :> FALSE @@ s3 :> FALSE) @@
  s3 :> (s1 :> FALSE @@ s2 :> FALSE @@ s3 :> FALSE) )
/\ state = (s1 :> Candidate @@ s2 :> Follower @@ s3 :> Follower)
/\ pendingSnapshot = ( s1 :> (s1 :> 0 @@ s2 :> 0 @@ s3 :> 0) @@
  s2 :> (s1 :> 0 @@ s2 :> 0 @@ s3 :> 0) @@
  s3 :> (s1 :> 0 @@ s2 :> 0 @@ s3 :> 0) )
/\ config = ( s1 :>
      [ learners |-> {},
        jointConfig |-> <<{s1, s2, s3}, {}>>,
        autoLeave |-> FALSE ] @@
  s2 :>
      [ learners |-> {},
        jointConfig |-> <<{s1, s2, s3}, {}>>,
        autoLeave |-> FALSE ] @@
  s3 :>
      [ learners |-> {},
        jointConfig |-> <<{s1, s2, s3}, {}>>,
        autoLeave |-> FALSE ] )
/\ matchIndex = ( s1 :> (s1 :> 0 @@ s2 :> 0 @@ s3 :> 0) @@
  s2 :> (s1 :> 0 @@ s2 :> 0 @@ s3 :> 0) @@
  s3 :> (s1 :> 0 @@ s2 :> 0 @@ s3 :> 0) )
/\ applied = (s1 :> 3 @@ s2 :> 0 @@ s3 :> 3)
/\ votedFor = (s1 :> s1 @@ s2 :> s1 @@ s3 :> s3)
/\ durableState = ( s1 :>
      [ currentTerm |-> 2,
        votedFor |-> s1,
        log |-> 3,
        entries |->
            << [ value |-> [newconf |-> {s1}, learners |-> {}],
                 term |-> 1,
                 type |-> ConfigEntry ],
               [ value |-> [newconf |-> {s1, s2}, learners |-> {}],
                 term |-> 1,
                 type |-> ConfigEntry ],
               [ value |-> [newconf |-> {s1, s2, s3}, learners |-> {}],
                 term |-> 1,
                 type |-> ConfigEntry ] >>,
        snapshotIndex |-> 0,
        snapshotTerm |-> 0,
        commitIndex |-> 3,
        config |->
            [ learners |-> {},
              jointConfig |-> <<{s1, s2, s3}, {}>>,
              autoLeave |-> FALSE ],
        snapshotHistory |-> <<>> ] @@
  s2 :>
      [ currentTerm |-> 2,
        votedFor |-> s1,
        log |-> 3,
        entries |->
            << [ value |-> [newconf |-> {s1}, learners |-> {}],
                 term |-> 1,
                 type |-> ConfigEntry ],
               [ value |-> [newconf |-> {s1, s2}, learners |-> {}],
                 term |-> 1,
                 type |-> ConfigEntry ],
               [ value |-> [newconf |-> {s1, s2, s3}, learners |-> {}],
                 term |-> 1,
                 type |-> ConfigEntry ] >>,
        snapshotIndex |-> 0,
        snapshotTerm |-> 0,
        commitIndex |-> 3,
        config |->
            [ learners |-> {},
              jointConfig |-> <<{s1, s2, s3}, {}>>,
              autoLeave |-> FALSE ],
        snapshotHistory |-> <<>> ] @@
  s3 :>
      [ currentTerm |-> 2,
        votedFor |-> s3,
        log |-> 3,
        entries |->
            << [ value |-> [newconf |-> {s1, s2, s3}, learners |-> {}],
                 term |-> 1,
                 type |-> ConfigEntry ] >>,
        snapshotIndex |-> 2,
        snapshotTerm |-> 1,
        snapshotHistory |->
            << [ value |-> [newconf |-> {s1}, learners |-> {}],
                 term |-> 1,
                 type |-> ConfigEntry ],
               [ value |-> [newconf |-> {s1, s2}, learners |-> {}],
                 term |-> 1,
                 type |-> ConfigEntry ] >>,
        commitIndex |-> 3,
        config |->
            [ learners |-> {},
              jointConfig |-> <<{s1, s2, s3}, {}>>,
              autoLeave |-> FALSE ] ] )
/\ historyLog = ( s1 :>
      << [ value |-> [newconf |-> {s1}, learners |-> {}],
           term |-> 1,
           type |-> ConfigEntry ],
         [ value |-> [newconf |-> {s1, s2}, learners |-> {}],
           term |-> 1,
           type |-> ConfigEntry ],
         [ value |-> [newconf |-> {s1, s2, s3}, learners |-> {}],
           term |-> 1,
           type |-> ConfigEntry ] >> @@
  s2 :>
      << [ value |-> [newconf |-> {s1}, learners |-> {}],
           term |-> 1,
           type |-> ConfigEntry ],
         [ value |-> [newconf |-> {s1, s2}, learners |-> {}],
           term |-> 1,
           type |-> ConfigEntry ],
         [ value |-> [newconf |-> {s1, s2, s3}, learners |-> {}],
           term |-> 1,
           type |-> ConfigEntry ] >> @@
  s3 :>
      << [ value |-> [newconf |-> {s1}, learners |-> {}],
           term |-> 1,
           type |-> ConfigEntry ],
         [ value |-> [newconf |-> {s1, s2}, learners |-> {}],
           term |-> 1,
           type |-> ConfigEntry ],
         [ value |-> [newconf |-> {s1, s2, s3}, learners |-> {}],
           term |-> 1,
           type |-> ConfigEntry ] >> )
/\ nextIndex = ( s1 :> (s1 :> 1 @@ s2 :> 1 @@ s3 :> 1) @@
  s2 :> (s1 :> 1 @@ s2 :> 1 @@ s3 :> 1) @@
  s3 :> (s1 :> 1 @@ s2 :> 1 @@ s3 :> 1) )
/\ commitIndex = (s1 :> 3 @@ s2 :> 3 @@ s3 :> 3)
/\ inflights = ( s1 :> (s1 :> {} @@ s2 :> {} @@ s3 :> {}) @@
  s2 :> (s1 :> {} @@ s2 :> {} @@ s3 :> {}) @@
  s3 :> (s1 :> {} @@ s2 :> {} @@ s3 :> {}) )
/\ messages = ( [ mdest |-> s1,
    msource |-> s3,
    mterm |-> 2,
    mtype |-> RequestVoteResponse,
    mseq |-> 6,
    mvoteGranted |-> FALSE ] :>
      1 @@
  [ mdest |-> s3,
    msource |-> s1,
    mterm |-> 2,
    mtype |-> RequestVoteRequest,
    mseq |-> 4,
    mlastLogTerm |-> 1,
    mlastLogIndex |-> 3 ] :>
      1 )
/\ currentTerm = (s1 :> 2 @@ s2 :> 2 @@ s3 :> 2)
/\ log = ( s1 :>
      [ offset |-> 1,
        entries |->
            << [ value |-> [newconf |-> {s1}, learners |-> {}],
                 term |-> 1,
                 type |-> ConfigEntry ],
               [ value |-> [newconf |-> {s1, s2}, learners |-> {}],
                 term |-> 1,
                 type |-> ConfigEntry ],
               [ value |-> [newconf |-> {s1, s2, s3}, learners |-> {}],
                 term |-> 1,
                 type |-> ConfigEntry ] >>,
        snapshotIndex |-> 0,
        snapshotTerm |-> 0 ] @@
  s2 :>
      [ offset |-> 1,
        entries |->
            << [ value |-> [newconf |-> {s1}, learners |-> {}],
                 term |-> 1,
                 type |-> ConfigEntry ],
               [ value |-> [newconf |-> {s1, s2}, learners |-> {}],
                 term |-> 1,
                 type |-> ConfigEntry ],
               [ value |-> [newconf |-> {s1, s2, s3}, learners |-> {}],
                 term |-> 1,
                 type |-> ConfigEntry ] >>,
        snapshotIndex |-> 0,
        snapshotTerm |-> 0 ] @@
  s3 :>
      [ offset |-> 3,
        entries |->
            << [ value |-> [newconf |-> {s1, s2, s3}, learners |-> {}],
                 term |-> 1,
                 type |-> ConfigEntry ] >>,
        snapshotIndex |-> 2,
        snapshotTerm |-> 1 ] )
/\ partitions = (s1 :> 0 @@ s2 :> 0 @@ s3 :> 0)
/\ votesGranted = (s1 :> {s2} @@ s2 :> {} @@ s3 :> {})
/\ pendingConfChangeIndex = (s1 :> 0 @@ s2 :> 0 @@ s3 :> 0)

@!@!@ENDMSG 2217 @!@!@
@!@!@STARTMSG 2217:4 @!@!@
17: <MCNextAsyncWithReady(s3) line 362, col 5 to line 362, col 35 of module MCetcdraft>
/\ progressState = ( s1 :> (s1 :> StateProbe @@ s2 :> StateProbe @@ s3 :> StateProbe) @@
  s2 :> (s1 :> StateProbe @@ s2 :> StateProbe @@ s3 :> StateProbe) @@
  s3 :> (s1 :> StateProbe @@ s2 :> StateProbe @@ s3 :> StateProbe) )
/\ msgSeqCounter = 8
/\ constraintCounters = [ timeout |-> 2,
  request |-> 0,
  restart |-> 1,
  drop |-> 2,
  duplicate |-> 0,
  heartbeat |-> 0,
  stepDown |-> 1,
  snapshot |-> 0,
  compact |-> 1,
  confChange |-> 0,
  reportUnreachable |-> 0,
  partition |-> 0 ]
/\ pendingMessages = <<>>
/\ appliedConfigIndex = (s1 :> 3 @@ s2 :> 3 @@ s3 :> 3)
/\ reconfigCount = 0
/\ votesResponded = (s1 :> {s2} @@ s2 :> {} @@ s3 :> {})
/\ msgAppFlowPaused = ( s1 :> (s1 :> FALSE @@ s2 :> FALSE @@ s3 :> FALSE) @@
  s2 :> (s1 :> FALSE @@ s2 :> FALSE @@ s3 :> FALSE) @@
  s3 :> (s1 :> FALSE @@ s2 :> FALSE @@ s3 :> FALSE) )
/\ state = (s1 :> Candidate @@ s2 :> Follower @@ s3 :> Follower)
/\ pendingSnapshot = ( s1 :> (s1 :> 0 @@ s2 :> 0 @@ s3 :> 0) @@
  s2 :> (s1 :> 0 @@ s2 :> 0 @@ s3 :> 0) @@
  s3 :> (s1 :> 0 @@ s2 :> 0 @@ s3 :> 0) )
/\ config = ( s1 :>
      [ learners |-> {},
        jointConfig |-> <<{s1, s2, s3}, {}>>,
        autoLeave |-> FALSE ] @@
  s2 :>
      [ learners |-> {},
        jointConfig |-> <<{s1, s2, s3}, {}>>,
        autoLeave |-> FALSE ] @@
  s3 :>
      [ learners |-> {},
        jointConfig |-> <<{s1, s2, s3}, {}>>,
        autoLeave |-> FALSE ] )
/\ matchIndex = ( s1 :> (s1 :> 0 @@ s2 :> 0 @@ s3 :> 0) @@
  s2 :> (s1 :> 0 @@ s2 :> 0 @@ s3 :> 0) @@
  s3 :> (s1 :> 0 @@ s2 :> 0 @@ s3 :> 0) )
/\ applied = (s1 :> 3 @@ s2 :> 0 @@ s3 :> 3)
/\ votedFor = (s1 :> s1 @@ s2 :> s1 @@ s3 :> s3)
/\ durableState = ( s1 :>
      [ currentTerm |-> 2,
        votedFor |-> s1,
        log |-> 3,
        entries |->
            << [ value |-> [newconf |-> {s1}, learners |-> {}],
                 term |-> 1,
                 type |-> ConfigEntry ],
               [ value |-> [newconf |-> {s1, s2}, learners |-> {}],
                 term |-> 1,
                 type |-> ConfigEntry ],
               [ value |-> [newconf |-> {s1, s2, s3}, learners |-> {}],
                 term |-> 1,
                 type |-> ConfigEntry ] >>,
        snapshotIndex |-> 0,
        snapshotTerm |-> 0,
        commitIndex |-> 3,
        config |->
            [ learners |-> {},
              jointConfig |-> <<{s1, s2, s3}, {}>>,
              autoLeave |-> FALSE ],
        snapshotHistory |-> <<>> ] @@
  s2 :>
      [ currentTerm |-> 2,
        votedFor |-> s1,
        log |-> 3,
        entries |->
            << [ value |-> [newconf |-> {s1}, learners |-> {}],
                 term |-> 1,
                 type |-> ConfigEntry ],
               [ value |-> [newconf |-> {s1, s2}, learners |-> {}],
                 term |-> 1,
                 type |-> ConfigEntry ],
               [ value |-> [newconf |-> {s1, s2, s3}, learners |-> {}],
                 term |-> 1,
                 type |-> ConfigEntry ] >>,
        snapshotIndex |-> 0,
        snapshotTerm |-> 0,
        commitIndex |-> 3,
        config |->
            [ learners |-> {},
              jointConfig |-> <<{s1, s2, s3}, {}>>,
              autoLeave |-> FALSE ],
        snapshotHistory |-> <<>> ] @@
  s3 :>
      [ currentTerm |-> 2,
        votedFor |-> s3,
        log |-> 3,
        entries |->
            << [ value |-> [newconf |-> {s1, s2, s3}, learners |-> {}],
                 term |-> 1,
                 type |-> ConfigEntry ] >>,
        snapshotIndex |-> 2,
        snapshotTerm |-> 1,
        commitIndex |-> 3,
        config |->
            [ learners |-> {},
              jointConfig |-> <<{s1, s2, s3}, {}>>,
              autoLeave |-> FALSE ],
        snapshotHistory |->
            << [ value |-> [newconf |-> {s1}, learners |-> {}],
                 term |-> 1,
                 type |-> ConfigEntry ],
               [ value |-> [newconf |-> {s1, s2}, learners |-> {}],
                 term |-> 1,
                 type |-> ConfigEntry ] >> ] )
/\ historyLog = ( s1 :>
      << [ value |-> [newconf |-> {s1}, learners |-> {}],
           term |-> 1,
           type |-> ConfigEntry ],
         [ value |-> [newconf |-> {s1, s2}, learners |-> {}],
           term |-> 1,
           type |-> ConfigEntry ],
         [ value |-> [newconf |-> {s1, s2, s3}, learners |-> {}],
           term |-> 1,
           type |-> ConfigEntry ] >> @@
  s2 :>
      << [ value |-> [newconf |-> {s1}, learners |-> {}],
           term |-> 1,
           type |-> ConfigEntry ],
         [ value |-> [newconf |-> {s1, s2}, learners |-> {}],
           term |-> 1,
           type |-> ConfigEntry ],
         [ value |-> [newconf |-> {s1, s2, s3}, learners |-> {}],
           term |-> 1,
           type |-> ConfigEntry ] >> @@
  s3 :>
      << [ value |-> [newconf |-> {s1}, learners |-> {}],
           term |-> 1,
           type |-> ConfigEntry ],
         [ value |-> [newconf |-> {s1, s2}, learners |-> {}],
           term |-> 1,
           type |-> ConfigEntry ],
         [ value |-> [newconf |-> {s1, s2, s3}, learners |-> {}],
           term |-> 1,
           type |-> ConfigEntry ] >> )
/\ nextIndex = ( s1 :> (s1 :> 1 @@ s2 :> 1 @@ s3 :> 1) @@
  s2 :> (s1 :> 1 @@ s2 :> 1 @@ s3 :> 1) @@
  s3 :> (s1 :> 1 @@ s2 :> 1 @@ s3 :> 1) )
/\ commitIndex = (s1 :> 3 @@ s2 :> 3 @@ s3 :> 3)
/\ inflights = ( s1 :> (s1 :> {} @@ s2 :> {} @@ s3 :> {}) @@
  s2 :> (s1 :> {} @@ s2 :> {} @@ s3 :> {}) @@
  s3 :> (s1 :> {} @@ s2 :> {} @@ s3 :> {}) )
/\ messages = ( [ mdest |-> s1,
    msource |-> s3,
    mterm |-> 2,
    mtype |-> RequestVoteResponse,
    mseq |-> 6,
    mvoteGranted |-> FALSE ] :>
      1 @@
  [ mdest |-> s1,
    msource |-> s3,
    mterm |-> 2,
    mtype |-> RequestVoteResponse,
    mseq |-> 7,
    mvoteGranted |-> FALSE ] :>
      1 )
/\ currentTerm = (s1 :> 2 @@ s2 :> 2 @@ s3 :> 2)
/\ log = ( s1 :>
      [ offset |-> 1,
        entries |->
            << [ value |-> [newconf |-> {s1}, learners |-> {}],
                 term |-> 1,
                 type |-> ConfigEntry ],
               [ value |-> [newconf |-> {s1, s2}, learners |-> {}],
                 term |-> 1,
                 type |-> ConfigEntry ],
               [ value |-> [newconf |-> {s1, s2, s3}, learners |-> {}],
                 term |-> 1,
                 type |-> ConfigEntry ] >>,
        snapshotIndex |-> 0,
        snapshotTerm |-> 0 ] @@
  s2 :>
      [ offset |-> 1,
        entries |->
            << [ value |-> [newconf |-> {s1}, learners |-> {}],
                 term |-> 1,
                 type |-> ConfigEntry ],
               [ value |-> [newconf |-> {s1, s2}, learners |-> {}],
                 term |-> 1,
                 type |-> ConfigEntry ],
               [ value |-> [newconf |-> {s1, s2, s3}, learners |-> {}],
                 term |-> 1,
                 type |-> ConfigEntry ] >>,
        snapshotIndex |-> 0,
        snapshotTerm |-> 0 ] @@
  s3 :>
      [ offset |-> 3,
        entries |->
            << [ value |-> [newconf |-> {s1, s2, s3}, learners |-> {}],
                 term |-> 1,
                 type |-> ConfigEntry ] >>,
        snapshotIndex |-> 2,
        snapshotTerm |-> 1 ] )
/\ partitions = (s1 :> 0 @@ s2 :> 0 @@ s3 :> 0)
/\ votesGranted = (s1 :> {s2} @@ s2 :> {} @@ s3 :> {})
/\ pendingConfChangeIndex = (s1 :> 0 @@ s2 :> 0 @@ s3 :> 0)

@!@!@ENDMSG 2217 @!@!@
@!@!@STARTMSG 2217:4 @!@!@
18: <MCNextAsyncWithReady(s1) line 362, col 5 to line 362, col 35 of module MCetcdraft>
/\ progressState = ( s1 :> (s1 :> StateProbe @@ s2 :> StateProbe @@ s3 :> StateProbe) @@
  s2 :> (s1 :> StateProbe @@ s2 :> StateProbe @@ s3 :> StateProbe) @@
  s3 :> (s1 :> StateProbe @@ s2 :> StateProbe @@ s3 :> StateProbe) )
/\ msgSeqCounter = 8
/\ constraintCounters = [ timeout |-> 2,
  request |-> 0,
  restart |-> 1,
  drop |-> 2,
  duplicate |-> 0,
  heartbeat |-> 0,
  stepDown |-> 1,
  snapshot |-> 0,
  compact |-> 1,
  confChange |-> 0,
  reportUnreachable |-> 0,
  partition |-> 0 ]
/\ pendingMessages = <<>>
/\ appliedConfigIndex = (s1 :> 3 @@ s2 :> 3 @@ s3 :> 3)
/\ reconfigCount = 0
/\ votesResponded = (s1 :> {s2, s3} @@ s2 :> {} @@ s3 :> {})
/\ msgAppFlowPaused = ( s1 :> (s1 :> FALSE @@ s2 :> FALSE @@ s3 :> FALSE) @@
  s2 :> (s1 :> FALSE @@ s2 :> FALSE @@ s3 :> FALSE) @@
  s3 :> (s1 :> FALSE @@ s2 :> FALSE @@ s3 :> FALSE) )
/\ state = (s1 :> Candidate @@ s2 :> Follower @@ s3 :> Follower)
/\ pendingSnapshot = ( s1 :> (s1 :> 0 @@ s2 :> 0 @@ s3 :> 0) @@
  s2 :> (s1 :> 0 @@ s2 :> 0 @@ s3 :> 0) @@
  s3 :> (s1 :> 0 @@ s2 :> 0 @@ s3 :> 0) )
/\ config = ( s1 :>
      [ learners |-> {},
        jointConfig |-> <<{s1, s2, s3}, {}>>,
        autoLeave |-> FALSE ] @@
  s2 :>
      [ learners |-> {},
        jointConfig |-> <<{s1, s2, s3}, {}>>,
        autoLeave |-> FALSE ] @@
  s3 :>
      [ learners |-> {},
        jointConfig |-> <<{s1, s2, s3}, {}>>,
        autoLeave |-> FALSE ] )
/\ matchIndex = ( s1 :> (s1 :> 0 @@ s2 :> 0 @@ s3 :> 0) @@
  s2 :> (s1 :> 0 @@ s2 :> 0 @@ s3 :> 0) @@
  s3 :> (s1 :> 0 @@ s2 :> 0 @@ s3 :> 0) )
/\ applied = (s1 :> 3 @@ s2 :> 0 @@ s3 :> 3)
/\ votedFor = (s1 :> s1 @@ s2 :> s1 @@ s3 :> s3)
/\ durableState = ( s1 :>
      [ currentTerm |-> 2,
        votedFor |-> s1,
        log |-> 3,
        entries |->
            << [ value |-> [newconf |-> {s1}, learners |-> {}],
                 term |-> 1,
                 type |-> ConfigEntry ],
               [ value |-> [newconf |-> {s1, s2}, learners |-> {}],
                 term |-> 1,
                 type |-> ConfigEntry ],
               [ value |-> [newconf |-> {s1, s2, s3}, learners |-> {}],
                 term |-> 1,
                 type |-> ConfigEntry ] >>,
        snapshotIndex |-> 0,
        snapshotTerm |-> 0,
        commitIndex |-> 3,
        config |->
            [ learners |-> {},
              jointConfig |-> <<{s1, s2, s3}, {}>>,
              autoLeave |-> FALSE ],
        snapshotHistory |-> <<>> ] @@
  s2 :>
      [ currentTerm |-> 2,
        votedFor |-> s1,
        log |-> 3,
        entries |->
            << [ value |-> [newconf |-> {s1}, learners |-> {}],
                 term |-> 1,
                 type |-> ConfigEntry ],
               [ value |-> [newconf |-> {s1, s2}, learners |-> {}],
                 term |-> 1,
                 type |-> ConfigEntry ],
               [ value |-> [newconf |-> {s1, s2, s3}, learners |-> {}],
                 term |-> 1,
                 type |-> ConfigEntry ] >>,
        snapshotIndex |-> 0,
        snapshotTerm |-> 0,
        commitIndex |-> 3,
        config |->
            [ learners |-> {},
              jointConfig |-> <<{s1, s2, s3}, {}>>,
              autoLeave |-> FALSE ],
        snapshotHistory |-> <<>> ] @@
  s3 :>
      [ currentTerm |-> 2,
        votedFor |-> s3,
        log |-> 3,
        entries |->
            << [ value |-> [newconf |-> {s1, s2, s3}, learners |-> {}],
                 term |-> 1,
                 type |-> ConfigEntry ] >>,
        snapshotIndex |-> 2,
        snapshotTerm |-> 1,
        commitIndex |-> 3,
        config |->
            [ learners |-> {},
              jointConfig |-> <<{s1, s2, s3}, {}>>,
              autoLeave |-> FALSE ],
        snapshotHistory |->
            << [ value |-> [newconf |-> {s1}, learners |-> {}],
                 term |-> 1,
                 type |-> ConfigEntry ],
               [ value |-> [newconf |-> {s1, s2}, learners |-> {}],
                 term |-> 1,
                 type |-> ConfigEntry ] >> ] )
/\ historyLog = ( s1 :>
      << [ value |-> [newconf |-> {s1}, learners |-> {}],
           term |-> 1,
           type |-> ConfigEntry ],
         [ value |-> [newconf |-> {s1, s2}, learners |-> {}],
           term |-> 1,
           type |-> ConfigEntry ],
         [ value |-> [newconf |-> {s1, s2, s3}, learners |-> {}],
           term |-> 1,
           type |-> ConfigEntry ] >> @@
  s2 :>
      << [ value |-> [newconf |-> {s1}, learners |-> {}],
           term |-> 1,
           type |-> ConfigEntry ],
         [ value |-> [newconf |-> {s1, s2}, learners |-> {}],
           term |-> 1,
           type |-> ConfigEntry ],
         [ value |-> [newconf |-> {s1, s2, s3}, learners |-> {}],
           term |-> 1,
           type |-> ConfigEntry ] >> @@
  s3 :>
      << [ value |-> [newconf |-> {s1}, learners |-> {}],
           term |-> 1,
           type |-> ConfigEntry ],
         [ value |-> [newconf |-> {s1, s2}, learners |-> {}],
           term |-> 1,
           type |-> ConfigEntry ],
         [ value |-> [newconf |-> {s1, s2, s3}, learners |-> {}],
           term |-> 1,
           type |-> ConfigEntry ] >> )
/\ nextIndex = ( s1 :> (s1 :> 1 @@ s2 :> 1 @@ s3 :> 1) @@
  s2 :> (s1 :> 1 @@ s2 :> 1 @@ s3 :> 1) @@
  s3 :> (s1 :> 1 @@ s2 :> 1 @@ s3 :> 1) )
/\ commitIndex = (s1 :> 3 @@ s2 :> 3 @@ s3 :> 3)
/\ inflights = ( s1 :> (s1 :> {} @@ s2 :> {} @@ s3 :> {}) @@
  s2 :> (s1 :> {} @@ s2 :> {} @@ s3 :> {}) @@
  s3 :> (s1 :> {} @@ s2 :> {} @@ s3 :> {}) )
/\ messages = ( [ mdest |-> s1,
    msource |-> s3,
    mterm |-> 2,
    mtype |-> RequestVoteResponse,
    mseq |-> 7,
    mvoteGranted |-> FALSE ] :>
      1 )
/\ currentTerm = (s1 :> 2 @@ s2 :> 2 @@ s3 :> 2)
/\ log = ( s1 :>
      [ offset |-> 1,
        entries |->
            << [ value |-> [newconf |-> {s1}, learners |-> {}],
                 term |-> 1,
                 type |-> ConfigEntry ],
               [ value |-> [newconf |-> {s1, s2}, learners |-> {}],
                 term |-> 1,
                 type |-> ConfigEntry ],
               [ value |-> [newconf |-> {s1, s2, s3}, learners |-> {}],
                 term |-> 1,
                 type |-> ConfigEntry ] >>,
        snapshotIndex |-> 0,
        snapshotTerm |-> 0 ] @@
  s2 :>
      [ offset |-> 1,
        entries |->
            << [ value |-> [newconf |-> {s1}, learners |-> {}],
                 term |-> 1,
                 type |-> ConfigEntry ],
               [ value |-> [newconf |-> {s1, s2}, learners |-> {}],
                 term |-> 1,
                 type |-> ConfigEntry ],
               [ value |-> [newconf |-> {s1, s2, s3}, learners |-> {}],
                 term |-> 1,
                 type |-> ConfigEntry ] >>,
        snapshotIndex |-> 0,
        snapshotTerm |-> 0 ] @@
  s3 :>
      [ offset |-> 3,
        entries |->
            << [ value |-> [newconf |-> {s1, s2, s3}, learners |-> {}],
                 term |-> 1,
                 type |-> ConfigEntry ] >>,
        snapshotIndex |-> 2,
        snapshotTerm |-> 1 ] )
/\ partitions = (s1 :> 0 @@ s2 :> 0 @@ s3 :> 0)
/\ votesGranted = (s1 :> {s2} @@ s2 :> {} @@ s3 :> {})
/\ pendingConfChangeIndex = (s1 :> 0 @@ s2 :> 0 @@ s3 :> 0)

@!@!@ENDMSG 2217 @!@!@
@!@!@STARTMSG 2217:4 @!@!@
19: <MCNextAsyncWithReady(s1) line 362, col 5 to line 362, col 35 of module MCetcdraft>
/\ progressState = ( s1 :> (s1 :> StateProbe @@ s2 :> StateProbe @@ s3 :> StateProbe) @@
  s2 :> (s1 :> StateProbe @@ s2 :> StateProbe @@ s3 :> StateProbe) @@
  s3 :> (s1 :> StateProbe @@ s2 :> StateProbe @@ s3 :> StateProbe) )
/\ msgSeqCounter = 8
/\ constraintCounters = [ timeout |-> 2,
  request |-> 0,
  restart |-> 1,
  drop |-> 2,
  duplicate |-> 0,
  heartbeat |-> 0,
  stepDown |-> 1,
  snapshot |-> 0,
  compact |-> 1,
  confChange |-> 0,
  reportUnreachable |-> 0,
  partition |-> 0 ]
/\ pendingMessages = <<>>
/\ appliedConfigIndex = (s1 :> 3 @@ s2 :> 3 @@ s3 :> 3)
/\ reconfigCount = 0
/\ votesResponded = (s1 :> {s2, s3} @@ s2 :> {} @@ s3 :> {})
/\ msgAppFlowPaused = ( s1 :> (s1 :> FALSE @@ s2 :> FALSE @@ s3 :> FALSE) @@
  s2 :> (s1 :> FALSE @@ s2 :> FALSE @@ s3 :> FALSE) @@
  s3 :> (s1 :> FALSE @@ s2 :> FALSE @@ s3 :> FALSE) )
/\ state = (s1 :> Candidate @@ s2 :> Follower @@ s3 :> Follower)
/\ pendingSnapshot = ( s1 :> (s1 :> 0 @@ s2 :> 0 @@ s3 :> 0) @@
  s2 :> (s1 :> 0 @@ s2 :> 0 @@ s3 :> 0) @@
  s3 :> (s1 :> 0 @@ s2 :> 0 @@ s3 :> 0) )
/\ config = ( s1 :>
      [ learners |-> {},
        jointConfig |-> <<{s1, s2, s3}, {}>>,
        autoLeave |-> FALSE ] @@
  s2 :>
      [ learners |-> {},
        jointConfig |-> <<{s1, s2, s3}, {}>>,
        autoLeave |-> FALSE ] @@
  s3 :>
      [ learners |-> {},
        jointConfig |-> <<{s1, s2, s3}, {}>>,
        autoLeave |-> FALSE ] )
/\ matchIndex = ( s1 :> (s1 :> 0 @@ s2 :> 0 @@ s3 :> 0) @@
  s2 :> (s1 :> 0 @@ s2 :> 0 @@ s3 :> 0) @@
  s3 :> (s1 :> 0 @@ s2 :> 0 @@ s3 :> 0) )
/\ applied = (s1 :> 3 @@ s2 :> 0 @@ s3 :> 3)
/\ votedFor = (s1 :> s1 @@ s2 :> s1 @@ s3 :> s3)
/\ durableState = ( s1 :>
      [ currentTerm |-> 2,
        votedFor |-> s1,
        log |-> 3,
        entries |->
            << [ value |-> [newconf |-> {s1}, learners |-> {}],
                 term |-> 1,
                 type |-> ConfigEntry ],
               [ value |-> [newconf |-> {s1, s2}, learners |-> {}],
                 term |-> 1,
                 type |-> ConfigEntry ],
               [ value |-> [newconf |-> {s1, s2, s3}, learners |-> {}],
                 term |-> 1,
                 type |-> ConfigEntry ] >>,
        snapshotIndex |-> 0,
        snapshotTerm |-> 0,
        commitIndex |-> 3,
        config |->
            [ learners |-> {},
              jointConfig |-> <<{s1, s2, s3}, {}>>,
              autoLeave |-> FALSE ],
        snapshotHistory |-> <<>> ] @@
  s2 :>
      [ currentTerm |-> 2,
        votedFor |-> s1,
        log |-> 3,
        entries |->
            << [ value |-> [newconf |-> {s1}, learners |-> {}],
                 term |-> 1,
                 type |-> ConfigEntry ],
               [ value |-> [newconf |-> {s1, s2}, learners |-> {}],
                 term |-> 1,
                 type |-> ConfigEntry ],
               [ value |-> [newconf |-> {s1, s2, s3}, learners |-> {}],
                 term |-> 1,
                 type |-> ConfigEntry ] >>,
        snapshotIndex |-> 0,
        snapshotTerm |-> 0,
        commitIndex |-> 3,
        config |->
            [ learners |-> {},
              jointConfig |-> <<{s1, s2, s3}, {}>>,
              autoLeave |-> FALSE ],
        snapshotHistory |-> <<>> ] @@
  s3 :>
      [ currentTerm |-> 2,
        votedFor |-> s3,
        log |-> 3,
        entries |->
            << [ value |-> [newconf |-> {s1, s2, s3}, learners |-> {}],
                 term |-> 1,
                 type |-> ConfigEntry ] >>,
        snapshotIndex |-> 2,
        snapshotTerm |-> 1,
        commitIndex |-> 3,
        config |->
            [ learners |-> {},
              jointConfig |-> <<{s1, s2, s3}, {}>>,
              autoLeave |-> FALSE ],
        snapshotHistory |->
            << [ value |-> [newconf |-> {s1}, learners |-> {}],
                 term |-> 1,
                 type |-> ConfigEntry ],
               [ value |-> [newconf |-> {s1, s2}, learners |-> {}],
                 term |-> 1,
                 type |-> ConfigEntry ] >> ] )
/\ historyLog = ( s1 :>
      << [ value |-> [newconf |-> {s1}, learners |-> {}],
           term |-> 1,
           type |-> ConfigEntry ],
         [ value |-> [newconf |-> {s1, s2}, learners |-> {}],
           term |-> 1,
           type |-> ConfigEntry ],
         [ value |-> [newconf |-> {s1, s2, s3}, learners |-> {}],
           term |-> 1,
           type |-> ConfigEntry ] >> @@
  s2 :>
      << [ value |-> [newconf |-> {s1}, learners |-> {}],
           term |-> 1,
           type |-> ConfigEntry ],
         [ value |-> [newconf |-> {s1, s2}, learners |-> {}],
           term |-> 1,
           type |-> ConfigEntry ],
         [ value |-> [newconf |-> {s1, s2, s3}, learners |-> {}],
           term |-> 1,
           type |-> ConfigEntry ] >> @@
  s3 :>
      << [ value |-> [newconf |-> {s1}, learners |-> {}],
           term |-> 1,
           type |-> ConfigEntry ],
         [ value |-> [newconf |-> {s1, s2}, learners |-> {}],
           term |-> 1,
           type |-> ConfigEntry ],
         [ value |-> [newconf |-> {s1, s2, s3}, learners |-> {}],
           term |-> 1,
           type |-> ConfigEntry ] >> )
/\ nextIndex = ( s1 :> (s1 :> 1 @@ s2 :> 1 @@ s3 :> 1) @@
  s2 :> (s1 :> 1 @@ s2 :> 1 @@ s3 :> 1) @@
  s3 :> (s1 :> 1 @@ s2 :> 1 @@ s3 :> 1) )
/\ commitIndex = (s1 :> 3 @@ s2 :> 3 @@ s3 :> 3)
/\ inflights = ( s1 :> (s1 :> {} @@ s2 :> {} @@ s3 :> {}) @@
  s2 :> (s1 :> {} @@ s2 :> {} @@ s3 :> {}) @@
  s3 :> (s1 :> {} @@ s2 :> {} @@ s3 :> {}) )
/\ messages = <<>>
/\ currentTerm = (s1 :> 2 @@ s2 :> 2 @@ s3 :> 2)
/\ log = ( s1 :>
      [ offset |-> 1,
        entries |->
            << [ value |-> [newconf |-> {s1}, learners |-> {}],
                 term |-> 1,
                 type |-> ConfigEntry ],
               [ value |-> [newconf |-> {s1, s2}, learners |-> {}],
                 term |-> 1,
                 type |-> ConfigEntry ],
               [ value |-> [newconf |-> {s1, s2, s3}, learners |-> {}],
                 term |-> 1,
                 type |-> ConfigEntry ] >>,
        snapshotIndex |-> 0,
        snapshotTerm |-> 0 ] @@
  s2 :>
      [ offset |-> 1,
        entries |->
            << [ value |-> [newconf |-> {s1}, learners |-> {}],
                 term |-> 1,
                 type |-> ConfigEntry ],
               [ value |-> [newconf |-> {s1, s2}, learners |-> {}],
                 term |-> 1,
                 type |-> ConfigEntry ],
               [ value |-> [newconf |-> {s1, s2, s3}, learners |-> {}],
                 term |-> 1,
                 type |-> ConfigEntry ] >>,
        snapshotIndex |-> 0,
        snapshotTerm |-> 0 ] @@
  s3 :>
      [ offset |-> 3,
        entries |->
            << [ value |-> [newconf |-> {s1, s2, s3}, learners |-> {}],
                 term |-> 1,
                 type |-> ConfigEntry ] >>,
        snapshotIndex |-> 2,
        snapshotTerm |-> 1 ] )
/\ partitions = (s1 :> 0 @@ s2 :> 0 @@ s3 :> 0)
/\ votesGranted = (s1 :> {s2} @@ s2 :> {} @@ s3 :> {})
/\ pendingConfChangeIndex = (s1 :> 0 @@ s2 :> 0 @@ s3 :> 0)

@!@!@ENDMSG 2217 @!@!@
@!@!@STARTMSG 2217:4 @!@!@
20: <MCNextAsyncWithReady(s1) line 362, col 5 to line 362, col 35 of module MCetcdraft>
/\ progressState = ( s1 :> (s1 :> StateProbe @@ s2 :> StateProbe @@ s3 :> StateProbe) @@
  s2 :> (s1 :> StateProbe @@ s2 :> StateProbe @@ s3 :> StateProbe) @@
  s3 :> (s1 :> StateProbe @@ s2 :> StateProbe @@ s3 :> StateProbe) )
/\ msgSeqCounter = 9
/\ constraintCounters = [ timeout |-> 2,
  request |-> 0,
  restart |-> 1,
  drop |-> 2,
  duplicate |-> 0,
  heartbeat |-> 0,
  stepDown |-> 1,
  snapshot |-> 0,
  compact |-> 1,
  confChange |-> 0,
  reportUnreachable |-> 0,
  partition |-> 0 ]
/\ pendingMessages = <<>>
/\ appliedConfigIndex = (s1 :> 3 @@ s2 :> 3 @@ s3 :> 3)
/\ reconfigCount = 0
/\ votesResponded = (s1 :> {s2, s3} @@ s2 :> {} @@ s3 :> {})
/\ msgAppFlowPaused = ( s1 :> (s1 :> FALSE @@ s2 :> FALSE @@ s3 :> FALSE) @@
  s2 :> (s1 :> FALSE @@ s2 :> FALSE @@ s3 :> FALSE) @@
  s3 :> (s1 :> FALSE @@ s2 :> FALSE @@ s3 :> FALSE) )
/\ state = (s1 :> Candidate @@ s2 :> Follower @@ s3 :> Follower)
/\ pendingSnapshot = ( s1 :> (s1 :> 0 @@ s2 :> 0 @@ s3 :> 0) @@
  s2 :> (s1 :> 0 @@ s2 :> 0 @@ s3 :> 0) @@
  s3 :> (s1 :> 0 @@ s2 :> 0 @@ s3 :> 0) )
/\ config = ( s1 :>
      [ learners |-> {},
        jointConfig |-> <<{s1, s2, s3}, {}>>,
        autoLeave |-> FALSE ] @@
  s2 :>
      [ learners |-> {},
        jointConfig |-> <<{s1, s2, s3}, {}>>,
        autoLeave |-> FALSE ] @@
  s3 :>
      [ learners |-> {},
        jointConfig |-> <<{s1, s2, s3}, {}>>,
        autoLeave |-> FALSE ] )
/\ matchIndex = ( s1 :> (s1 :> 0 @@ s2 :> 0 @@ s3 :> 0) @@
  s2 :> (s1 :> 0 @@ s2 :> 0 @@ s3 :> 0) @@
  s3 :> (s1 :> 0 @@ s2 :> 0 @@ s3 :> 0) )
/\ applied = (s1 :> 3 @@ s2 :> 0 @@ s3 :> 3)
/\ votedFor = (s1 :> s1 @@ s2 :> s1 @@ s3 :> s3)
/\ durableState = ( s1 :>
      [ currentTerm |-> 2,
        votedFor |-> s1,
        log |-> 3,
        entries |->
            << [ value |-> [newconf |-> {s1}, learners |-> {}],
                 term |-> 1,
                 type |-> ConfigEntry ],
               [ value |-> [newconf |-> {s1, s2}, learners |-> {}],
                 term |-> 1,
                 type |-> ConfigEntry ],
               [ value |-> [newconf |-> {s1, s2, s3}, learners |-> {}],
                 term |-> 1,
                 type |-> ConfigEntry ] >>,
        snapshotIndex |-> 0,
        snapshotTerm |-> 0,
        snapshotHistory |-> <<>>,
        commitIndex |-> 3,
        config |->
            [ learners |-> {},
              jointConfig |-> <<{s1, s2, s3}, {}>>,
              autoLeave |-> FALSE ] ] @@
  s2 :>
      [ currentTerm |-> 2,
        votedFor |-> s1,
        log |-> 3,
        entries |->
            << [ value |-> [newconf |-> {s1}, learners |-> {}],
                 term |-> 1,
                 type |-> ConfigEntry ],
               [ value |-> [newconf |-> {s1, s2}, learners |-> {}],
                 term |-> 1,
                 type |-> ConfigEntry ],
               [ value |-> [newconf |-> {s1, s2, s3}, learners |-> {}],
                 term |-> 1,
                 type |-> ConfigEntry ] >>,
        snapshotIndex |-> 0,
        snapshotTerm |-> 0,
        commitIndex |-> 3,
        config |->
            [ learners |-> {},
              jointConfig |-> <<{s1, s2, s3}, {}>>,
              autoLeave |-> FALSE ],
        snapshotHistory |-> <<>> ] @@
  s3 :>
      [ currentTerm |-> 2,
        votedFor |-> s3,
        log |-> 3,
        entries |->
            << [ value |-> [newconf |-> {s1, s2, s3}, learners |-> {}],
                 term |-> 1,
                 type |-> ConfigEntry ] >>,
        snapshotIndex |-> 2,
        snapshotTerm |-> 1,
        commitIndex |-> 3,
        config |->
            [ learners |-> {},
              jointConfig |-> <<{s1, s2, s3}, {}>>,
              autoLeave |-> FALSE ],
        snapshotHistory |->
            << [ value |-> [newconf |-> {s1}, learners |-> {}],
                 term |-> 1,
                 type |-> ConfigEntry ],
               [ value |-> [newconf |-> {s1, s2}, learners |-> {}],
                 term |-> 1,
                 type |-> ConfigEntry ] >> ] )
/\ historyLog = ( s1 :>
      << [ value |-> [newconf |-> {s1}, learners |-> {}],
           term |-> 1,
           type |-> ConfigEntry ],
         [ value |-> [newconf |-> {s1, s2}, learners |-> {}],
           term |-> 1,
           type |-> ConfigEntry ],
         [ value |-> [newconf |-> {s1, s2, s3}, learners |-> {}],
           term |-> 1,
           type |-> ConfigEntry ] >> @@
  s2 :>
      << [ value |-> [newconf |-> {s1}, learners |-> {}],
           term |-> 1,
           type |-> ConfigEntry ],
         [ value |-> [newconf |-> {s1, s2}, learners |-> {}],
           term |-> 1,
           type |-> ConfigEntry ],
         [ value |-> [newconf |-> {s1, s2, s3}, learners |-> {}],
           term |-> 1,
           type |-> ConfigEntry ] >> @@
  s3 :>
      << [ value |-> [newconf |-> {s1}, learners |-> {}],
           term |-> 1,
           type |-> ConfigEntry ],
         [ value |-> [newconf |-> {s1, s2}, learners |-> {}],
           term |-> 1,
           type |-> ConfigEntry ],
         [ value |-> [newconf |-> {s1, s2, s3}, learners |-> {}],
           term |-> 1,
           type |-> ConfigEntry ] >> )
/\ nextIndex = ( s1 :> (s1 :> 1 @@ s2 :> 1 @@ s3 :> 1) @@
  s2 :> (s1 :> 1 @@ s2 :> 1 @@ s3 :> 1) @@
  s3 :> (s1 :> 1 @@ s2 :> 1 @@ s3 :> 1) )
/\ commitIndex = (s1 :> 3 @@ s2 :> 3 @@ s3 :> 3)
/\ inflights = ( s1 :> (s1 :> {} @@ s2 :> {} @@ s3 :> {}) @@
  s2 :> (s1 :> {} @@ s2 :> {} @@ s3 :> {}) @@
  s3 :> (s1 :> {} @@ s2 :> {} @@ s3 :> {}) )
/\ messages = ( [ mdest |-> s1,
    msource |-> s1,
    mterm |-> 2,
    mtype |-> RequestVoteResponse,
    mseq |-> 8,
    mvoteGranted |-> TRUE ] :>
      1 )
/\ currentTerm = (s1 :> 2 @@ s2 :> 2 @@ s3 :> 2)
/\ log = ( s1 :>
      [ offset |-> 1,
        entries |->
            << [ value |-> [newconf |-> {s1}, learners |-> {}],
                 term |-> 1,
                 type |-> ConfigEntry ],
               [ value |-> [newconf |-> {s1, s2}, learners |-> {}],
                 term |-> 1,
                 type |-> ConfigEntry ],
               [ value |-> [newconf |-> {s1, s2, s3}, learners |-> {}],
                 term |-> 1,
                 type |-> ConfigEntry ] >>,
        snapshotIndex |-> 0,
        snapshotTerm |-> 0 ] @@
  s2 :>
      [ offset |-> 1,
        entries |->
            << [ value |-> [newconf |-> {s1}, learners |-> {}],
                 term |-> 1,
                 type |-> ConfigEntry ],
               [ value |-> [newconf |-> {s1, s2}, learners |-> {}],
                 term |-> 1,
                 type |-> ConfigEntry ],
               [ value |-> [newconf |-> {s1, s2, s3}, learners |-> {}],
                 term |-> 1,
                 type |-> ConfigEntry ] >>,
        snapshotIndex |-> 0,
        snapshotTerm |-> 0 ] @@
  s3 :>
      [ offset |-> 3,
        entries |->
            << [ value |-> [newconf |-> {s1, s2, s3}, learners |-> {}],
                 term |-> 1,
                 type |-> ConfigEntry ] >>,
        snapshotIndex |-> 2,
        snapshotTerm |-> 1 ] )
/\ partitions = (s1 :> 0 @@ s2 :> 0 @@ s3 :> 0)
/\ votesGranted = (s1 :> {s2} @@ s2 :> {} @@ s3 :> {})
/\ pendingConfChangeIndex = (s1 :> 0 @@ s2 :> 0 @@ s3 :> 0)

@!@!@ENDMSG 2217 @!@!@
@!@!@STARTMSG 2217:4 @!@!@
21: <MCNextAsyncWithReady(s1) line 362, col 5 to line 362, col 35 of module MCetcdraft>
/\ progressState = ( s1 :> (s1 :> StateProbe @@ s2 :> StateProbe @@ s3 :> StateProbe) @@
  s2 :> (s1 :> StateProbe @@ s2 :> StateProbe @@ s3 :> StateProbe) @@
  s3 :> (s1 :> StateProbe @@ s2 :> StateProbe @@ s3 :> StateProbe) )
/\ msgSeqCounter = 9
/\ constraintCounters = [ timeout |-> 2,
  request |-> 0,
  restart |-> 1,
  drop |-> 2,
  duplicate |-> 0,
  heartbeat |-> 0,
  stepDown |-> 1,
  snapshot |-> 0,
  compact |-> 1,
  confChange |-> 0,
  reportUnreachable |-> 0,
  partition |-> 0 ]
/\ pendingMessages = <<>>
/\ appliedConfigIndex = (s1 :> 3 @@ s2 :> 3 @@ s3 :> 3)
/\ reconfigCount = 0
/\ votesResponded = (s1 :> {s1, s2, s3} @@ s2 :> {} @@ s3 :> {})
/\ msgAppFlowPaused = ( s1 :> (s1 :> FALSE @@ s2 :> FALSE @@ s3 :> FALSE) @@
  s2 :> (s1 :> FALSE @@ s2 :> FALSE @@ s3 :> FALSE) @@
  s3 :> (s1 :> FALSE @@ s2 :> FALSE @@ s3 :> FALSE) )
/\ state = (s1 :> Candidate @@ s2 :> Follower @@ s3 :> Follower)
/\ pendingSnapshot = ( s1 :> (s1 :> 0 @@ s2 :> 0 @@ s3 :> 0) @@
  s2 :> (s1 :> 0 @@ s2 :> 0 @@ s3 :> 0) @@
  s3 :> (s1 :> 0 @@ s2 :> 0 @@ s3 :> 0) )
/\ config = ( s1 :>
      [ learners |-> {},
        jointConfig |-> <<{s1, s2, s3}, {}>>,
        autoLeave |-> FALSE ] @@
  s2 :>
      [ learners |-> {},
        jointConfig |-> <<{s1, s2, s3}, {}>>,
        autoLeave |-> FALSE ] @@
  s3 :>
      [ learners |-> {},
        jointConfig |-> <<{s1, s2, s3}, {}>>,
        autoLeave |-> FALSE ] )
/\ matchIndex = ( s1 :> (s1 :> 0 @@ s2 :> 0 @@ s3 :> 0) @@
  s2 :> (s1 :> 0 @@ s2 :> 0 @@ s3 :> 0) @@
  s3 :> (s1 :> 0 @@ s2 :> 0 @@ s3 :> 0) )
/\ applied = (s1 :> 3 @@ s2 :> 0 @@ s3 :> 3)
/\ votedFor = (s1 :> s1 @@ s2 :> s1 @@ s3 :> s3)
/\ durableState = ( s1 :>
      [ currentTerm |-> 2,
        votedFor |-> s1,
        log |-> 3,
        entries |->
            << [ value |-> [newconf |-> {s1}, learners |-> {}],
                 term |-> 1,
                 type |-> ConfigEntry ],
               [ value |-> [newconf |-> {s1, s2}, learners |-> {}],
                 term |-> 1,
                 type |-> ConfigEntry ],
               [ value |-> [newconf |-> {s1, s2, s3}, learners |-> {}],
                 term |-> 1,
                 type |-> ConfigEntry ] >>,
        snapshotIndex |-> 0,
        snapshotTerm |-> 0,
        commitIndex |-> 3,
        config |->
            [ learners |-> {},
              jointConfig |-> <<{s1, s2, s3}, {}>>,
              autoLeave |-> FALSE ],
        snapshotHistory |-> <<>> ] @@
  s2 :>
      [ currentTerm |-> 2,
        votedFor |-> s1,
        log |-> 3,
        entries |->
            << [ value |-> [newconf |-> {s1}, learners |-> {}],
                 term |-> 1,
                 type |-> ConfigEntry ],
               [ value |-> [newconf |-> {s1, s2}, learners |-> {}],
                 term |-> 1,
                 type |-> ConfigEntry ],
               [ value |-> [newconf |-> {s1, s2, s3}, learners |-> {}],
                 term |-> 1,
                 type |-> ConfigEntry ] >>,
        snapshotIndex |-> 0,
        snapshotTerm |-> 0,
        commitIndex |-> 3,
        config |->
            [ learners |-> {},
              jointConfig |-> <<{s1, s2, s3}, {}>>,
              autoLeave |-> FALSE ],
        snapshotHistory |-> <<>> ] @@
  s3 :>
      [ currentTerm |-> 2,
        votedFor |-> s3,
        log |-> 3,
        entries |->
            << [ value |-> [newconf |-> {s1, s2, s3}, learners |-> {}],
                 term |-> 1,
                 type |-> ConfigEntry ] >>,
        snapshotIndex |-> 2,
        snapshotTerm |-> 1,
        commitIndex |-> 3,
        config |->
            [ learners |-> {},
              jointConfig |-> <<{s1, s2, s3}, {}>>,
              autoLeave |-> FALSE ],
        snapshotHistory |->
            << [ value |-> [newconf |-> {s1}, learners |-> {}],
                 term |-> 1,
                 type |-> ConfigEntry ],
               [ value |-> [newconf |-> {s1, s2}, learners |-> {}],
                 term |-> 1,
                 type |-> ConfigEntry ] >> ] )
/\ historyLog = ( s1 :>
      << [ value |-> [newconf |-> {s1}, learners |-> {}],
           term |-> 1,
           type |-> ConfigEntry ],
         [ value |-> [newconf |-> {s1, s2}, learners |-> {}],
           term |-> 1,
           type |-> ConfigEntry ],
         [ value |-> [newconf |-> {s1, s2, s3}, learners |-> {}],
           term |-> 1,
           type |-> ConfigEntry ] >> @@
  s2 :>
      << [ value |-> [newconf |-> {s1}, learners |-> {}],
           term |-> 1,
           type |-> ConfigEntry ],
         [ value |-> [newconf |-> {s1, s2}, learners |-> {}],
           term |-> 1,
           type |-> ConfigEntry ],
         [ value |-> [newconf |-> {s1, s2, s3}, learners |-> {}],
           term |-> 1,
           type |-> ConfigEntry ] >> @@
  s3 :>
      << [ value |-> [newconf |-> {s1}, learners |-> {}],
           term |-> 1,
           type |-> ConfigEntry ],
         [ value |-> [newconf |-> {s1, s2}, learners |-> {}],
           term |-> 1,
           type |-> ConfigEntry ],
         [ value |-> [newconf |-> {s1, s2, s3}, learners |-> {}],
           term |-> 1,
           type |-> ConfigEntry ] >> )
/\ nextIndex = ( s1 :> (s1 :> 1 @@ s2 :> 1 @@ s3 :> 1) @@
  s2 :> (s1 :> 1 @@ s2 :> 1 @@ s3 :> 1) @@
  s3 :> (s1 :> 1 @@ s2 :> 1 @@ s3 :> 1) )
/\ commitIndex = (s1 :> 3 @@ s2 :> 3 @@ s3 :> 3)
/\ inflights = ( s1 :> (s1 :> {} @@ s2 :> {} @@ s3 :> {}) @@
  s2 :> (s1 :> {} @@ s2 :> {} @@ s3 :> {}) @@
  s3 :> (s1 :> {} @@ s2 :> {} @@ s3 :> {}) )
/\ messages = <<>>
/\ currentTerm = (s1 :> 2 @@ s2 :> 2 @@ s3 :> 2)
/\ log = ( s1 :>
      [ offset |-> 1,
        entries |->
            << [ value |-> [newconf |-> {s1}, learners |-> {}],
                 term |-> 1,
                 type |-> ConfigEntry ],
               [ value |-> [newconf |-> {s1, s2}, learners |-> {}],
                 term |-> 1,
                 type |-> ConfigEntry ],
               [ value |-> [newconf |-> {s1, s2, s3}, learners |-> {}],
                 term |-> 1,
                 type |-> ConfigEntry ] >>,
        snapshotIndex |-> 0,
        snapshotTerm |-> 0 ] @@
  s2 :>
      [ offset |-> 1,
        entries |->
            << [ value |-> [newconf |-> {s1}, learners |-> {}],
                 term |-> 1,
                 type |-> ConfigEntry ],
               [ value |-> [newconf |-> {s1, s2}, learners |-> {}],
                 term |-> 1,
                 type |-> ConfigEntry ],
               [ value |-> [newconf |-> {s1, s2, s3}, learners |-> {}],
                 term |-> 1,
                 type |-> ConfigEntry ] >>,
        snapshotIndex |-> 0,
        snapshotTerm |-> 0 ] @@
  s3 :>
      [ offset |-> 3,
        entries |->
            << [ value |-> [newconf |-> {s1, s2, s3}, learners |-> {}],
                 term |-> 1,
                 type |-> ConfigEntry ] >>,
        snapshotIndex |-> 2,
        snapshotTerm |-> 1 ] )
/\ partitions = (s1 :> 0 @@ s2 :> 0 @@ s3 :> 0)
/\ votesGranted = (s1 :> {s1, s2} @@ s2 :> {} @@ s3 :> {})
/\ pendingConfChangeIndex = (s1 :> 0 @@ s2 :> 0 @@ s3 :> 0)

@!@!@ENDMSG 2217 @!@!@
@!@!@STARTMSG 2217:4 @!@!@
22: <MCNextAsyncWithReady(s1) line 362, col 5 to line 362, col 35 of module MCetcdraft>
/\ progressState = ( s1 :> (s1 :> StateReplicate @@ s2 :> StateProbe @@ s3 :> StateProbe) @@
  s2 :> (s1 :> StateProbe @@ s2 :> StateProbe @@ s3 :> StateProbe) @@
  s3 :> (s1 :> StateProbe @@ s2 :> StateProbe @@ s3 :> StateProbe) )
/\ msgSeqCounter = 9
/\ constraintCounters = [ timeout |-> 2,
  request |-> 0,
  restart |-> 1,
  drop |-> 2,
  duplicate |-> 0,
  heartbeat |-> 0,
  stepDown |-> 1,
  snapshot |-> 0,
  compact |-> 1,
  confChange |-> 0,
  reportUnreachable |-> 0,
  partition |-> 0 ]
/\ pendingMessages = <<>>
/\ appliedConfigIndex = (s1 :> 3 @@ s2 :> 3 @@ s3 :> 3)
/\ reconfigCount = 0
/\ votesResponded = (s1 :> {s1, s2, s3} @@ s2 :> {} @@ s3 :> {})
/\ msgAppFlowPaused = ( s1 :> (s1 :> FALSE @@ s2 :> FALSE @@ s3 :> FALSE) @@
  s2 :> (s1 :> FALSE @@ s2 :> FALSE @@ s3 :> FALSE) @@
  s3 :> (s1 :> FALSE @@ s2 :> FALSE @@ s3 :> FALSE) )
/\ state = (s1 :> Leader @@ s2 :> Follower @@ s3 :> Follower)
/\ pendingSnapshot = ( s1 :> (s1 :> 0 @@ s2 :> 0 @@ s3 :> 0) @@
  s2 :> (s1 :> 0 @@ s2 :> 0 @@ s3 :> 0) @@
  s3 :> (s1 :> 0 @@ s2 :> 0 @@ s3 :> 0) )
/\ config = ( s1 :>
      [ learners |-> {},
        jointConfig |-> <<{s1, s2, s3}, {}>>,
        autoLeave |-> FALSE ] @@
  s2 :>
      [ learners |-> {},
        jointConfig |-> <<{s1, s2, s3}, {}>>,
        autoLeave |-> FALSE ] @@
  s3 :>
      [ learners |-> {},
        jointConfig |-> <<{s1, s2, s3}, {}>>,
        autoLeave |-> FALSE ] )
/\ matchIndex = ( s1 :> (s1 :> 3 @@ s2 :> 0 @@ s3 :> 0) @@
  s2 :> (s1 :> 0 @@ s2 :> 0 @@ s3 :> 0) @@
  s3 :> (s1 :> 0 @@ s2 :> 0 @@ s3 :> 0) )
/\ applied = (s1 :> 3 @@ s2 :> 0 @@ s3 :> 3)
/\ votedFor = (s1 :> s1 @@ s2 :> s1 @@ s3 :> s3)
/\ durableState = ( s1 :>
      [ currentTerm |-> 2,
        votedFor |-> s1,
        log |-> 3,
        entries |->
            << [ value |-> [newconf |-> {s1}, learners |-> {}],
                 term |-> 1,
                 type |-> ConfigEntry ],
               [ value |-> [newconf |-> {s1, s2}, learners |-> {}],
                 term |-> 1,
                 type |-> ConfigEntry ],
               [ value |-> [newconf |-> {s1, s2, s3}, learners |-> {}],
                 term |-> 1,
                 type |-> ConfigEntry ] >>,
        snapshotIndex |-> 0,
        snapshotTerm |-> 0,
        commitIndex |-> 3,
        config |->
            [ learners |-> {},
              jointConfig |-> <<{s1, s2, s3}, {}>>,
              autoLeave |-> FALSE ],
        snapshotHistory |-> <<>> ] @@
  s2 :>
      [ currentTerm |-> 2,
        votedFor |-> s1,
        log |-> 3,
        entries |->
            << [ value |-> [newconf |-> {s1}, learners |-> {}],
                 term |-> 1,
                 type |-> ConfigEntry ],
               [ value |-> [newconf |-> {s1, s2}, learners |-> {}],
                 term |-> 1,
                 type |-> ConfigEntry ],
               [ value |-> [newconf |-> {s1, s2, s3}, learners |-> {}],
                 term |-> 1,
                 type |-> ConfigEntry ] >>,
        snapshotIndex |-> 0,
        snapshotTerm |-> 0,
        commitIndex |-> 3,
        config |->
            [ learners |-> {},
              jointConfig |-> <<{s1, s2, s3}, {}>>,
              autoLeave |-> FALSE ],
        snapshotHistory |-> <<>> ] @@
  s3 :>
      [ currentTerm |-> 2,
        votedFor |-> s3,
        log |-> 3,
        entries |->
            << [ value |-> [newconf |-> {s1, s2, s3}, learners |-> {}],
                 term |-> 1,
                 type |-> ConfigEntry ] >>,
        snapshotIndex |-> 2,
        snapshotTerm |-> 1,
        commitIndex |-> 3,
        config |->
            [ learners |-> {},
              jointConfig |-> <<{s1, s2, s3}, {}>>,
              autoLeave |-> FALSE ],
        snapshotHistory |->
            << [ value |-> [newconf |-> {s1}, learners |-> {}],
                 term |-> 1,
                 type |-> ConfigEntry ],
               [ value |-> [newconf |-> {s1, s2}, learners |-> {}],
                 term |-> 1,
                 type |-> ConfigEntry ] >> ] )
/\ historyLog = ( s1 :>
      << [ value |-> [newconf |-> {s1}, learners |-> {}],
           term |-> 1,
           type |-> ConfigEntry ],
         [ value |-> [newconf |-> {s1, s2}, learners |-> {}],
           term |-> 1,
           type |-> ConfigEntry ],
         [ value |-> [newconf |-> {s1, s2, s3}, learners |-> {}],
           term |-> 1,
           type |-> ConfigEntry ] >> @@
  s2 :>
      << [ value |-> [newconf |-> {s1}, learners |-> {}],
           term |-> 1,
           type |-> ConfigEntry ],
         [ value |-> [newconf |-> {s1, s2}, learners |-> {}],
           term |-> 1,
           type |-> ConfigEntry ],
         [ value |-> [newconf |-> {s1, s2, s3}, learners |-> {}],
           term |-> 1,
           type |-> ConfigEntry ] >> @@
  s3 :>
      << [ value |-> [newconf |-> {s1}, learners |-> {}],
           term |-> 1,
           type |-> ConfigEntry ],
         [ value |-> [newconf |-> {s1, s2}, learners |-> {}],
           term |-> 1,
           type |-> ConfigEntry ],
         [ value |-> [newconf |-> {s1, s2, s3}, learners |-> {}],
           term |-> 1,
           type |-> ConfigEntry ] >> )
/\ nextIndex = ( s1 :> (s1 :> 4 @@ s2 :> 4 @@ s3 :> 4) @@
  s2 :> (s1 :> 1 @@ s2 :> 1 @@ s3 :> 1) @@
  s3 :> (s1 :> 1 @@ s2 :> 1 @@ s3 :> 1) )
/\ commitIndex = (s1 :> 3 @@ s2 :> 3 @@ s3 :> 3)
/\ inflights = ( s1 :> (s1 :> {} @@ s2 :> {} @@ s3 :> {}) @@
  s2 :> (s1 :> {} @@ s2 :> {} @@ s3 :> {}) @@
  s3 :> (s1 :> {} @@ s2 :> {} @@ s3 :> {}) )
/\ messages = <<>>
/\ currentTerm = (s1 :> 2 @@ s2 :> 2 @@ s3 :> 2)
/\ log = ( s1 :>
      [ offset |-> 1,
        entries |->
            << [ value |-> [newconf |-> {s1}, learners |-> {}],
                 term |-> 1,
                 type |-> ConfigEntry ],
               [ value |-> [newconf |-> {s1, s2}, learners |-> {}],
                 term |-> 1,
                 type |-> ConfigEntry ],
               [ value |-> [newconf |-> {s1, s2, s3}, learners |-> {}],
                 term |-> 1,
                 type |-> ConfigEntry ] >>,
        snapshotIndex |-> 0,
        snapshotTerm |-> 0 ] @@
  s2 :>
      [ offset |-> 1,
        entries |->
            << [ value |-> [newconf |-> {s1}, learners |-> {}],
                 term |-> 1,
                 type |-> ConfigEntry ],
               [ value |-> [newconf |-> {s1, s2}, learners |-> {}],
                 term |-> 1,
                 type |-> ConfigEntry ],
               [ value |-> [newconf |-> {s1, s2, s3}, learners |-> {}],
                 term |-> 1,
                 type |-> ConfigEntry ] >>,
        snapshotIndex |-> 0,
        snapshotTerm |-> 0 ] @@
  s3 :>
      [ offset |-> 3,
        entries |->
            << [ value |-> [newconf |-> {s1, s2, s3}, learners |-> {}],
                 term |-> 1,
                 type |-> ConfigEntry ] >>,
        snapshotIndex |-> 2,
        snapshotTerm |-> 1 ] )
/\ partitions = (s1 :> 0 @@ s2 :> 0 @@ s3 :> 0)
/\ votesGranted = (s1 :> {s1, s2} @@ s2 :> {} @@ s3 :> {})
/\ pendingConfChangeIndex = (s1 :> 3 @@ s2 :> 0 @@ s3 :> 0)

@!@!@ENDMSG 2217 @!@!@
@!@!@STARTMSG 2217:4 @!@!@
23: <MCNextAsyncWithReady(s1) line 362, col 5 to line 362, col 35 of module MCetcdraft>
/\ progressState = ( s1 :> (s1 :> StateReplicate @@ s2 :> StateSnapshot @@ s3 :> StateProbe) @@
  s2 :> (s1 :> StateProbe @@ s2 :> StateProbe @@ s3 :> StateProbe) @@
  s3 :> (s1 :> StateProbe @@ s2 :> StateProbe @@ s3 :> StateProbe) )
/\ msgSeqCounter = 10
/\ constraintCounters = [ timeout |-> 2,
  request |-> 0,
  restart |-> 1,
  drop |-> 2,
  duplicate |-> 0,
  heartbeat |-> 0,
  stepDown |-> 1,
  snapshot |-> 1,
  compact |-> 1,
  confChange |-> 0,
  reportUnreachable |-> 0,
  partition |-> 0 ]
/\ pendingMessages = <<>>
/\ appliedConfigIndex = (s1 :> 3 @@ s2 :> 3 @@ s3 :> 3)
/\ reconfigCount = 0
/\ votesResponded = (s1 :> {s1, s2, s3} @@ s2 :> {} @@ s3 :> {})
/\ msgAppFlowPaused = ( s1 :> (s1 :> FALSE @@ s2 :> FALSE @@ s3 :> FALSE) @@
  s2 :> (s1 :> FALSE @@ s2 :> FALSE @@ s3 :> FALSE) @@
  s3 :> (s1 :> FALSE @@ s2 :> FALSE @@ s3 :> FALSE) )
/\ state = (s1 :> Leader @@ s2 :> Follower @@ s3 :> Follower)
/\ pendingSnapshot = ( s1 :> (s1 :> 0 @@ s2 :> 1 @@ s3 :> 0) @@
  s2 :> (s1 :> 0 @@ s2 :> 0 @@ s3 :> 0) @@
  s3 :> (s1 :> 0 @@ s2 :> 0 @@ s3 :> 0) )
/\ config = ( s1 :>
      [ learners |-> {},
        jointConfig |-> <<{s1, s2, s3}, {}>>,
        autoLeave |-> FALSE ] @@
  s2 :>
      [ learners |-> {},
        jointConfig |-> <<{s1, s2, s3}, {}>>,
        autoLeave |-> FALSE ] @@
  s3 :>
      [ learners |-> {},
        jointConfig |-> <<{s1, s2, s3}, {}>>,
        autoLeave |-> FALSE ] )
/\ matchIndex = ( s1 :> (s1 :> 3 @@ s2 :> 0 @@ s3 :> 0) @@
  s2 :> (s1 :> 0 @@ s2 :> 0 @@ s3 :> 0) @@
  s3 :> (s1 :> 0 @@ s2 :> 0 @@ s3 :> 0) )
/\ applied = (s1 :> 3 @@ s2 :> 0 @@ s3 :> 3)
/\ votedFor = (s1 :> s1 @@ s2 :> s1 @@ s3 :> s3)
/\ durableState = ( s1 :>
      [ currentTerm |-> 2,
        votedFor |-> s1,
        log |-> 3,
        entries |->
            << [ value |-> [newconf |-> {s1}, learners |-> {}],
                 term |-> 1,
                 type |-> ConfigEntry ],
               [ value |-> [newconf |-> {s1, s2}, learners |-> {}],
                 term |-> 1,
                 type |-> ConfigEntry ],
               [ value |-> [newconf |-> {s1, s2, s3}, learners |-> {}],
                 term |-> 1,
                 type |-> ConfigEntry ] >>,
        snapshotIndex |-> 0,
        snapshotTerm |-> 0,
        snapshotHistory |-> <<>>,
        commitIndex |-> 3,
        config |->
            [ learners |-> {},
              jointConfig |-> <<{s1, s2, s3}, {}>>,
              autoLeave |-> FALSE ] ] @@
  s2 :>
      [ currentTerm |-> 2,
        votedFor |-> s1,
        log |-> 3,
        entries |->
            << [ value |-> [newconf |-> {s1}, learners |-> {}],
                 term |-> 1,
                 type |-> ConfigEntry ],
               [ value |-> [newconf |-> {s1, s2}, learners |-> {}],
                 term |-> 1,
                 type |-> ConfigEntry ],
               [ value |-> [newconf |-> {s1, s2, s3}, learners |-> {}],
                 term |-> 1,
                 type |-> ConfigEntry ] >>,
        snapshotIndex |-> 0,
        snapshotTerm |-> 0,
        commitIndex |-> 3,
        config |->
            [ learners |-> {},
              jointConfig |-> <<{s1, s2, s3}, {}>>,
              autoLeave |-> FALSE ],
        snapshotHistory |-> <<>> ] @@
  s3 :>
      [ currentTerm |-> 2,
        votedFor |-> s3,
        log |-> 3,
        entries |->
            << [ value |-> [newconf |-> {s1, s2, s3}, learners |-> {}],
                 term |-> 1,
                 type |-> ConfigEntry ] >>,
        snapshotIndex |-> 2,
        snapshotTerm |-> 1,
        commitIndex |-> 3,
        config |->
            [ learners |-> {},
              jointConfig |-> <<{s1, s2, s3}, {}>>,
              autoLeave |-> FALSE ],
        snapshotHistory |->
            << [ value |-> [newconf |-> {s1}, learners |-> {}],
                 term |-> 1,
                 type |-> ConfigEntry ],
               [ value |-> [newconf |-> {s1, s2}, learners |-> {}],
                 term |-> 1,
                 type |-> ConfigEntry ] >> ] )
/\ historyLog = ( s1 :>
      << [ value |-> [newconf |-> {s1}, learners |-> {}],
           term |-> 1,
           type |-> ConfigEntry ],
         [ value |-> [newconf |-> {s1, s2}, learners |-> {}],
           term |-> 1,
           type |-> ConfigEntry ],
         [ value |-> [newconf |-> {s1, s2, s3}, learners |-> {}],
           term |-> 1,
           type |-> ConfigEntry ] >> @@
  s2 :>
      << [ value |-> [newconf |-> {s1}, learners |-> {}],
           term |-> 1,
           type |-> ConfigEntry ],
         [ value |-> [newconf |-> {s1, s2}, learners |-> {}],
           term |-> 1,
           type |-> ConfigEntry ],
         [ value |-> [newconf |-> {s1, s2, s3}, learners |-> {}],
           term |-> 1,
           type |-> ConfigEntry ] >> @@
  s3 :>
      << [ value |-> [newconf |-> {s1}, learners |-> {}],
           term |-> 1,
           type |-> ConfigEntry ],
         [ value |-> [newconf |-> {s1, s2}, learners |-> {}],
           term |-> 1,
           type |-> ConfigEntry ],
         [ value |-> [newconf |-> {s1, s2, s3}, learners |-> {}],
           term |-> 1,
           type |-> ConfigEntry ] >> )
/\ nextIndex = ( s1 :> (s1 :> 4 @@ s2 :> 2 @@ s3 :> 4) @@
  s2 :> (s1 :> 1 @@ s2 :> 1 @@ s3 :> 1) @@
  s3 :> (s1 :> 1 @@ s2 :> 1 @@ s3 :> 1) )
/\ commitIndex = (s1 :> 3 @@ s2 :> 3 @@ s3 :> 3)
/\ inflights = ( s1 :> (s1 :> {} @@ s2 :> {} @@ s3 :> {}) @@
  s2 :> (s1 :> {} @@ s2 :> {} @@ s3 :> {}) @@
  s3 :> (s1 :> {} @@ s2 :> {} @@ s3 :> {}) )
/\ messages = ( [ mdest |-> s2,
    msource |-> s1,
    mterm |-> 2,
    mtype |-> SnapshotRequest,
    mseq |-> 9,
    msnapshotIndex |-> 1,
    msnapshotTerm |-> 1,
    mhistory |->
        << [ value |-> [newconf |-> {s1}, learners |-> {}],
             term |-> 1,
             type |-> ConfigEntry ] >>,
    mconfState |->
        [ learners |-> {},
          autoLeave |-> FALSE,
          voters |-> {s1},
          outgoing |-> {} ] ] :>
      1 )
/\ currentTerm = (s1 :> 2 @@ s2 :> 2 @@ s3 :> 2)
/\ log = ( s1 :>
      [ offset |-> 1,
        entries |->
            << [ value |-> [newconf |-> {s1}, learners |-> {}],
                 term |-> 1,
                 type |-> ConfigEntry ],
               [ value |-> [newconf |-> {s1, s2}, learners |-> {}],
                 term |-> 1,
                 type |-> ConfigEntry ],
               [ value |-> [newconf |-> {s1, s2, s3}, learners |-> {}],
                 term |-> 1,
                 type |-> ConfigEntry ] >>,
        snapshotIndex |-> 0,
        snapshotTerm |-> 0 ] @@
  s2 :>
      [ offset |-> 1,
        entries |->
            << [ value |-> [newconf |-> {s1}, learners |-> {}],
                 term |-> 1,
                 type |-> ConfigEntry ],
               [ value |-> [newconf |-> {s1, s2}, learners |-> {}],
                 term |-> 1,
                 type |-> ConfigEntry ],
               [ value |-> [newconf |-> {s1, s2, s3}, learners |-> {}],
                 term |-> 1,
                 type |-> ConfigEntry ] >>,
        snapshotIndex |-> 0,
        snapshotTerm |-> 0 ] @@
  s3 :>
      [ offset |-> 3,
        entries |->
            << [ value |-> [newconf |-> {s1, s2, s3}, learners |-> {}],
                 term |-> 1,
                 type |-> ConfigEntry ] >>,
        snapshotIndex |-> 2,
        snapshotTerm |-> 1 ] )
/\ partitions = (s1 :> 0 @@ s2 :> 0 @@ s3 :> 0)
/\ votesGranted = (s1 :> {s1, s2} @@ s2 :> {} @@ s3 :> {})
/\ pendingConfChangeIndex = (s1 :> 3 @@ s2 :> 0 @@ s3 :> 0)

@!@!@ENDMSG 2217 @!@!@
@!@!@STARTMSG 2217:4 @!@!@
24: <MCDynamicConfigActions line 415, col 8 to line 415, col 43 of module MCetcdraft>
/\ progressState = ( s1 :> (s1 :> StateReplicate @@ s2 :> StateSnapshot @@ s3 :> StateProbe) @@
  s2 :> (s1 :> StateProbe @@ s2 :> StateProbe @@ s3 :> StateProbe) @@
  s3 :> (s1 :> StateProbe @@ s2 :> StateProbe @@ s3 :> StateProbe) )
/\ msgSeqCounter = 10
/\ constraintCounters = [ timeout |-> 2,
  request |-> 0,
  restart |-> 1,
  drop |-> 2,
  duplicate |-> 0,
  heartbeat |-> 0,
  stepDown |-> 1,
  snapshot |-> 1,
  compact |-> 1,
  confChange |-> 1,
  reportUnreachable |-> 0,
  partition |-> 0 ]
/\ pendingMessages = <<>>
/\ appliedConfigIndex = (s1 :> 3 @@ s2 :> 3 @@ s3 :> 3)
/\ reconfigCount = 0
/\ votesResponded = (s1 :> {s1, s2, s3} @@ s2 :> {} @@ s3 :> {})
/\ msgAppFlowPaused = ( s1 :> (s1 :> FALSE @@ s2 :> FALSE @@ s3 :> FALSE) @@
  s2 :> (s1 :> FALSE @@ s2 :> FALSE @@ s3 :> FALSE) @@
  s3 :> (s1 :> FALSE @@ s2 :> FALSE @@ s3 :> FALSE) )
/\ state = (s1 :> Leader @@ s2 :> Follower @@ s3 :> Follower)
/\ pendingSnapshot = ( s1 :> (s1 :> 0 @@ s2 :> 1 @@ s3 :> 0) @@
  s2 :> (s1 :> 0 @@ s2 :> 0 @@ s3 :> 0) @@
  s3 :> (s1 :> 0 @@ s2 :> 0 @@ s3 :> 0) )
/\ config = ( s1 :>
      [ learners |-> {},
        jointConfig |-> <<{s1, s2, s3}, {}>>,
        autoLeave |-> FALSE ] @@
  s2 :>
      [ learners |-> {},
        jointConfig |-> <<{s1, s2, s3}, {}>>,
        autoLeave |-> FALSE ] @@
  s3 :>
      [ learners |-> {},
        jointConfig |-> <<{s1, s2, s3}, {}>>,
        autoLeave |-> FALSE ] )
/\ matchIndex = ( s1 :> (s1 :> 3 @@ s2 :> 0 @@ s3 :> 0) @@
  s2 :> (s1 :> 0 @@ s2 :> 0 @@ s3 :> 0) @@
  s3 :> (s1 :> 0 @@ s2 :> 0 @@ s3 :> 0) )
/\ applied = (s1 :> 3 @@ s2 :> 0 @@ s3 :> 3)
/\ votedFor = (s1 :> s1 @@ s2 :> s1 @@ s3 :> s3)
/\ durableState = ( s1 :>
      [ currentTerm |-> 2,
        votedFor |-> s1,
        log |-> 3,
        entries |->
            << [ value |-> [newconf |-> {s1}, learners |-> {}],
                 term |-> 1,
                 type |-> ConfigEntry ],
               [ value |-> [newconf |-> {s1, s2}, learners |-> {}],
                 term |-> 1,
                 type |-> ConfigEntry ],
               [ value |-> [newconf |-> {s1, s2, s3}, learners |-> {}],
                 term |-> 1,
                 type |-> ConfigEntry ] >>,
        snapshotIndex |-> 0,
        snapshotTerm |-> 0,
        commitIndex |-> 3,
        config |->
            [ learners |-> {},
              jointConfig |-> <<{s1, s2, s3}, {}>>,
              autoLeave |-> FALSE ],
        snapshotHistory |-> <<>> ] @@
  s2 :>
      [ currentTerm |-> 2,
        votedFor |-> s1,
        log |-> 3,
        entries |->
            << [ value |-> [newconf |-> {s1}, learners |-> {}],
                 term |-> 1,
                 type |-> ConfigEntry ],
               [ value |-> [newconf |-> {s1, s2}, learners |-> {}],
                 term |-> 1,
                 type |-> ConfigEntry ],
               [ value |-> [newconf |-> {s1, s2, s3}, learners |-> {}],
                 term |-> 1,
                 type |-> ConfigEntry ] >>,
        snapshotIndex |-> 0,
        snapshotTerm |-> 0,
        commitIndex |-> 3,
        config |->
            [ learners |-> {},
              jointConfig |-> <<{s1, s2, s3}, {}>>,
              autoLeave |-> FALSE ],
        snapshotHistory |-> <<>> ] @@
  s3 :>
      [ currentTerm |-> 2,
        votedFor |-> s3,
        log |-> 3,
        entries |->
            << [ value |-> [newconf |-> {s1, s2, s3}, learners |-> {}],
                 term |-> 1,
                 type |-> ConfigEntry ] >>,
        snapshotIndex |-> 2,
        snapshotTerm |-> 1,
        commitIndex |-> 3,
        config |->
            [ learners |-> {},
              jointConfig |-> <<{s1, s2, s3}, {}>>,
              autoLeave |-> FALSE ],
        snapshotHistory |->
            << [ value |-> [newconf |-> {s1}, learners |-> {}],
                 term |-> 1,
                 type |-> ConfigEntry ],
               [ value |-> [newconf |-> {s1, s2}, learners |-> {}],
                 term |-> 1,
                 type |-> ConfigEntry ] >> ] )
/\ historyLog = ( s1 :>
      << [ value |-> [newconf |-> {s1}, learners |-> {}],
           term |-> 1,
           type |-> ConfigEntry ],
         [ value |-> [newconf |-> {s1, s2}, learners |-> {}],
           term |-> 1,
           type |-> ConfigEntry ],
         [ value |-> [newconf |-> {s1, s2, s3}, learners |-> {}],
           term |-> 1,
           type |-> ConfigEntry ],
         [ value |->
               [ newconf |-> {s3},
                 learners |-> {},
                 enterJoint |-> TRUE,
                 oldconf |-> {s1, s2, s3} ],
           term |-> 2,
           type |-> ConfigEntry ] >> @@
  s2 :>
      << [ value |-> [newconf |-> {s1}, learners |-> {}],
           term |-> 1,
           type |-> ConfigEntry ],
         [ value |-> [newconf |-> {s1, s2}, learners |-> {}],
           term |-> 1,
           type |-> ConfigEntry ],
         [ value |-> [newconf |-> {s1, s2, s3}, learners |-> {}],
           term |-> 1,
           type |-> ConfigEntry ] >> @@
  s3 :>
      << [ value |-> [newconf |-> {s1}, learners |-> {}],
           term |-> 1,
           type |-> ConfigEntry ],
         [ value |-> [newconf |-> {s1, s2}, learners |-> {}],
           term |-> 1,
           type |-> ConfigEntry ],
         [ value |-> [newconf |-> {s1, s2, s3}, learners |-> {}],
           term |-> 1,
           type |-> ConfigEntry ] >> )
/\ nextIndex = ( s1 :> (s1 :> 4 @@ s2 :> 2 @@ s3 :> 4) @@
  s2 :> (s1 :> 1 @@ s2 :> 1 @@ s3 :> 1) @@
  s3 :> (s1 :> 1 @@ s2 :> 1 @@ s3 :> 1) )
/\ commitIndex = (s1 :> 3 @@ s2 :> 3 @@ s3 :> 3)
/\ inflights = ( s1 :> (s1 :> {} @@ s2 :> {} @@ s3 :> {}) @@
  s2 :> (s1 :> {} @@ s2 :> {} @@ s3 :> {}) @@
  s3 :> (s1 :> {} @@ s2 :> {} @@ s3 :> {}) )
/\ messages = ( [ mdest |-> s2,
    msource |-> s1,
    mterm |-> 2,
    mtype |-> SnapshotRequest,
    mseq |-> 9,
    msnapshotIndex |-> 1,
    msnapshotTerm |-> 1,
    mhistory |->
        << [ value |-> [newconf |-> {s1}, learners |-> {}],
             term |-> 1,
             type |-> ConfigEntry ] >>,
    mconfState |->
        [ learners |-> {},
          autoLeave |-> FALSE,
          voters |-> {s1},
          outgoing |-> {} ] ] :>
      1 )
/\ currentTerm = (s1 :> 2 @@ s2 :> 2 @@ s3 :> 2)
/\ log = ( s1 :>
      [ offset |-> 1,
        entries |->
            << [ value |-> [newconf |-> {s1}, learners |-> {}],
                 term |-> 1,
                 type |-> ConfigEntry ],
               [ value |-> [newconf |-> {s1, s2}, learners |-> {}],
                 term |-> 1,
                 type |-> ConfigEntry ],
               [ value |-> [newconf |-> {s1, s2, s3}, learners |-> {}],
                 term |-> 1,
                 type |-> ConfigEntry ],
               [ value |->
                     [ newconf |-> {s3},
                       learners |-> {},
                       enterJoint |-> TRUE,
                       oldconf |-> {s1, s2, s3} ],
                 term |-> 2,
                 type |-> ConfigEntry ] >>,
        snapshotIndex |-> 0,
        snapshotTerm |-> 0 ] @@
  s2 :>
      [ offset |-> 1,
        entries |->
            << [ value |-> [newconf |-> {s1}, learners |-> {}],
                 term |-> 1,
                 type |-> ConfigEntry ],
               [ value |-> [newconf |-> {s1, s2}, learners |-> {}],
                 term |-> 1,
                 type |-> ConfigEntry ],
               [ value |-> [newconf |-> {s1, s2, s3}, learners |-> {}],
                 term |-> 1,
                 type |-> ConfigEntry ] >>,
        snapshotIndex |-> 0,
        snapshotTerm |-> 0 ] @@
  s3 :>
      [ offset |-> 3,
        entries |->
            << [ value |-> [newconf |-> {s1, s2, s3}, learners |-> {}],
                 term |-> 1,
                 type |-> ConfigEntry ] >>,
        snapshotIndex |-> 2,
        snapshotTerm |-> 1 ] )
/\ partitions = (s1 :> 0 @@ s2 :> 0 @@ s3 :> 0)
/\ votesGranted = (s1 :> {s1, s2} @@ s2 :> {} @@ s3 :> {})
/\ pendingConfChangeIndex = (s1 :> 4 @@ s2 :> 0 @@ s3 :> 0)

@!@!@ENDMSG 2217 @!@!@
@!@!@STARTMSG 2217:4 @!@!@
25: <MCNextAsyncWithReady(s2) line 362, col 5 to line 362, col 35 of module MCetcdraft>
/\ progressState = ( s1 :> (s1 :> StateReplicate @@ s2 :> StateSnapshot @@ s3 :> StateProbe) @@
  s2 :> (s1 :> StateProbe @@ s2 :> StateProbe @@ s3 :> StateProbe) @@
  s3 :> (s1 :> StateProbe @@ s2 :> StateProbe @@ s3 :> StateProbe) )
/\ msgSeqCounter = 11
/\ constraintCounters = [ timeout |-> 2,
  request |-> 0,
  restart |-> 1,
  drop |-> 2,
  duplicate |-> 0,
  heartbeat |-> 0,
  stepDown |-> 1,
  snapshot |-> 1,
  compact |-> 1,
  confChange |-> 1,
  reportUnreachable |-> 0,
  partition |-> 0 ]
/\ pendingMessages = <<>>
/\ appliedConfigIndex = (s1 :> 3 @@ s2 :> 3 @@ s3 :> 3)
/\ reconfigCount = 0
/\ votesResponded = (s1 :> {s1, s2, s3} @@ s2 :> {} @@ s3 :> {})
/\ msgAppFlowPaused = ( s1 :> (s1 :> FALSE @@ s2 :> FALSE @@ s3 :> FALSE) @@
  s2 :> (s1 :> FALSE @@ s2 :> FALSE @@ s3 :> FALSE) @@
  s3 :> (s1 :> FALSE @@ s2 :> FALSE @@ s3 :> FALSE) )
/\ state = (s1 :> Leader @@ s2 :> Follower @@ s3 :> Follower)
/\ pendingSnapshot = ( s1 :> (s1 :> 0 @@ s2 :> 1 @@ s3 :> 0) @@
  s2 :> (s1 :> 0 @@ s2 :> 0 @@ s3 :> 0) @@
  s3 :> (s1 :> 0 @@ s2 :> 0 @@ s3 :> 0) )
/\ config = ( s1 :>
      [ learners |-> {},
        jointConfig |-> <<{s1, s2, s3}, {}>>,
        autoLeave |-> FALSE ] @@
  s2 :>
      [ learners |-> {},
        jointConfig |-> <<{s1, s2, s3}, {}>>,
        autoLeave |-> FALSE ] @@
  s3 :>
      [ learners |-> {},
        jointConfig |-> <<{s1, s2, s3}, {}>>,
        autoLeave |-> FALSE ] )
/\ matchIndex = ( s1 :> (s1 :> 3 @@ s2 :> 0 @@ s3 :> 0) @@
  s2 :> (s1 :> 0 @@ s2 :> 0 @@ s3 :> 0) @@
  s3 :> (s1 :> 0 @@ s2 :> 0 @@ s3 :> 0) )
/\ applied = (s1 :> 3 @@ s2 :> 0 @@ s3 :> 3)
/\ votedFor = (s1 :> s1 @@ s2 :> s1 @@ s3 :> s3)
/\ durableState = ( s1 :>
      [ currentTerm |-> 2,
        votedFor |-> s1,
        log |-> 3,
        entries |->
            << [ value |-> [newconf |-> {s1}, learners |-> {}],
                 term |-> 1,
                 type |-> ConfigEntry ],
               [ value |-> [newconf |-> {s1, s2}, learners |-> {}],
                 term |-> 1,
                 type |-> ConfigEntry ],
               [ value |-> [newconf |-> {s1, s2, s3}, learners |-> {}],
                 term |-> 1,
                 type |-> ConfigEntry ] >>,
        snapshotIndex |-> 0,
        snapshotTerm |-> 0,
        commitIndex |-> 3,
        config |->
            [ learners |-> {},
              jointConfig |-> <<{s1, s2, s3}, {}>>,
              autoLeave |-> FALSE ],
        snapshotHistory |-> <<>> ] @@
  s2 :>
      [ currentTerm |-> 2,
        votedFor |-> s1,
        log |-> 3,
        entries |->
            << [ value |-> [newconf |-> {s1}, learners |-> {}],
                 term |-> 1,
                 type |-> ConfigEntry ],
               [ value |-> [newconf |-> {s1, s2}, learners |-> {}],
                 term |-> 1,
                 type |-> ConfigEntry ],
               [ value |-> [newconf |-> {s1, s2, s3}, learners |-> {}],
                 term |-> 1,
                 type |-> ConfigEntry ] >>,
        snapshotIndex |-> 0,
        snapshotTerm |-> 0,
        commitIndex |-> 3,
        config |->
            [ learners |-> {},
              jointConfig |-> <<{s1, s2, s3}, {}>>,
              autoLeave |-> FALSE ],
        snapshotHistory |-> <<>> ] @@
  s3 :>
      [ currentTerm |-> 2,
        votedFor |-> s3,
        log |-> 3,
        entries |->
            << [ value |-> [newconf |-> {s1, s2, s3}, learners |-> {}],
                 term |-> 1,
                 type |-> ConfigEntry ] >>,
        snapshotIndex |-> 2,
        snapshotTerm |-> 1,
        commitIndex |-> 3,
        config |->
            [ learners |-> {},
              jointConfig |-> <<{s1, s2, s3}, {}>>,
              autoLeave |-> FALSE ],
        snapshotHistory |->
            << [ value |-> [newconf |-> {s1}, learners |-> {}],
                 term |-> 1,
                 type |-> ConfigEntry ],
               [ value |-> [newconf |-> {s1, s2}, learners |-> {}],
                 term |-> 1,
                 type |-> ConfigEntry ] >> ] )
/\ historyLog = ( s1 :>
      << [ value |-> [newconf |-> {s1}, learners |-> {}],
           term |-> 1,
           type |-> ConfigEntry ],
         [ value |-> [newconf |-> {s1, s2}, learners |-> {}],
           term |-> 1,
           type |-> ConfigEntry ],
         [ value |-> [newconf |-> {s1, s2, s3}, learners |-> {}],
           term |-> 1,
           type |-> ConfigEntry ],
         [ value |->
               [ newconf |-> {s3},
                 learners |-> {},
                 enterJoint |-> TRUE,
                 oldconf |-> {s1, s2, s3} ],
           term |-> 2,
           type |-> ConfigEntry ] >> @@
  s2 :>
      << [ value |-> [newconf |-> {s1}, learners |-> {}],
           term |-> 1,
           type |-> ConfigEntry ],
         [ value |-> [newconf |-> {s1, s2}, learners |-> {}],
           term |-> 1,
           type |-> ConfigEntry ],
         [ value |-> [newconf |-> {s1, s2, s3}, learners |-> {}],
           term |-> 1,
           type |-> ConfigEntry ] >> @@
  s3 :>
      << [ value |-> [newconf |-> {s1}, learners |-> {}],
           term |-> 1,
           type |-> ConfigEntry ],
         [ value |-> [newconf |-> {s1, s2}, learners |-> {}],
           term |-> 1,
           type |-> ConfigEntry ],
         [ value |-> [newconf |-> {s1, s2, s3}, learners |-> {}],
           term |-> 1,
           type |-> ConfigEntry ] >> )
/\ nextIndex = ( s1 :> (s1 :> 4 @@ s2 :> 2 @@ s3 :> 4) @@
  s2 :> (s1 :> 1 @@ s2 :> 1 @@ s3 :> 1) @@
  s3 :> (s1 :> 1 @@ s2 :> 1 @@ s3 :> 1) )
/\ commitIndex = (s1 :> 3 @@ s2 :> 3 @@ s3 :> 3)
/\ inflights = ( s1 :> (s1 :> {} @@ s2 :> {} @@ s3 :> {}) @@
  s2 :> (s1 :> {} @@ s2 :> {} @@ s3 :> {}) @@
  s3 :> (s1 :> {} @@ s2 :> {} @@ s3 :> {}) )
/\ messages = ( [ mdest |-> s1,
    msource |-> s2,
    mterm |-> 2,
    mtype |-> AppendEntriesResponse,
    mseq |-> 10,
    msubtype |-> "app",
    msuccess |-> TRUE,
    mmatchIndex |-> 3,
    mrejectHint |-> 0,
    mlogTerm |-> 0 ] :>
      1 )
/\ currentTerm = (s1 :> 2 @@ s2 :> 2 @@ s3 :> 2)
/\ log = ( s1 :>
      [ offset |-> 1,
        entries |->
            << [ value |-> [newconf |-> {s1}, learners |-> {}],
                 term |-> 1,
                 type |-> ConfigEntry ],
               [ value |-> [newconf |-> {s1, s2}, learners |-> {}],
                 term |-> 1,
                 type |-> ConfigEntry ],
               [ value |-> [newconf |-> {s1, s2, s3}, learners |-> {}],
                 term |-> 1,
                 type |-> ConfigEntry ],
               [ value |->
                     [ newconf |-> {s3},
                       learners |-> {},
                       enterJoint |-> TRUE,
                       oldconf |-> {s1, s2, s3} ],
                 term |-> 2,
                 type |-> ConfigEntry ] >>,
        snapshotIndex |-> 0,
        snapshotTerm |-> 0 ] @@
  s2 :>
      [ offset |-> 1,
        entries |->
            << [ value |-> [newconf |-> {s1}, learners |-> {}],
                 term |-> 1,
                 type |-> ConfigEntry ],
               [ value |-> [newconf |-> {s1, s2}, learners |-> {}],
                 term |-> 1,
                 type |-> ConfigEntry ],
               [ value |-> [newconf |-> {s1, s2, s3}, learners |-> {}],
                 term |-> 1,
                 type |-> ConfigEntry ] >>,
        snapshotIndex |-> 0,
        snapshotTerm |-> 0 ] @@
  s3 :>
      [ offset |-> 3,
        entries |->
            << [ value |-> [newconf |-> {s1, s2, s3}, learners |-> {}],
                 term |-> 1,
                 type |-> ConfigEntry ] >>,
        snapshotIndex |-> 2,
        snapshotTerm |-> 1 ] )
/\ partitions = (s1 :> 0 @@ s2 :> 0 @@ s3 :> 0)
/\ votesGranted = (s1 :> {s1, s2} @@ s2 :> {} @@ s3 :> {})
/\ pendingConfChangeIndex = (s1 :> 4 @@ s2 :> 0 @@ s3 :> 0)

@!@!@ENDMSG 2217 @!@!@
@!@!@STARTMSG 2217:4 @!@!@
26: <MCNextAsyncWithReady(s1) line 362, col 5 to line 362, col 35 of module MCetcdraft>
/\ progressState = ( s1 :> (s1 :> StateReplicate @@ s2 :> StateSnapshot @@ s3 :> StateProbe) @@
  s2 :> (s1 :> StateProbe @@ s2 :> StateProbe @@ s3 :> StateProbe) @@
  s3 :> (s1 :> StateProbe @@ s2 :> StateProbe @@ s3 :> StateProbe) )
/\ msgSeqCounter = 11
/\ constraintCounters = [ timeout |-> 2,
  request |-> 1,
  restart |-> 1,
  drop |-> 2,
  duplicate |-> 0,
  heartbeat |-> 0,
  stepDown |-> 1,
  snapshot |-> 1,
  compact |-> 1,
  confChange |-> 1,
  reportUnreachable |-> 0,
  partition |-> 0 ]
/\ pendingMessages = <<>>
/\ appliedConfigIndex = (s1 :> 3 @@ s2 :> 3 @@ s3 :> 3)
/\ reconfigCount = 0
/\ votesResponded = (s1 :> {s1, s2, s3} @@ s2 :> {} @@ s3 :> {})
/\ msgAppFlowPaused = ( s1 :> (s1 :> FALSE @@ s2 :> FALSE @@ s3 :> FALSE) @@
  s2 :> (s1 :> FALSE @@ s2 :> FALSE @@ s3 :> FALSE) @@
  s3 :> (s1 :> FALSE @@ s2 :> FALSE @@ s3 :> FALSE) )
/\ state = (s1 :> Leader @@ s2 :> Follower @@ s3 :> Follower)
/\ pendingSnapshot = ( s1 :> (s1 :> 0 @@ s2 :> 1 @@ s3 :> 0) @@
  s2 :> (s1 :> 0 @@ s2 :> 0 @@ s3 :> 0) @@
  s3 :> (s1 :> 0 @@ s2 :> 0 @@ s3 :> 0) )
/\ config = ( s1 :>
      [ learners |-> {},
        jointConfig |-> <<{s1, s2, s3}, {}>>,
        autoLeave |-> FALSE ] @@
  s2 :>
      [ learners |-> {},
        jointConfig |-> <<{s1, s2, s3}, {}>>,
        autoLeave |-> FALSE ] @@
  s3 :>
      [ learners |-> {},
        jointConfig |-> <<{s1, s2, s3}, {}>>,
        autoLeave |-> FALSE ] )
/\ matchIndex = ( s1 :> (s1 :> 3 @@ s2 :> 0 @@ s3 :> 0) @@
  s2 :> (s1 :> 0 @@ s2 :> 0 @@ s3 :> 0) @@
  s3 :> (s1 :> 0 @@ s2 :> 0 @@ s3 :> 0) )
/\ applied = (s1 :> 3 @@ s2 :> 0 @@ s3 :> 3)
/\ votedFor = (s1 :> s1 @@ s2 :> s1 @@ s3 :> s3)
/\ durableState = ( s1 :>
      [ currentTerm |-> 2,
        votedFor |-> s1,
        log |-> 5,
        entries |->
            << [ value |-> [newconf |-> {s1}, learners |-> {}],
                 term |-> 1,
                 type |-> ConfigEntry ],
               [ value |-> [newconf |-> {s1, s2}, learners |-> {}],
                 term |-> 1,
                 type |-> ConfigEntry ],
               [ value |-> [newconf |-> {s1, s2, s3}, learners |-> {}],
                 term |-> 1,
                 type |-> ConfigEntry ],
               [ value |->
                     [ newconf |-> {s3},
                       learners |-> {},
                       enterJoint |-> TRUE,
                       oldconf |-> {s1, s2, s3} ],
                 term |-> 2,
                 type |-> ConfigEntry ],
               [value |-> [val |-> v1], term |-> 2, type |-> ValueEntry] >>,
        snapshotIndex |-> 0,
        snapshotTerm |-> 0,
        snapshotHistory |-> <<>>,
        commitIndex |-> 3,
        config |->
            [ learners |-> {},
              jointConfig |-> <<{s1, s2, s3}, {}>>,
              autoLeave |-> FALSE ] ] @@
  s2 :>
      [ currentTerm |-> 2,
        votedFor |-> s1,
        log |-> 3,
        entries |->
            << [ value |-> [newconf |-> {s1}, learners |-> {}],
                 term |-> 1,
                 type |-> ConfigEntry ],
               [ value |-> [newconf |-> {s1, s2}, learners |-> {}],
                 term |-> 1,
                 type |-> ConfigEntry ],
               [ value |-> [newconf |-> {s1, s2, s3}, learners |-> {}],
                 term |-> 1,
                 type |-> ConfigEntry ] >>,
        snapshotIndex |-> 0,
        snapshotTerm |-> 0,
        commitIndex |-> 3,
        config |->
            [ learners |-> {},
              jointConfig |-> <<{s1, s2, s3}, {}>>,
              autoLeave |-> FALSE ],
        snapshotHistory |-> <<>> ] @@
  s3 :>
      [ currentTerm |-> 2,
        votedFor |-> s3,
        log |-> 3,
        entries |->
            << [ value |-> [newconf |-> {s1, s2, s3}, learners |-> {}],
                 term |-> 1,
                 type |-> ConfigEntry ] >>,
        snapshotIndex |-> 2,
        snapshotTerm |-> 1,
        commitIndex |-> 3,
        config |->
            [ learners |-> {},
              jointConfig |-> <<{s1, s2, s3}, {}>>,
              autoLeave |-> FALSE ],
        snapshotHistory |->
            << [ value |-> [newconf |-> {s1}, learners |-> {}],
                 term |-> 1,
                 type |-> ConfigEntry ],
               [ value |-> [newconf |-> {s1, s2}, learners |-> {}],
                 term |-> 1,
                 type |-> ConfigEntry ] >> ] )
/\ historyLog = ( s1 :>
      << [ value |-> [newconf |-> {s1}, learners |-> {}],
           term |-> 1,
           type |-> ConfigEntry ],
         [ value |-> [newconf |-> {s1, s2}, learners |-> {}],
           term |-> 1,
           type |-> ConfigEntry ],
         [ value |-> [newconf |-> {s1, s2, s3}, learners |-> {}],
           term |-> 1,
           type |-> ConfigEntry ],
         [ value |->
               [ newconf |-> {s3},
                 learners |-> {},
                 enterJoint |-> TRUE,
                 oldconf |-> {s1, s2, s3} ],
           term |-> 2,
           type |-> ConfigEntry ],
         [value |-> [val |-> v1], term |-> 2, type |-> ValueEntry] >> @@
  s2 :>
      << [ value |-> [newconf |-> {s1}, learners |-> {}],
           term |-> 1,
           type |-> ConfigEntry ],
         [ value |-> [newconf |-> {s1, s2}, learners |-> {}],
           term |-> 1,
           type |-> ConfigEntry ],
         [ value |-> [newconf |-> {s1, s2, s3}, learners |-> {}],
           term |-> 1,
           type |-> ConfigEntry ] >> @@
  s3 :>
      << [ value |-> [newconf |-> {s1}, learners |-> {}],
           term |-> 1,
           type |-> ConfigEntry ],
         [ value |-> [newconf |-> {s1, s2}, learners |-> {}],
           term |-> 1,
           type |-> ConfigEntry ],
         [ value |-> [newconf |-> {s1, s2, s3}, learners |-> {}],
           term |-> 1,
           type |-> ConfigEntry ] >> )
/\ nextIndex = ( s1 :> (s1 :> 4 @@ s2 :> 2 @@ s3 :> 4) @@
  s2 :> (s1 :> 1 @@ s2 :> 1 @@ s3 :> 1) @@
  s3 :> (s1 :> 1 @@ s2 :> 1 @@ s3 :> 1) )
/\ commitIndex = (s1 :> 3 @@ s2 :> 3 @@ s3 :> 3)
/\ inflights = ( s1 :> (s1 :> {} @@ s2 :> {} @@ s3 :> {}) @@
  s2 :> (s1 :> {} @@ s2 :> {} @@ s3 :> {}) @@
  s3 :> (s1 :> {} @@ s2 :> {} @@ s3 :> {}) )
/\ messages = ( [ mdest |-> s1,
    msource |-> s2,
    mterm |-> 2,
    mtype |-> AppendEntriesResponse,
    mseq |-> 10,
    msubtype |-> "app",
    msuccess |-> TRUE,
    mmatchIndex |-> 3,
    mrejectHint |-> 0,
    mlogTerm |-> 0 ] :>
      1 )
/\ currentTerm = (s1 :> 2 @@ s2 :> 2 @@ s3 :> 2)
/\ log = ( s1 :>
      [ offset |-> 1,
        entries |->
            << [ value |-> [newconf |-> {s1}, learners |-> {}],
                 term |-> 1,
                 type |-> ConfigEntry ],
               [ value |-> [newconf |-> {s1, s2}, learners |-> {}],
                 term |-> 1,
                 type |-> ConfigEntry ],
               [ value |-> [newconf |-> {s1, s2, s3}, learners |-> {}],
                 term |-> 1,
                 type |-> ConfigEntry ],
               [ value |->
                     [ newconf |-> {s3},
                       learners |-> {},
                       enterJoint |-> TRUE,
                       oldconf |-> {s1, s2, s3} ],
                 term |-> 2,
                 type |-> ConfigEntry ],
               [value |-> [val |-> v1], term |-> 2, type |-> ValueEntry] >>,
        snapshotIndex |-> 0,
        snapshotTerm |-> 0 ] @@
  s2 :>
      [ offset |-> 1,
        entries |->
            << [ value |-> [newconf |-> {s1}, learners |-> {}],
                 term |-> 1,
                 type |-> ConfigEntry ],
               [ value |-> [newconf |-> {s1, s2}, learners |-> {}],
                 term |-> 1,
                 type |-> ConfigEntry ],
               [ value |-> [newconf |-> {s1, s2, s3}, learners |-> {}],
                 term |-> 1,
                 type |-> ConfigEntry ] >>,
        snapshotIndex |-> 0,
        snapshotTerm |-> 0 ] @@
  s3 :>
      [ offset |-> 3,
        entries |->
            << [ value |-> [newconf |-> {s1, s2, s3}, learners |-> {}],
                 term |-> 1,
                 type |-> ConfigEntry ] >>,
        snapshotIndex |-> 2,
        snapshotTerm |-> 1 ] )
/\ partitions = (s1 :> 0 @@ s2 :> 0 @@ s3 :> 0)
/\ votesGranted = (s1 :> {s1, s2} @@ s2 :> {} @@ s3 :> {})
/\ pendingConfChangeIndex = (s1 :> 4 @@ s2 :> 0 @@ s3 :> 0)

@!@!@ENDMSG 2217 @!@!@
@!@!@STARTMSG 2217:4 @!@!@
27: <MCNextAsyncWithReady(s1) line 362, col 5 to line 362, col 35 of module MCetcdraft>
/\ progressState = ( s1 :> (s1 :> StateReplicate @@ s2 :> StateSnapshot @@ s3 :> StateProbe) @@
  s2 :> (s1 :> StateProbe @@ s2 :> StateProbe @@ s3 :> StateProbe) @@
  s3 :> (s1 :> StateProbe @@ s2 :> StateProbe @@ s3 :> StateProbe) )
/\ msgSeqCounter = 11
/\ constraintCounters = [ timeout |-> 2,
  request |-> 1,
  restart |-> 1,
  drop |-> 2,
  duplicate |-> 0,
  heartbeat |-> 0,
  stepDown |-> 1,
  snapshot |-> 1,
  compact |-> 1,
  confChange |-> 1,
  reportUnreachable |-> 1,
  partition |-> 0 ]
/\ pendingMessages = <<>>
/\ appliedConfigIndex = (s1 :> 3 @@ s2 :> 3 @@ s3 :> 3)
/\ reconfigCount = 0
/\ votesResponded = (s1 :> {s1, s2, s3} @@ s2 :> {} @@ s3 :> {})
/\ msgAppFlowPaused = ( s1 :> (s1 :> FALSE @@ s2 :> FALSE @@ s3 :> FALSE) @@
  s2 :> (s1 :> FALSE @@ s2 :> FALSE @@ s3 :> FALSE) @@
  s3 :> (s1 :> FALSE @@ s2 :> FALSE @@ s3 :> FALSE) )
/\ state = (s1 :> Leader @@ s2 :> Follower @@ s3 :> Follower)
/\ pendingSnapshot = ( s1 :> (s1 :> 0 @@ s2 :> 1 @@ s3 :> 0) @@
  s2 :> (s1 :> 0 @@ s2 :> 0 @@ s3 :> 0) @@
  s3 :> (s1 :> 0 @@ s2 :> 0 @@ s3 :> 0) )
/\ config = ( s1 :>
      [ learners |-> {},
        jointConfig |-> <<{s1, s2, s3}, {}>>,
        autoLeave |-> FALSE ] @@
  s2 :>
      [ learners |-> {},
        jointConfig |-> <<{s1, s2, s3}, {}>>,
        autoLeave |-> FALSE ] @@
  s3 :>
      [ learners |-> {},
        jointConfig |-> <<{s1, s2, s3}, {}>>,
        autoLeave |-> FALSE ] )
/\ matchIndex = ( s1 :> (s1 :> 3 @@ s2 :> 0 @@ s3 :> 0) @@
  s2 :> (s1 :> 0 @@ s2 :> 0 @@ s3 :> 0) @@
  s3 :> (s1 :> 0 @@ s2 :> 0 @@ s3 :> 0) )
/\ applied = (s1 :> 3 @@ s2 :> 0 @@ s3 :> 3)
/\ votedFor = (s1 :> s1 @@ s2 :> s1 @@ s3 :> s3)
/\ durableState = ( s1 :>
      [ currentTerm |-> 2,
        votedFor |-> s1,
        log |-> 5,
        entries |->
            << [ value |-> [newconf |-> {s1}, learners |-> {}],
                 term |-> 1,
                 type |-> ConfigEntry ],
               [ value |-> [newconf |-> {s1, s2}, learners |-> {}],
                 term |-> 1,
                 type |-> ConfigEntry ],
               [ value |-> [newconf |-> {s1, s2, s3}, learners |-> {}],
                 term |-> 1,
                 type |-> ConfigEntry ],
               [ value |->
                     [ newconf |-> {s3},
                       learners |-> {},
                       enterJoint |-> TRUE,
                       oldconf |-> {s1, s2, s3} ],
                 term |-> 2,
                 type |-> ConfigEntry ],
               [value |-> [val |-> v1], term |-> 2, type |-> ValueEntry] >>,
        snapshotIndex |-> 0,
        snapshotTerm |-> 0,
        snapshotHistory |-> <<>>,
        commitIndex |-> 3,
        config |->
            [ learners |-> {},
              jointConfig |-> <<{s1, s2, s3}, {}>>,
              autoLeave |-> FALSE ] ] @@
  s2 :>
      [ currentTerm |-> 2,
        votedFor |-> s1,
        log |-> 3,
        entries |->
            << [ value |-> [newconf |-> {s1}, learners |-> {}],
                 term |-> 1,
                 type |-> ConfigEntry ],
               [ value |-> [newconf |-> {s1, s2}, learners |-> {}],
                 term |-> 1,
                 type |-> ConfigEntry ],
               [ value |-> [newconf |-> {s1, s2, s3}, learners |-> {}],
                 term |-> 1,
                 type |-> ConfigEntry ] >>,
        snapshotIndex |-> 0,
        snapshotTerm |-> 0,
        commitIndex |-> 3,
        config |->
            [ learners |-> {},
              jointConfig |-> <<{s1, s2, s3}, {}>>,
              autoLeave |-> FALSE ],
        snapshotHistory |-> <<>> ] @@
  s3 :>
      [ currentTerm |-> 2,
        votedFor |-> s3,
        log |-> 3,
        entries |->
            << [ value |-> [newconf |-> {s1, s2, s3}, learners |-> {}],
                 term |-> 1,
                 type |-> ConfigEntry ] >>,
        snapshotIndex |-> 2,
        snapshotTerm |-> 1,
        commitIndex |-> 3,
        config |->
            [ learners |-> {},
              jointConfig |-> <<{s1, s2, s3}, {}>>,
              autoLeave |-> FALSE ],
        snapshotHistory |->
            << [ value |-> [newconf |-> {s1}, learners |-> {}],
                 term |-> 1,
                 type |-> ConfigEntry ],
               [ value |-> [newconf |-> {s1, s2}, learners |-> {}],
                 term |-> 1,
                 type |-> ConfigEntry ] >> ] )
/\ historyLog = ( s1 :>
      << [ value |-> [newconf |-> {s1}, learners |-> {}],
           term |-> 1,
           type |-> ConfigEntry ],
         [ value |-> [newconf |-> {s1, s2}, learners |-> {}],
           term |-> 1,
           type |-> ConfigEntry ],
         [ value |-> [newconf |-> {s1, s2, s3}, learners |-> {}],
           term |-> 1,
           type |-> ConfigEntry ],
         [ value |->
               [ newconf |-> {s3},
                 learners |-> {},
                 enterJoint |-> TRUE,
                 oldconf |-> {s1, s2, s3} ],
           term |-> 2,
           type |-> ConfigEntry ],
         [value |-> [val |-> v1], term |-> 2, type |-> ValueEntry] >> @@
  s2 :>
      << [ value |-> [newconf |-> {s1}, learners |-> {}],
           term |-> 1,
           type |-> ConfigEntry ],
         [ value |-> [newconf |-> {s1, s2}, learners |-> {}],
           term |-> 1,
           type |-> ConfigEntry ],
         [ value |-> [newconf |-> {s1, s2, s3}, learners |-> {}],
           term |-> 1,
           type |-> ConfigEntry ] >> @@
  s3 :>
      << [ value |-> [newconf |-> {s1}, learners |-> {}],
           term |-> 1,
           type |-> ConfigEntry ],
         [ value |-> [newconf |-> {s1, s2}, learners |-> {}],
           term |-> 1,
           type |-> ConfigEntry ],
         [ value |-> [newconf |-> {s1, s2, s3}, learners |-> {}],
           term |-> 1,
           type |-> ConfigEntry ] >> )
/\ nextIndex = ( s1 :> (s1 :> 4 @@ s2 :> 2 @@ s3 :> 4) @@
  s2 :> (s1 :> 1 @@ s2 :> 1 @@ s3 :> 1) @@
  s3 :> (s1 :> 1 @@ s2 :> 1 @@ s3 :> 1) )
/\ commitIndex = (s1 :> 3 @@ s2 :> 3 @@ s3 :> 3)
/\ inflights = ( s1 :> (s1 :> {} @@ s2 :> {} @@ s3 :> {}) @@
  s2 :> (s1 :> {} @@ s2 :> {} @@ s3 :> {}) @@
  s3 :> (s1 :> {} @@ s2 :> {} @@ s3 :> {}) )
/\ messages = ( [ mdest |-> s1,
    msource |-> s2,
    mterm |-> 2,
    mtype |-> AppendEntriesResponse,
    mseq |-> 10,
    msubtype |-> "app",
    msuccess |-> TRUE,
    mmatchIndex |-> 3,
    mrejectHint |-> 0,
    mlogTerm |-> 0 ] :>
      1 )
/\ currentTerm = (s1 :> 2 @@ s2 :> 2 @@ s3 :> 2)
/\ log = ( s1 :>
      [ offset |-> 1,
        entries |->
            << [ value |-> [newconf |-> {s1}, learners |-> {}],
                 term |-> 1,
                 type |-> ConfigEntry ],
               [ value |-> [newconf |-> {s1, s2}, learners |-> {}],
                 term |-> 1,
                 type |-> ConfigEntry ],
               [ value |-> [newconf |-> {s1, s2, s3}, learners |-> {}],
                 term |-> 1,
                 type |-> ConfigEntry ],
               [ value |->
                     [ newconf |-> {s3},
                       learners |-> {},
                       enterJoint |-> TRUE,
                       oldconf |-> {s1, s2, s3} ],
                 term |-> 2,
                 type |-> ConfigEntry ],
               [value |-> [val |-> v1], term |-> 2, type |-> ValueEntry] >>,
        snapshotIndex |-> 0,
        snapshotTerm |-> 0 ] @@
  s2 :>
      [ offset |-> 1,
        entries |->
            << [ value |-> [newconf |-> {s1}, learners |-> {}],
                 term |-> 1,
                 type |-> ConfigEntry ],
               [ value |-> [newconf |-> {s1, s2}, learners |-> {}],
                 term |-> 1,
                 type |-> ConfigEntry ],
               [ value |-> [newconf |-> {s1, s2, s3}, learners |-> {}],
                 term |-> 1,
                 type |-> ConfigEntry ] >>,
        snapshotIndex |-> 0,
        snapshotTerm |-> 0 ] @@
  s3 :>
      [ offset |-> 3,
        entries |->
            << [ value |-> [newconf |-> {s1, s2, s3}, learners |-> {}],
                 term |-> 1,
                 type |-> ConfigEntry ] >>,
        snapshotIndex |-> 2,
        snapshotTerm |-> 1 ] )
/\ partitions = (s1 :> 0 @@ s2 :> 0 @@ s3 :> 0)
/\ votesGranted = (s1 :> {s1, s2} @@ s2 :> {} @@ s3 :> {})
/\ pendingConfChangeIndex = (s1 :> 4 @@ s2 :> 0 @@ s3 :> 0)

@!@!@ENDMSG 2217 @!@!@
@!@!@STARTMSG 2217:4 @!@!@
28: <MCNextAsyncWithReady(s1) line 362, col 5 to line 362, col 35 of module MCetcdraft>
/\ progressState = ( s1 :> (s1 :> StateReplicate @@ s2 :> StateSnapshot @@ s3 :> StateProbe) @@
  s2 :> (s1 :> StateProbe @@ s2 :> StateProbe @@ s3 :> StateProbe) @@
  s3 :> (s1 :> StateProbe @@ s2 :> StateProbe @@ s3 :> StateProbe) )
/\ msgSeqCounter = 11
/\ constraintCounters = [ timeout |-> 2,
  request |-> 2,
  restart |-> 1,
  drop |-> 2,
  duplicate |-> 0,
  heartbeat |-> 0,
  stepDown |-> 1,
  snapshot |-> 1,
  compact |-> 1,
  confChange |-> 1,
  reportUnreachable |-> 1,
  partition |-> 0 ]
/\ pendingMessages = <<>>
/\ appliedConfigIndex = (s1 :> 3 @@ s2 :> 3 @@ s3 :> 3)
/\ reconfigCount = 0
/\ votesResponded = (s1 :> {s1, s2, s3} @@ s2 :> {} @@ s3 :> {})
/\ msgAppFlowPaused = ( s1 :> (s1 :> FALSE @@ s2 :> FALSE @@ s3 :> FALSE) @@
  s2 :> (s1 :> FALSE @@ s2 :> FALSE @@ s3 :> FALSE) @@
  s3 :> (s1 :> FALSE @@ s2 :> FALSE @@ s3 :> FALSE) )
/\ state = (s1 :> Leader @@ s2 :> Follower @@ s3 :> Follower)
/\ pendingSnapshot = ( s1 :> (s1 :> 0 @@ s2 :> 1 @@ s3 :> 0) @@
  s2 :> (s1 :> 0 @@ s2 :> 0 @@ s3 :> 0) @@
  s3 :> (s1 :> 0 @@ s2 :> 0 @@ s3 :> 0) )
/\ config = ( s1 :>
      [ learners |-> {},
        jointConfig |-> <<{s1, s2, s3}, {}>>,
        autoLeave |-> FALSE ] @@
  s2 :>
      [ learners |-> {},
        jointConfig |-> <<{s1, s2, s3}, {}>>,
        autoLeave |-> FALSE ] @@
  s3 :>
      [ learners |-> {},
        jointConfig |-> <<{s1, s2, s3}, {}>>,
        autoLeave |-> FALSE ] )
/\ matchIndex = ( s1 :> (s1 :> 3 @@ s2 :> 0 @@ s3 :> 0) @@
  s2 :> (s1 :> 0 @@ s2 :> 0 @@ s3 :> 0) @@
  s3 :> (s1 :> 0 @@ s2 :> 0 @@ s3 :> 0) )
/\ applied = (s1 :> 3 @@ s2 :> 0 @@ s3 :> 3)
/\ votedFor = (s1 :> s1 @@ s2 :> s1 @@ s3 :> s3)
/\ durableState = ( s1 :>
      [ currentTerm |-> 2,
        votedFor |-> s1,
        log |-> 6,
        entries |->
            << [ value |-> [newconf |-> {s1}, learners |-> {}],
                 term |-> 1,
                 type |-> ConfigEntry ],
               [ value |-> [newconf |-> {s1, s2}, learners |-> {}],
                 term |-> 1,
                 type |-> ConfigEntry ],
               [ value |-> [newconf |-> {s1, s2, s3}, learners |-> {}],
                 term |-> 1,
                 type |-> ConfigEntry ],
               [ value |->
                     [ newconf |-> {s3},
                       learners |-> {},
                       enterJoint |-> TRUE,
                       oldconf |-> {s1, s2, s3} ],
                 term |-> 2,
                 type |-> ConfigEntry ],
               [value |-> [val |-> v1], term |-> 2, type |-> ValueEntry],
               [value |-> [val |-> v2], term |-> 2, type |-> ValueEntry] >>,
        snapshotIndex |-> 0,
        snapshotTerm |-> 0,
        snapshotHistory |-> <<>>,
        commitIndex |-> 3,
        config |->
            [ learners |-> {},
              jointConfig |-> <<{s1, s2, s3}, {}>>,
              autoLeave |-> FALSE ] ] @@
  s2 :>
      [ currentTerm |-> 2,
        votedFor |-> s1,
        log |-> 3,
        entries |->
            << [ value |-> [newconf |-> {s1}, learners |-> {}],
                 term |-> 1,
                 type |-> ConfigEntry ],
               [ value |-> [newconf |-> {s1, s2}, learners |-> {}],
                 term |-> 1,
                 type |-> ConfigEntry ],
               [ value |-> [newconf |-> {s1, s2, s3}, learners |-> {}],
                 term |-> 1,
                 type |-> ConfigEntry ] >>,
        snapshotIndex |-> 0,
        snapshotTerm |-> 0,
        commitIndex |-> 3,
        config |->
            [ learners |-> {},
              jointConfig |-> <<{s1, s2, s3}, {}>>,
              autoLeave |-> FALSE ],
        snapshotHistory |-> <<>> ] @@
  s3 :>
      [ currentTerm |-> 2,
        votedFor |-> s3,
        log |-> 3,
        entries |->
            << [ value |-> [newconf |-> {s1, s2, s3}, learners |-> {}],
                 term |-> 1,
                 type |-> ConfigEntry ] >>,
        snapshotIndex |-> 2,
        snapshotTerm |-> 1,
        commitIndex |-> 3,
        config |->
            [ learners |-> {},
              jointConfig |-> <<{s1, s2, s3}, {}>>,
              autoLeave |-> FALSE ],
        snapshotHistory |->
            << [ value |-> [newconf |-> {s1}, learners |-> {}],
                 term |-> 1,
                 type |-> ConfigEntry ],
               [ value |-> [newconf |-> {s1, s2}, learners |-> {}],
                 term |-> 1,
                 type |-> ConfigEntry ] >> ] )
/\ historyLog = ( s1 :>
      << [ value |-> [newconf |-> {s1}, learners |-> {}],
           term |-> 1,
           type |-> ConfigEntry ],
         [ value |-> [newconf |-> {s1, s2}, learners |-> {}],
           term |-> 1,
           type |-> ConfigEntry ],
         [ value |-> [newconf |-> {s1, s2, s3}, learners |-> {}],
           term |-> 1,
           type |-> ConfigEntry ],
         [ value |->
               [ newconf |-> {s3},
                 learners |-> {},
                 enterJoint |-> TRUE,
                 oldconf |-> {s1, s2, s3} ],
           term |-> 2,
           type |-> ConfigEntry ],
         [value |-> [val |-> v1], term |-> 2, type |-> ValueEntry],
         [value |-> [val |-> v2], term |-> 2, type |-> ValueEntry] >> @@
  s2 :>
      << [ value |-> [newconf |-> {s1}, learners |-> {}],
           term |-> 1,
           type |-> ConfigEntry ],
         [ value |-> [newconf |-> {s1, s2}, learners |-> {}],
           term |-> 1,
           type |-> ConfigEntry ],
         [ value |-> [newconf |-> {s1, s2, s3}, learners |-> {}],
           term |-> 1,
           type |-> ConfigEntry ] >> @@
  s3 :>
      << [ value |-> [newconf |-> {s1}, learners |-> {}],
           term |-> 1,
           type |-> ConfigEntry ],
         [ value |-> [newconf |-> {s1, s2}, learners |-> {}],
           term |-> 1,
           type |-> ConfigEntry ],
         [ value |-> [newconf |-> {s1, s2, s3}, learners |-> {}],
           term |-> 1,
           type |-> ConfigEntry ] >> )
/\ nextIndex = ( s1 :> (s1 :> 4 @@ s2 :> 2 @@ s3 :> 4) @@
  s2 :> (s1 :> 1 @@ s2 :> 1 @@ s3 :> 1) @@
  s3 :> (s1 :> 1 @@ s2 :> 1 @@ s3 :> 1) )
/\ commitIndex = (s1 :> 3 @@ s2 :> 3 @@ s3 :> 3)
/\ inflights = ( s1 :> (s1 :> {} @@ s2 :> {} @@ s3 :> {}) @@
  s2 :> (s1 :> {} @@ s2 :> {} @@ s3 :> {}) @@
  s3 :> (s1 :> {} @@ s2 :> {} @@ s3 :> {}) )
/\ messages = ( [ mdest |-> s1,
    msource |-> s2,
    mterm |-> 2,
    mtype |-> AppendEntriesResponse,
    mseq |-> 10,
    msubtype |-> "app",
    msuccess |-> TRUE,
    mmatchIndex |-> 3,
    mrejectHint |-> 0,
    mlogTerm |-> 0 ] :>
      1 )
/\ currentTerm = (s1 :> 2 @@ s2 :> 2 @@ s3 :> 2)
/\ log = ( s1 :>
      [ offset |-> 1,
        entries |->
            << [ value |-> [newconf |-> {s1}, learners |-> {}],
                 term |-> 1,
                 type |-> ConfigEntry ],
               [ value |-> [newconf |-> {s1, s2}, learners |-> {}],
                 term |-> 1,
                 type |-> ConfigEntry ],
               [ value |-> [newconf |-> {s1, s2, s3}, learners |-> {}],
                 term |-> 1,
                 type |-> ConfigEntry ],
               [ value |->
                     [ newconf |-> {s3},
                       learners |-> {},
                       enterJoint |-> TRUE,
                       oldconf |-> {s1, s2, s3} ],
                 term |-> 2,
                 type |-> ConfigEntry ],
               [value |-> [val |-> v1], term |-> 2, type |-> ValueEntry],
               [value |-> [val |-> v2], term |-> 2, type |-> ValueEntry] >>,
        snapshotIndex |-> 0,
        snapshotTerm |-> 0 ] @@
  s2 :>
      [ offset |-> 1,
        entries |->
            << [ value |-> [newconf |-> {s1}, learners |-> {}],
                 term |-> 1,
                 type |-> ConfigEntry ],
               [ value |-> [newconf |-> {s1, s2}, learners |-> {}],
                 term |-> 1,
                 type |-> ConfigEntry ],
               [ value |-> [newconf |-> {s1, s2, s3}, learners |-> {}],
                 term |-> 1,
                 type |-> ConfigEntry ] >>,
        snapshotIndex |-> 0,
        snapshotTerm |-> 0 ] @@
  s3 :>
      [ offset |-> 3,
        entries |->
            << [ value |-> [newconf |-> {s1, s2, s3}, learners |-> {}],
                 term |-> 1,
                 type |-> ConfigEntry ] >>,
        snapshotIndex |-> 2,
        snapshotTerm |-> 1 ] )
/\ partitions = (s1 :> 0 @@ s2 :> 0 @@ s3 :> 0)
/\ votesGranted = (s1 :> {s1, s2} @@ s2 :> {} @@ s3 :> {})
/\ pendingConfChangeIndex = (s1 :> 4 @@ s2 :> 0 @@ s3 :> 0)

@!@!@ENDMSG 2217 @!@!@
@!@!@STARTMSG 2217:4 @!@!@
29: <MCNextAsyncWithReady(s1) line 362, col 5 to line 362, col 35 of module MCetcdraft>
/\ progressState = ( s1 :> (s1 :> StateReplicate @@ s2 :> StateSnapshot @@ s3 :> StateProbe) @@
  s2 :> (s1 :> StateProbe @@ s2 :> StateProbe @@ s3 :> StateProbe) @@
  s3 :> (s1 :> StateProbe @@ s2 :> StateProbe @@ s3 :> StateProbe) )
/\ msgSeqCounter = 12
/\ constraintCounters = [ timeout |-> 2,
  request |-> 2,
  restart |-> 1,
  drop |-> 2,
  duplicate |-> 0,
  heartbeat |-> 1,
  stepDown |-> 1,
  snapshot |-> 1,
  compact |-> 1,
  confChange |-> 1,
  reportUnreachable |-> 1,
  partition |-> 0 ]
/\ pendingMessages = <<>>
/\ appliedConfigIndex = (s1 :> 3 @@ s2 :> 3 @@ s3 :> 3)
/\ reconfigCount = 0
/\ votesResponded = (s1 :> {s1, s2, s3} @@ s2 :> {} @@ s3 :> {})
/\ msgAppFlowPaused = ( s1 :> (s1 :> FALSE @@ s2 :> FALSE @@ s3 :> FALSE) @@
  s2 :> (s1 :> FALSE @@ s2 :> FALSE @@ s3 :> FALSE) @@
  s3 :> (s1 :> FALSE @@ s2 :> FALSE @@ s3 :> FALSE) )
/\ state = (s1 :> Leader @@ s2 :> Follower @@ s3 :> Follower)
/\ pendingSnapshot = ( s1 :> (s1 :> 0 @@ s2 :> 1 @@ s3 :> 0) @@
  s2 :> (s1 :> 0 @@ s2 :> 0 @@ s3 :> 0) @@
  s3 :> (s1 :> 0 @@ s2 :> 0 @@ s3 :> 0) )
/\ config = ( s1 :>
      [ learners |-> {},
        jointConfig |-> <<{s1, s2, s3}, {}>>,
        autoLeave |-> FALSE ] @@
  s2 :>
      [ learners |-> {},
        jointConfig |-> <<{s1, s2, s3}, {}>>,
        autoLeave |-> FALSE ] @@
  s3 :>
      [ learners |-> {},
        jointConfig |-> <<{s1, s2, s3}, {}>>,
        autoLeave |-> FALSE ] )
/\ matchIndex = ( s1 :> (s1 :> 3 @@ s2 :> 0 @@ s3 :> 0) @@
  s2 :> (s1 :> 0 @@ s2 :> 0 @@ s3 :> 0) @@
  s3 :> (s1 :> 0 @@ s2 :> 0 @@ s3 :> 0) )
/\ applied = (s1 :> 3 @@ s2 :> 0 @@ s3 :> 3)
/\ votedFor = (s1 :> s1 @@ s2 :> s1 @@ s3 :> s3)
/\ durableState = ( s1 :>
      [ currentTerm |-> 2,
        votedFor |-> s1,
        log |-> 6,
        entries |->
            << [ value |-> [newconf |-> {s1}, learners |-> {}],
                 term |-> 1,
                 type |-> ConfigEntry ],
               [ value |-> [newconf |-> {s1, s2}, learners |-> {}],
                 term |-> 1,
                 type |-> ConfigEntry ],
               [ value |-> [newconf |-> {s1, s2, s3}, learners |-> {}],
                 term |-> 1,
                 type |-> ConfigEntry ],
               [ value |->
                     [ newconf |-> {s3},
                       learners |-> {},
                       enterJoint |-> TRUE,
                       oldconf |-> {s1, s2, s3} ],
                 term |-> 2,
                 type |-> ConfigEntry ],
               [value |-> [val |-> v1], term |-> 2, type |-> ValueEntry],
               [value |-> [val |-> v2], term |-> 2, type |-> ValueEntry] >>,
        snapshotIndex |-> 0,
        snapshotTerm |-> 0,
        commitIndex |-> 3,
        config |->
            [ learners |-> {},
              jointConfig |-> <<{s1, s2, s3}, {}>>,
              autoLeave |-> FALSE ],
        snapshotHistory |-> <<>> ] @@
  s2 :>
      [ currentTerm |-> 2,
        votedFor |-> s1,
        log |-> 3,
        entries |->
            << [ value |-> [newconf |-> {s1}, learners |-> {}],
                 term |-> 1,
                 type |-> ConfigEntry ],
               [ value |-> [newconf |-> {s1, s2}, learners |-> {}],
                 term |-> 1,
                 type |-> ConfigEntry ],
               [ value |-> [newconf |-> {s1, s2, s3}, learners |-> {}],
                 term |-> 1,
                 type |-> ConfigEntry ] >>,
        snapshotIndex |-> 0,
        snapshotTerm |-> 0,
        commitIndex |-> 3,
        config |->
            [ learners |-> {},
              jointConfig |-> <<{s1, s2, s3}, {}>>,
              autoLeave |-> FALSE ],
        snapshotHistory |-> <<>> ] @@
  s3 :>
      [ currentTerm |-> 2,
        votedFor |-> s3,
        log |-> 3,
        entries |->
            << [ value |-> [newconf |-> {s1, s2, s3}, learners |-> {}],
                 term |-> 1,
                 type |-> ConfigEntry ] >>,
        snapshotIndex |-> 2,
        snapshotTerm |-> 1,
        commitIndex |-> 3,
        config |->
            [ learners |-> {},
              jointConfig |-> <<{s1, s2, s3}, {}>>,
              autoLeave |-> FALSE ],
        snapshotHistory |->
            << [ value |-> [newconf |-> {s1}, learners |-> {}],
                 term |-> 1,
                 type |-> ConfigEntry ],
               [ value |-> [newconf |-> {s1, s2}, learners |-> {}],
                 term |-> 1,
                 type |-> ConfigEntry ] >> ] )
/\ historyLog = ( s1 :>
      << [ value |-> [newconf |-> {s1}, learners |-> {}],
           term |-> 1,
           type |-> ConfigEntry ],
         [ value |-> [newconf |-> {s1, s2}, learners |-> {}],
           term |-> 1,
           type |-> ConfigEntry ],
         [ value |-> [newconf |-> {s1, s2, s3}, learners |-> {}],
           term |-> 1,
           type |-> ConfigEntry ],
         [ value |->
               [ newconf |-> {s3},
                 learners |-> {},
                 enterJoint |-> TRUE,
                 oldconf |-> {s1, s2, s3} ],
           term |-> 2,
           type |-> ConfigEntry ],
         [value |-> [val |-> v1], term |-> 2, type |-> ValueEntry],
         [value |-> [val |-> v2], term |-> 2, type |-> ValueEntry] >> @@
  s2 :>
      << [ value |-> [newconf |-> {s1}, learners |-> {}],
           term |-> 1,
           type |-> ConfigEntry ],
         [ value |-> [newconf |-> {s1, s2}, learners |-> {}],
           term |-> 1,
           type |-> ConfigEntry ],
         [ value |-> [newconf |-> {s1, s2, s3}, learners |-> {}],
           term |-> 1,
           type |-> ConfigEntry ] >> @@
  s3 :>
      << [ value |-> [newconf |-> {s1}, learners |-> {}],
           term |-> 1,
           type |-> ConfigEntry ],
         [ value |-> [newconf |-> {s1, s2}, learners |-> {}],
           term |-> 1,
           type |-> ConfigEntry ],
         [ value |-> [newconf |-> {s1, s2, s3}, learners |-> {}],
           term |-> 1,
           type |-> ConfigEntry ] >> )
/\ nextIndex = ( s1 :> (s1 :> 4 @@ s2 :> 2 @@ s3 :> 4) @@
  s2 :> (s1 :> 1 @@ s2 :> 1 @@ s3 :> 1) @@
  s3 :> (s1 :> 1 @@ s2 :> 1 @@ s3 :> 1) )
/\ commitIndex = (s1 :> 3 @@ s2 :> 3 @@ s3 :> 3)
/\ inflights = ( s1 :> (s1 :> {} @@ s2 :> {} @@ s3 :> {}) @@
  s2 :> (s1 :> {} @@ s2 :> {} @@ s3 :> {}) @@
  s3 :> (s1 :> {} @@ s2 :> {} @@ s3 :> {}) )
/\ messages = ( [ mdest |-> s3,
    msource |-> s1,
    mterm |-> 2,
    mtype |-> AppendEntriesRequest,
    mseq |-> 11,
    msubtype |-> "heartbeat",
    mprevLogIndex |-> 0,
    mprevLogTerm |-> 0,
    mentries |-> <<>>,
    mcommitIndex |-> 0 ] :>
      1 @@
  [ mdest |-> s1,
    msource |-> s2,
    mterm |-> 2,
    mtype |-> AppendEntriesResponse,
    mseq |-> 10,
    msubtype |-> "app",
    msuccess |-> TRUE,
    mmatchIndex |-> 3,
    mrejectHint |-> 0,
    mlogTerm |-> 0 ] :>
      1 )
/\ currentTerm = (s1 :> 2 @@ s2 :> 2 @@ s3 :> 2)
/\ log = ( s1 :>
      [ offset |-> 1,
        entries |->
            << [ value |-> [newconf |-> {s1}, learners |-> {}],
                 term |-> 1,
                 type |-> ConfigEntry ],
               [ value |-> [newconf |-> {s1, s2}, learners |-> {}],
                 term |-> 1,
                 type |-> ConfigEntry ],
               [ value |-> [newconf |-> {s1, s2, s3}, learners |-> {}],
                 term |-> 1,
                 type |-> ConfigEntry ],
               [ value |->
                     [ newconf |-> {s3},
                       learners |-> {},
                       enterJoint |-> TRUE,
                       oldconf |-> {s1, s2, s3} ],
                 term |-> 2,
                 type |-> ConfigEntry ],
               [value |-> [val |-> v1], term |-> 2, type |-> ValueEntry],
               [value |-> [val |-> v2], term |-> 2, type |-> ValueEntry] >>,
        snapshotIndex |-> 0,
        snapshotTerm |-> 0 ] @@
  s2 :>
      [ offset |-> 1,
        entries |->
            << [ value |-> [newconf |-> {s1}, learners |-> {}],
                 term |-> 1,
                 type |-> ConfigEntry ],
               [ value |-> [newconf |-> {s1, s2}, learners |-> {}],
                 term |-> 1,
                 type |-> ConfigEntry ],
               [ value |-> [newconf |-> {s1, s2, s3}, learners |-> {}],
                 term |-> 1,
                 type |-> ConfigEntry ] >>,
        snapshotIndex |-> 0,
        snapshotTerm |-> 0 ] @@
  s3 :>
      [ offset |-> 3,
        entries |->
            << [ value |-> [newconf |-> {s1, s2, s3}, learners |-> {}],
                 term |-> 1,
                 type |-> ConfigEntry ] >>,
        snapshotIndex |-> 2,
        snapshotTerm |-> 1 ] )
/\ partitions = (s1 :> 0 @@ s2 :> 0 @@ s3 :> 0)
/\ votesGranted = (s1 :> {s1, s2} @@ s2 :> {} @@ s3 :> {})
/\ pendingConfChangeIndex = (s1 :> 4 @@ s2 :> 0 @@ s3 :> 0)

@!@!@ENDMSG 2217 @!@!@
@!@!@STARTMSG 2217:4 @!@!@
30: <MCNextAsyncWithReady(s3) line 362, col 5 to line 362, col 35 of module MCetcdraft>
/\ progressState = ( s1 :> (s1 :> StateReplicate @@ s2 :> StateSnapshot @@ s3 :> StateProbe) @@
  s2 :> (s1 :> StateProbe @@ s2 :> StateProbe @@ s3 :> StateProbe) @@
  s3 :> (s1 :> StateProbe @@ s2 :> StateProbe @@ s3 :> StateProbe) )
/\ msgSeqCounter = 13
/\ constraintCounters = [ timeout |-> 2,
  request |-> 2,
  restart |-> 1,
  drop |-> 2,
  duplicate |-> 0,
  heartbeat |-> 1,
  stepDown |-> 1,
  snapshot |-> 1,
  compact |-> 1,
  confChange |-> 1,
  reportUnreachable |-> 1,
  partition |-> 0 ]
/\ pendingMessages = <<>>
/\ appliedConfigIndex = (s1 :> 3 @@ s2 :> 3 @@ s3 :> 3)
/\ reconfigCount = 0
/\ votesResponded = (s1 :> {s1, s2, s3} @@ s2 :> {} @@ s3 :> {})
/\ msgAppFlowPaused = ( s1 :> (s1 :> FALSE @@ s2 :> FALSE @@ s3 :> FALSE) @@
  s2 :> (s1 :> FALSE @@ s2 :> FALSE @@ s3 :> FALSE) @@
  s3 :> (s1 :> FALSE @@ s2 :> FALSE @@ s3 :> FALSE) )
/\ state = (s1 :> Leader @@ s2 :> Follower @@ s3 :> Follower)
/\ pendingSnapshot = ( s1 :> (s1 :> 0 @@ s2 :> 1 @@ s3 :> 0) @@
  s2 :> (s1 :> 0 @@ s2 :> 0 @@ s3 :> 0) @@
  s3 :> (s1 :> 0 @@ s2 :> 0 @@ s3 :> 0) )
/\ config = ( s1 :>
      [ learners |-> {},
        jointConfig |-> <<{s1, s2, s3}, {}>>,
        autoLeave |-> FALSE ] @@
  s2 :>
      [ learners |-> {},
        jointConfig |-> <<{s1, s2, s3}, {}>>,
        autoLeave |-> FALSE ] @@
  s3 :>
      [ learners |-> {},
        jointConfig |-> <<{s1, s2, s3}, {}>>,
        autoLeave |-> FALSE ] )
/\ matchIndex = ( s1 :> (s1 :> 3 @@ s2 :> 0 @@ s3 :> 0) @@
  s2 :> (s1 :> 0 @@ s2 :> 0 @@ s3 :> 0) @@
  s3 :> (s1 :> 0 @@ s2 :> 0 @@ s3 :> 0) )
/\ applied = (s1 :> 3 @@ s2 :> 0 @@ s3 :> 3)
/\ votedFor = (s1 :> s1 @@ s2 :> s1 @@ s3 :> s3)
/\ durableState = ( s1 :>
      [ currentTerm |-> 2,
        votedFor |-> s1,
        log |-> 6,
        entries |->
            << [ value |-> [newconf |-> {s1}, learners |-> {}],
                 term |-> 1,
                 type |-> ConfigEntry ],
               [ value |-> [newconf |-> {s1, s2}, learners |-> {}],
                 term |-> 1,
                 type |-> ConfigEntry ],
               [ value |-> [newconf |-> {s1, s2, s3}, learners |-> {}],
                 term |-> 1,
                 type |-> ConfigEntry ],
               [ value |->
                     [ newconf |-> {s3},
                       learners |-> {},
                       enterJoint |-> TRUE,
                       oldconf |-> {s1, s2, s3} ],
                 term |-> 2,
                 type |-> ConfigEntry ],
               [value |-> [val |-> v1], term |-> 2, type |-> ValueEntry],
               [value |-> [val |-> v2], term |-> 2, type |-> ValueEntry] >>,
        snapshotIndex |-> 0,
        snapshotTerm |-> 0,
        commitIndex |-> 3,
        config |->
            [ learners |-> {},
              jointConfig |-> <<{s1, s2, s3}, {}>>,
              autoLeave |-> FALSE ],
        snapshotHistory |-> <<>> ] @@
  s2 :>
      [ currentTerm |-> 2,
        votedFor |-> s1,
        log |-> 3,
        entries |->
            << [ value |-> [newconf |-> {s1}, learners |-> {}],
                 term |-> 1,
                 type |-> ConfigEntry ],
               [ value |-> [newconf |-> {s1, s2}, learners |-> {}],
                 term |-> 1,
                 type |-> ConfigEntry ],
               [ value |-> [newconf |-> {s1, s2, s3}, learners |-> {}],
                 term |-> 1,
                 type |-> ConfigEntry ] >>,
        snapshotIndex |-> 0,
        snapshotTerm |-> 0,
        commitIndex |-> 3,
        config |->
            [ learners |-> {},
              jointConfig |-> <<{s1, s2, s3}, {}>>,
              autoLeave |-> FALSE ],
        snapshotHistory |-> <<>> ] @@
  s3 :>
      [ currentTerm |-> 2,
        votedFor |-> s3,
        log |-> 3,
        entries |->
            << [ value |-> [newconf |-> {s1, s2, s3}, learners |-> {}],
                 term |-> 1,
                 type |-> ConfigEntry ] >>,
        snapshotIndex |-> 2,
        snapshotTerm |-> 1,
        commitIndex |-> 3,
        config |->
            [ learners |-> {},
              jointConfig |-> <<{s1, s2, s3}, {}>>,
              autoLeave |-> FALSE ],
        snapshotHistory |->
            << [ value |-> [newconf |-> {s1}, learners |-> {}],
                 term |-> 1,
                 type |-> ConfigEntry ],
               [ value |-> [newconf |-> {s1, s2}, learners |-> {}],
                 term |-> 1,
                 type |-> ConfigEntry ] >> ] )
/\ historyLog = ( s1 :>
      << [ value |-> [newconf |-> {s1}, learners |-> {}],
           term |-> 1,
           type |-> ConfigEntry ],
         [ value |-> [newconf |-> {s1, s2}, learners |-> {}],
           term |-> 1,
           type |-> ConfigEntry ],
         [ value |-> [newconf |-> {s1, s2, s3}, learners |-> {}],
           term |-> 1,
           type |-> ConfigEntry ],
         [ value |->
               [ newconf |-> {s3},
                 learners |-> {},
                 enterJoint |-> TRUE,
                 oldconf |-> {s1, s2, s3} ],
           term |-> 2,
           type |-> ConfigEntry ],
         [value |-> [val |-> v1], term |-> 2, type |-> ValueEntry],
         [value |-> [val |-> v2], term |-> 2, type |-> ValueEntry] >> @@
  s2 :>
      << [ value |-> [newconf |-> {s1}, learners |-> {}],
           term |-> 1,
           type |-> ConfigEntry ],
         [ value |-> [newconf |-> {s1, s2}, learners |-> {}],
           term |-> 1,
           type |-> ConfigEntry ],
         [ value |-> [newconf |-> {s1, s2, s3}, learners |-> {}],
           term |-> 1,
           type |-> ConfigEntry ] >> @@
  s3 :>
      << [ value |-> [newconf |-> {s1}, learners |-> {}],
           term |-> 1,
           type |-> ConfigEntry ],
         [ value |-> [newconf |-> {s1, s2}, learners |-> {}],
           term |-> 1,
           type |-> ConfigEntry ],
         [ value |-> [newconf |-> {s1, s2, s3}, learners |-> {}],
           term |-> 1,
           type |-> ConfigEntry ] >> )
/\ nextIndex = ( s1 :> (s1 :> 4 @@ s2 :> 2 @@ s3 :> 4) @@
  s2 :> (s1 :> 1 @@ s2 :> 1 @@ s3 :> 1) @@
  s3 :> (s1 :> 1 @@ s2 :> 1 @@ s3 :> 1) )
/\ commitIndex = (s1 :> 3 @@ s2 :> 3 @@ s3 :> 3)
/\ inflights = ( s1 :> (s1 :> {} @@ s2 :> {} @@ s3 :> {}) @@
  s2 :> (s1 :> {} @@ s2 :> {} @@ s3 :> {}) @@
  s3 :> (s1 :> {} @@ s2 :> {} @@ s3 :> {}) )
/\ messages = ( [ mdest |-> s1,
    msource |-> s2,
    mterm |-> 2,
    mtype |-> AppendEntriesResponse,
    mseq |-> 10,
    msubtype |-> "app",
    msuccess |-> TRUE,
    mmatchIndex |-> 3,
    mrejectHint |-> 0,
    mlogTerm |-> 0 ] :>
      1 @@
  [ mdest |-> s1,
    msource |-> s3,
    mterm |-> 2,
    mtype |-> AppendEntriesResponse,
    mseq |-> 12,
    msubtype |-> "heartbeat",
    msuccess |-> TRUE,
    mmatchIndex |-> 0,
    mrejectHint |-> 0,
    mlogTerm |-> 0 ] :>
      1 )
/\ currentTerm = (s1 :> 2 @@ s2 :> 2 @@ s3 :> 2)
/\ log = ( s1 :>
      [ offset |-> 1,
        entries |->
            << [ value |-> [newconf |-> {s1}, learners |-> {}],
                 term |-> 1,
                 type |-> ConfigEntry ],
               [ value |-> [newconf |-> {s1, s2}, learners |-> {}],
                 term |-> 1,
                 type |-> ConfigEntry ],
               [ value |-> [newconf |-> {s1, s2, s3}, learners |-> {}],
                 term |-> 1,
                 type |-> ConfigEntry ],
               [ value |->
                     [ newconf |-> {s3},
                       learners |-> {},
                       enterJoint |-> TRUE,
                       oldconf |-> {s1, s2, s3} ],
                 term |-> 2,
                 type |-> ConfigEntry ],
               [value |-> [val |-> v1], term |-> 2, type |-> ValueEntry],
               [value |-> [val |-> v2], term |-> 2, type |-> ValueEntry] >>,
        snapshotIndex |-> 0,
        snapshotTerm |-> 0 ] @@
  s2 :>
      [ offset |-> 1,
        entries |->
            << [ value |-> [newconf |-> {s1}, learners |-> {}],
                 term |-> 1,
                 type |-> ConfigEntry ],
               [ value |-> [newconf |-> {s1, s2}, learners |-> {}],
                 term |-> 1,
                 type |-> ConfigEntry ],
               [ value |-> [newconf |-> {s1, s2, s3}, learners |-> {}],
                 term |-> 1,
                 type |-> ConfigEntry ] >>,
        snapshotIndex |-> 0,
        snapshotTerm |-> 0 ] @@
  s3 :>
      [ offset |-> 3,
        entries |->
            << [ value |-> [newconf |-> {s1, s2, s3}, learners |-> {}],
                 term |-> 1,
                 type |-> ConfigEntry ] >>,
        snapshotIndex |-> 2,
        snapshotTerm |-> 1 ] )
/\ partitions = (s1 :> 0 @@ s2 :> 0 @@ s3 :> 0)
/\ votesGranted = (s1 :> {s1, s2} @@ s2 :> {} @@ s3 :> {})
/\ pendingConfChangeIndex = (s1 :> 4 @@ s2 :> 0 @@ s3 :> 0)

@!@!@ENDMSG 2217 @!@!@
@!@!@STARTMSG 2217:4 @!@!@
31: <MCNextAsyncWithReady(s1) line 362, col 5 to line 362, col 35 of module MCetcdraft>
/\ progressState = ( s1 :> (s1 :> StateReplicate @@ s2 :> StateSnapshot @@ s3 :> StateProbe) @@
  s2 :> (s1 :> StateProbe @@ s2 :> StateProbe @@ s3 :> StateProbe) @@
  s3 :> (s1 :> StateProbe @@ s2 :> StateProbe @@ s3 :> StateProbe) )
/\ msgSeqCounter = 14
/\ constraintCounters = [ timeout |-> 2,
  request |-> 2,
  restart |-> 1,
  drop |-> 2,
  duplicate |-> 0,
  heartbeat |-> 1,
  stepDown |-> 1,
  snapshot |-> 1,
  compact |-> 1,
  confChange |-> 1,
  reportUnreachable |-> 1,
  partition |-> 0 ]
/\ pendingMessages = <<>>
/\ appliedConfigIndex = (s1 :> 3 @@ s2 :> 3 @@ s3 :> 3)
/\ reconfigCount = 0
/\ votesResponded = (s1 :> {s1, s2, s3} @@ s2 :> {} @@ s3 :> {})
/\ msgAppFlowPaused = ( s1 :> (s1 :> FALSE @@ s2 :> FALSE @@ s3 :> FALSE) @@
  s2 :> (s1 :> FALSE @@ s2 :> FALSE @@ s3 :> FALSE) @@
  s3 :> (s1 :> FALSE @@ s2 :> FALSE @@ s3 :> FALSE) )
/\ state = (s1 :> Leader @@ s2 :> Follower @@ s3 :> Follower)
/\ pendingSnapshot = ( s1 :> (s1 :> 0 @@ s2 :> 1 @@ s3 :> 0) @@
  s2 :> (s1 :> 0 @@ s2 :> 0 @@ s3 :> 0) @@
  s3 :> (s1 :> 0 @@ s2 :> 0 @@ s3 :> 0) )
/\ config = ( s1 :>
      [ learners |-> {},
        jointConfig |-> <<{s1, s2, s3}, {}>>,
        autoLeave |-> FALSE ] @@
  s2 :>
      [ learners |-> {},
        jointConfig |-> <<{s1, s2, s3}, {}>>,
        autoLeave |-> FALSE ] @@
  s3 :>
      [ learners |-> {},
        jointConfig |-> <<{s1, s2, s3}, {}>>,
        autoLeave |-> FALSE ] )
/\ matchIndex = ( s1 :> (s1 :> 3 @@ s2 :> 0 @@ s3 :> 0) @@
  s2 :> (s1 :> 0 @@ s2 :> 0 @@ s3 :> 0) @@
  s3 :> (s1 :> 0 @@ s2 :> 0 @@ s3 :> 0) )
/\ applied = (s1 :> 3 @@ s2 :> 0 @@ s3 :> 3)
/\ votedFor = (s1 :> s1 @@ s2 :> s1 @@ s3 :> s3)
/\ durableState = ( s1 :>
      [ currentTerm |-> 2,
        votedFor |-> s1,
        log |-> 7,
        entries |->
            << [ value |-> [newconf |-> {s1}, learners |-> {}],
                 term |-> 1,
                 type |-> ConfigEntry ],
               [ value |-> [newconf |-> {s1, s2}, learners |-> {}],
                 term |-> 1,
                 type |-> ConfigEntry ],
               [ value |-> [newconf |-> {s1, s2, s3}, learners |-> {}],
                 term |-> 1,
                 type |-> ConfigEntry ],
               [ value |->
                     [ newconf |-> {s3},
                       learners |-> {},
                       enterJoint |-> TRUE,
                       oldconf |-> {s1, s2, s3} ],
                 term |-> 2,
                 type |-> ConfigEntry ],
               [value |-> [val |-> v1], term |-> 2, type |-> ValueEntry],
               [value |-> [val |-> v2], term |-> 2, type |-> ValueEntry],
               [value |-> [val |-> 0], term |-> 2, type |-> ValueEntry] >>,
        snapshotIndex |-> 0,
        snapshotTerm |-> 0,
        snapshotHistory |-> <<>>,
        commitIndex |-> 3,
        config |->
            [ learners |-> {},
              jointConfig |-> <<{s1, s2, s3}, {}>>,
              autoLeave |-> FALSE ] ] @@
  s2 :>
      [ currentTerm |-> 2,
        votedFor |-> s1,
        log |-> 3,
        entries |->
            << [ value |-> [newconf |-> {s1}, learners |-> {}],
                 term |-> 1,
                 type |-> ConfigEntry ],
               [ value |-> [newconf |-> {s1, s2}, learners |-> {}],
                 term |-> 1,
                 type |-> ConfigEntry ],
               [ value |-> [newconf |-> {s1, s2, s3}, learners |-> {}],
                 term |-> 1,
                 type |-> ConfigEntry ] >>,
        snapshotIndex |-> 0,
        snapshotTerm |-> 0,
        commitIndex |-> 3,
        config |->
            [ learners |-> {},
              jointConfig |-> <<{s1, s2, s3}, {}>>,
              autoLeave |-> FALSE ],
        snapshotHistory |-> <<>> ] @@
  s3 :>
      [ currentTerm |-> 2,
        votedFor |-> s3,
        log |-> 3,
        entries |->
            << [ value |-> [newconf |-> {s1, s2, s3}, learners |-> {}],
                 term |-> 1,
                 type |-> ConfigEntry ] >>,
        snapshotIndex |-> 2,
        snapshotTerm |-> 1,
        commitIndex |-> 3,
        config |->
            [ learners |-> {},
              jointConfig |-> <<{s1, s2, s3}, {}>>,
              autoLeave |-> FALSE ],
        snapshotHistory |->
            << [ value |-> [newconf |-> {s1}, learners |-> {}],
                 term |-> 1,
                 type |-> ConfigEntry ],
               [ value |-> [newconf |-> {s1, s2}, learners |-> {}],
                 term |-> 1,
                 type |-> ConfigEntry ] >> ] )
/\ historyLog = ( s1 :>
      << [ value |-> [newconf |-> {s1}, learners |-> {}],
           term |-> 1,
           type |-> ConfigEntry ],
         [ value |-> [newconf |-> {s1, s2}, learners |-> {}],
           term |-> 1,
           type |-> ConfigEntry ],
         [ value |-> [newconf |-> {s1, s2, s3}, learners |-> {}],
           term |-> 1,
           type |-> ConfigEntry ],
         [ value |->
               [ newconf |-> {s3},
                 learners |-> {},
                 enterJoint |-> TRUE,
                 oldconf |-> {s1, s2, s3} ],
           term |-> 2,
           type |-> ConfigEntry ],
         [value |-> [val |-> v1], term |-> 2, type |-> ValueEntry],
         [value |-> [val |-> v2], term |-> 2, type |-> ValueEntry],
         [value |-> [val |-> 0], term |-> 2, type |-> ValueEntry] >> @@
  s2 :>
      << [ value |-> [newconf |-> {s1}, learners |-> {}],
           term |-> 1,
           type |-> ConfigEntry ],
         [ value |-> [newconf |-> {s1, s2}, learners |-> {}],
           term |-> 1,
           type |-> ConfigEntry ],
         [ value |-> [newconf |-> {s1, s2, s3}, learners |-> {}],
           term |-> 1,
           type |-> ConfigEntry ] >> @@
  s3 :>
      << [ value |-> [newconf |-> {s1}, learners |-> {}],
           term |-> 1,
           type |-> ConfigEntry ],
         [ value |-> [newconf |-> {s1, s2}, learners |-> {}],
           term |-> 1,
           type |-> ConfigEntry ],
         [ value |-> [newconf |-> {s1, s2, s3}, learners |-> {}],
           term |-> 1,
           type |-> ConfigEntry ] >> )
/\ nextIndex = ( s1 :> (s1 :> 4 @@ s2 :> 2 @@ s3 :> 4) @@
  s2 :> (s1 :> 1 @@ s2 :> 1 @@ s3 :> 1) @@
  s3 :> (s1 :> 1 @@ s2 :> 1 @@ s3 :> 1) )
/\ commitIndex = (s1 :> 3 @@ s2 :> 3 @@ s3 :> 3)
/\ inflights = ( s1 :> (s1 :> {} @@ s2 :> {} @@ s3 :> {}) @@
  s2 :> (s1 :> {} @@ s2 :> {} @@ s3 :> {}) @@
  s3 :> (s1 :> {} @@ s2 :> {} @@ s3 :> {}) )
/\ messages = ( [ mdest |-> s1,
    msource |-> s1,
    mterm |-> 2,
    mtype |-> AppendEntriesResponse,
    mseq |-> 13,
    msubtype |-> "app",
    msuccess |-> TRUE,
    mmatchIndex |-> 7,
    mrejectHint |-> 0,
    mlogTerm |-> 0 ] :>
      1 @@
  [ mdest |-> s1,
    msource |-> s2,
    mterm |-> 2,
    mtype |-> AppendEntriesResponse,
    mseq |-> 10,
    msubtype |-> "app",
    msuccess |-> TRUE,
    mmatchIndex |-> 3,
    mrejectHint |-> 0,
    mlogTerm |-> 0 ] :>
      1 @@
  [ mdest |-> s1,
    msource |-> s3,
    mterm |-> 2,
    mtype |-> AppendEntriesResponse,
    mseq |-> 12,
    msubtype |-> "heartbeat",
    msuccess |-> TRUE,
    mmatchIndex |-> 0,
    mrejectHint |-> 0,
    mlogTerm |-> 0 ] :>
      1 )
/\ currentTerm = (s1 :> 2 @@ s2 :> 2 @@ s3 :> 2)
/\ log = ( s1 :>
      [ offset |-> 1,
        entries |->
            << [ value |-> [newconf |-> {s1}, learners |-> {}],
                 term |-> 1,
                 type |-> ConfigEntry ],
               [ value |-> [newconf |-> {s1, s2}, learners |-> {}],
                 term |-> 1,
                 type |-> ConfigEntry ],
               [ value |-> [newconf |-> {s1, s2, s3}, learners |-> {}],
                 term |-> 1,
                 type |-> ConfigEntry ],
               [ value |->
                     [ newconf |-> {s3},
                       learners |-> {},
                       enterJoint |-> TRUE,
                       oldconf |-> {s1, s2, s3} ],
                 term |-> 2,
                 type |-> ConfigEntry ],
               [value |-> [val |-> v1], term |-> 2, type |-> ValueEntry],
               [value |-> [val |-> v2], term |-> 2, type |-> ValueEntry],
               [value |-> [val |-> 0], term |-> 2, type |-> ValueEntry] >>,
        snapshotIndex |-> 0,
        snapshotTerm |-> 0 ] @@
  s2 :>
      [ offset |-> 1,
        entries |->
            << [ value |-> [newconf |-> {s1}, learners |-> {}],
                 term |-> 1,
                 type |-> ConfigEntry ],
               [ value |-> [newconf |-> {s1, s2}, learners |-> {}],
                 term |-> 1,
                 type |-> ConfigEntry ],
               [ value |-> [newconf |-> {s1, s2, s3}, learners |-> {}],
                 term |-> 1,
                 type |-> ConfigEntry ] >>,
        snapshotIndex |-> 0,
        snapshotTerm |-> 0 ] @@
  s3 :>
      [ offset |-> 3,
        entries |->
            << [ value |-> [newconf |-> {s1, s2, s3}, learners |-> {}],
                 term |-> 1,
                 type |-> ConfigEntry ] >>,
        snapshotIndex |-> 2,
        snapshotTerm |-> 1 ] )
/\ partitions = (s1 :> 0 @@ s2 :> 0 @@ s3 :> 0)
/\ votesGranted = (s1 :> {s1, s2} @@ s2 :> {} @@ s3 :> {})
/\ pendingConfChangeIndex = (s1 :> 4 @@ s2 :> 0 @@ s3 :> 0)

@!@!@ENDMSG 2217 @!@!@
@!@!@STARTMSG 2217:4 @!@!@
32: <MCNextAsyncWithReady(s1) line 362, col 5 to line 362, col 35 of module MCetcdraft>
/\ progressState = ( s1 :> (s1 :> StateReplicate @@ s2 :> StateReplicate @@ s3 :> StateProbe) @@
  s2 :> (s1 :> StateProbe @@ s2 :> StateProbe @@ s3 :> StateProbe) @@
  s3 :> (s1 :> StateProbe @@ s2 :> StateProbe @@ s3 :> StateProbe) )
/\ msgSeqCounter = 14
/\ constraintCounters = [ timeout |-> 2,
  request |-> 2,
  restart |-> 1,
  drop |-> 2,
  duplicate |-> 0,
  heartbeat |-> 1,
  stepDown |-> 1,
  snapshot |-> 1,
  compact |-> 1,
  confChange |-> 1,
  reportUnreachable |-> 1,
  partition |-> 0 ]
/\ pendingMessages = <<>>
/\ appliedConfigIndex = (s1 :> 3 @@ s2 :> 3 @@ s3 :> 3)
/\ reconfigCount = 0
/\ votesResponded = (s1 :> {s1, s2, s3} @@ s2 :> {} @@ s3 :> {})
/\ msgAppFlowPaused = ( s1 :> (s1 :> FALSE @@ s2 :> FALSE @@ s3 :> FALSE) @@
  s2 :> (s1 :> FALSE @@ s2 :> FALSE @@ s3 :> FALSE) @@
  s3 :> (s1 :> FALSE @@ s2 :> FALSE @@ s3 :> FALSE) )
/\ state = (s1 :> Leader @@ s2 :> Follower @@ s3 :> Follower)
/\ pendingSnapshot = ( s1 :> (s1 :> 0 @@ s2 :> 0 @@ s3 :> 0) @@
  s2 :> (s1 :> 0 @@ s2 :> 0 @@ s3 :> 0) @@
  s3 :> (s1 :> 0 @@ s2 :> 0 @@ s3 :> 0) )
/\ config = ( s1 :>
      [ learners |-> {},
        jointConfig |-> <<{s1, s2, s3}, {}>>,
        autoLeave |-> FALSE ] @@
  s2 :>
      [ learners |-> {},
        jointConfig |-> <<{s1, s2, s3}, {}>>,
        autoLeave |-> FALSE ] @@
  s3 :>
      [ learners |-> {},
        jointConfig |-> <<{s1, s2, s3}, {}>>,
        autoLeave |-> FALSE ] )
/\ matchIndex = ( s1 :> (s1 :> 3 @@ s2 :> 3 @@ s3 :> 0) @@
  s2 :> (s1 :> 0 @@ s2 :> 0 @@ s3 :> 0) @@
  s3 :> (s1 :> 0 @@ s2 :> 0 @@ s3 :> 0) )
/\ applied = (s1 :> 3 @@ s2 :> 0 @@ s3 :> 3)
/\ votedFor = (s1 :> s1 @@ s2 :> s1 @@ s3 :> s3)
/\ durableState = ( s1 :>
      [ currentTerm |-> 2,
        votedFor |-> s1,
        log |-> 7,
        entries |->
            << [ value |-> [newconf |-> {s1}, learners |-> {}],
                 term |-> 1,
                 type |-> ConfigEntry ],
               [ value |-> [newconf |-> {s1, s2}, learners |-> {}],
                 term |-> 1,
                 type |-> ConfigEntry ],
               [ value |-> [newconf |-> {s1, s2, s3}, learners |-> {}],
                 term |-> 1,
                 type |-> ConfigEntry ],
               [ value |->
                     [ newconf |-> {s3},
                       learners |-> {},
                       enterJoint |-> TRUE,
                       oldconf |-> {s1, s2, s3} ],
                 term |-> 2,
                 type |-> ConfigEntry ],
               [value |-> [val |-> v1], term |-> 2, type |-> ValueEntry],
               [value |-> [val |-> v2], term |-> 2, type |-> ValueEntry],
               [value |-> [val |-> 0], term |-> 2, type |-> ValueEntry] >>,
        snapshotIndex |-> 0,
        snapshotTerm |-> 0,
        commitIndex |-> 3,
        config |->
            [ learners |-> {},
              jointConfig |-> <<{s1, s2, s3}, {}>>,
              autoLeave |-> FALSE ],
        snapshotHistory |-> <<>> ] @@
  s2 :>
      [ currentTerm |-> 2,
        votedFor |-> s1,
        log |-> 3,
        entries |->
            << [ value |-> [newconf |-> {s1}, learners |-> {}],
                 term |-> 1,
                 type |-> ConfigEntry ],
               [ value |-> [newconf |-> {s1, s2}, learners |-> {}],
                 term |-> 1,
                 type |-> ConfigEntry ],
               [ value |-> [newconf |-> {s1, s2, s3}, learners |-> {}],
                 term |-> 1,
                 type |-> ConfigEntry ] >>,
        snapshotIndex |-> 0,
        snapshotTerm |-> 0,
        commitIndex |-> 3,
        config |->
            [ learners |-> {},
              jointConfig |-> <<{s1, s2, s3}, {}>>,
              autoLeave |-> FALSE ],
        snapshotHistory |-> <<>> ] @@
  s3 :>
      [ currentTerm |-> 2,
        votedFor |-> s3,
        log |-> 3,
        entries |->
            << [ value |-> [newconf |-> {s1, s2, s3}, learners |-> {}],
                 term |-> 1,
                 type |-> ConfigEntry ] >>,
        snapshotIndex |-> 2,
        snapshotTerm |-> 1,
        commitIndex |-> 3,
        config |->
            [ learners |-> {},
              jointConfig |-> <<{s1, s2, s3}, {}>>,
              autoLeave |-> FALSE ],
        snapshotHistory |->
            << [ value |-> [newconf |-> {s1}, learners |-> {}],
                 term |-> 1,
                 type |-> ConfigEntry ],
               [ value |-> [newconf |-> {s1, s2}, learners |-> {}],
                 term |-> 1,
                 type |-> ConfigEntry ] >> ] )
/\ historyLog = ( s1 :>
      << [ value |-> [newconf |-> {s1}, learners |-> {}],
           term |-> 1,
           type |-> ConfigEntry ],
         [ value |-> [newconf |-> {s1, s2}, learners |-> {}],
           term |-> 1,
           type |-> ConfigEntry ],
         [ value |-> [newconf |-> {s1, s2, s3}, learners |-> {}],
           term |-> 1,
           type |-> ConfigEntry ],
         [ value |->
               [ newconf |-> {s3},
                 learners |-> {},
                 enterJoint |-> TRUE,
                 oldconf |-> {s1, s2, s3} ],
           term |-> 2,
           type |-> ConfigEntry ],
         [value |-> [val |-> v1], term |-> 2, type |-> ValueEntry],
         [value |-> [val |-> v2], term |-> 2, type |-> ValueEntry],
         [value |-> [val |-> 0], term |-> 2, type |-> ValueEntry] >> @@
  s2 :>
      << [ value |-> [newconf |-> {s1}, learners |-> {}],
           term |-> 1,
           type |-> ConfigEntry ],
         [ value |-> [newconf |-> {s1, s2}, learners |-> {}],
           term |-> 1,
           type |-> ConfigEntry ],
         [ value |-> [newconf |-> {s1, s2, s3}, learners |-> {}],
           term |-> 1,
           type |-> ConfigEntry ] >> @@
  s3 :>
      << [ value |-> [newconf |-> {s1}, learners |-> {}],
           term |-> 1,
           type |-> ConfigEntry ],
         [ value |-> [newconf |-> {s1, s2}, learners |-> {}],
           term |-> 1,
           type |-> ConfigEntry ],
         [ value |-> [newconf |-> {s1, s2, s3}, learners |-> {}],
           term |-> 1,
           type |-> ConfigEntry ] >> )
/\ nextIndex = ( s1 :> (s1 :> 4 @@ s2 :> 4 @@ s3 :> 4) @@
  s2 :> (s1 :> 1 @@ s2 :> 1 @@ s3 :> 1) @@
  s3 :> (s1 :> 1 @@ s2 :> 1 @@ s3 :> 1) )
/\ commitIndex = (s1 :> 3 @@ s2 :> 3 @@ s3 :> 3)
/\ inflights = ( s1 :> (s1 :> {} @@ s2 :> {} @@ s3 :> {}) @@
  s2 :> (s1 :> {} @@ s2 :> {} @@ s3 :> {}) @@
  s3 :> (s1 :> {} @@ s2 :> {} @@ s3 :> {}) )
/\ messages = ( [ mdest |-> s1,
    msource |-> s1,
    mterm |-> 2,
    mtype |-> AppendEntriesResponse,
    mseq |-> 13,
    msubtype |-> "app",
    msuccess |-> TRUE,
    mmatchIndex |-> 7,
    mrejectHint |-> 0,
    mlogTerm |-> 0 ] :>
      1 @@
  [ mdest |-> s1,
    msource |-> s3,
    mterm |-> 2,
    mtype |-> AppendEntriesResponse,
    mseq |-> 12,
    msubtype |-> "heartbeat",
    msuccess |-> TRUE,
    mmatchIndex |-> 0,
    mrejectHint |-> 0,
    mlogTerm |-> 0 ] :>
      1 )
/\ currentTerm = (s1 :> 2 @@ s2 :> 2 @@ s3 :> 2)
/\ log = ( s1 :>
      [ offset |-> 1,
        entries |->
            << [ value |-> [newconf |-> {s1}, learners |-> {}],
                 term |-> 1,
                 type |-> ConfigEntry ],
               [ value |-> [newconf |-> {s1, s2}, learners |-> {}],
                 term |-> 1,
                 type |-> ConfigEntry ],
               [ value |-> [newconf |-> {s1, s2, s3}, learners |-> {}],
                 term |-> 1,
                 type |-> ConfigEntry ],
               [ value |->
                     [ newconf |-> {s3},
                       learners |-> {},
                       enterJoint |-> TRUE,
                       oldconf |-> {s1, s2, s3} ],
                 term |-> 2,
                 type |-> ConfigEntry ],
               [value |-> [val |-> v1], term |-> 2, type |-> ValueEntry],
               [value |-> [val |-> v2], term |-> 2, type |-> ValueEntry],
               [value |-> [val |-> 0], term |-> 2, type |-> ValueEntry] >>,
        snapshotIndex |-> 0,
        snapshotTerm |-> 0 ] @@
  s2 :>
      [ offset |-> 1,
        entries |->
            << [ value |-> [newconf |-> {s1}, learners |-> {}],
                 term |-> 1,
                 type |-> ConfigEntry ],
               [ value |-> [newconf |-> {s1, s2}, learners |-> {}],
                 term |-> 1,
                 type |-> ConfigEntry ],
               [ value |-> [newconf |-> {s1, s2, s3}, learners |-> {}],
                 term |-> 1,
                 type |-> ConfigEntry ] >>,
        snapshotIndex |-> 0,
        snapshotTerm |-> 0 ] @@
  s3 :>
      [ offset |-> 3,
        entries |->
            << [ value |-> [newconf |-> {s1, s2, s3}, learners |-> {}],
                 term |-> 1,
                 type |-> ConfigEntry ] >>,
        snapshotIndex |-> 2,
        snapshotTerm |-> 1 ] )
/\ partitions = (s1 :> 0 @@ s2 :> 0 @@ s3 :> 0)
/\ votesGranted = (s1 :> {s1, s2} @@ s2 :> {} @@ s3 :> {})
/\ pendingConfChangeIndex = (s1 :> 4 @@ s2 :> 0 @@ s3 :> 0)

@!@!@ENDMSG 2217 @!@!@
@!@!@STARTMSG 2217:4 @!@!@
33: <MCNextAsyncWithReady(s1) line 362, col 5 to line 362, col 35 of module MCetcdraft>
/\ progressState = ( s1 :> (s1 :> StateReplicate @@ s2 :> StateReplicate @@ s3 :> StateProbe) @@
  s2 :> (s1 :> StateProbe @@ s2 :> StateProbe @@ s3 :> StateProbe) @@
  s3 :> (s1 :> StateProbe @@ s2 :> StateProbe @@ s3 :> StateProbe) )
/\ msgSeqCounter = 15
/\ constraintCounters = [ timeout |-> 2,
  request |-> 2,
  restart |-> 1,
  drop |-> 2,
  duplicate |-> 0,
  heartbeat |-> 1,
  stepDown |-> 1,
  snapshot |-> 1,
  compact |-> 1,
  confChange |-> 1,
  reportUnreachable |-> 1,
  partition |-> 0 ]
/\ pendingMessages = <<>>
/\ appliedConfigIndex = (s1 :> 3 @@ s2 :> 3 @@ s3 :> 3)
/\ reconfigCount = 0
/\ votesResponded = (s1 :> {s1, s2, s3} @@ s2 :> {} @@ s3 :> {})
/\ msgAppFlowPaused = ( s1 :> (s1 :> FALSE @@ s2 :> FALSE @@ s3 :> FALSE) @@
  s2 :> (s1 :> FALSE @@ s2 :> FALSE @@ s3 :> FALSE) @@
  s3 :> (s1 :> FALSE @@ s2 :> FALSE @@ s3 :> FALSE) )
/\ state = (s1 :> Leader @@ s2 :> Follower @@ s3 :> Follower)
/\ pendingSnapshot = ( s1 :> (s1 :> 0 @@ s2 :> 0 @@ s3 :> 0) @@
  s2 :> (s1 :> 0 @@ s2 :> 0 @@ s3 :> 0) @@
  s3 :> (s1 :> 0 @@ s2 :> 0 @@ s3 :> 0) )
/\ config = ( s1 :>
      [ learners |-> {},
        jointConfig |-> <<{s1, s2, s3}, {}>>,
        autoLeave |-> FALSE ] @@
  s2 :>
      [ learners |-> {},
        jointConfig |-> <<{s1, s2, s3}, {}>>,
        autoLeave |-> FALSE ] @@
  s3 :>
      [ learners |-> {},
        jointConfig |-> <<{s1, s2, s3}, {}>>,
        autoLeave |-> FALSE ] )
/\ matchIndex = ( s1 :> (s1 :> 3 @@ s2 :> 3 @@ s3 :> 0) @@
  s2 :> (s1 :> 0 @@ s2 :> 0 @@ s3 :> 0) @@
  s3 :> (s1 :> 0 @@ s2 :> 0 @@ s3 :> 0) )
/\ applied = (s1 :> 3 @@ s2 :> 0 @@ s3 :> 3)
/\ votedFor = (s1 :> s1 @@ s2 :> s1 @@ s3 :> s3)
/\ durableState = ( s1 :>
      [ currentTerm |-> 2,
        votedFor |-> s1,
        log |-> 7,
        entries |->
            << [ value |-> [newconf |-> {s1}, learners |-> {}],
                 term |-> 1,
                 type |-> ConfigEntry ],
               [ value |-> [newconf |-> {s1, s2}, learners |-> {}],
                 term |-> 1,
                 type |-> ConfigEntry ],
               [ value |-> [newconf |-> {s1, s2, s3}, learners |-> {}],
                 term |-> 1,
                 type |-> ConfigEntry ],
               [ value |->
                     [ newconf |-> {s3},
                       learners |-> {},
                       enterJoint |-> TRUE,
                       oldconf |-> {s1, s2, s3} ],
                 term |-> 2,
                 type |-> ConfigEntry ],
               [value |-> [val |-> v1], term |-> 2, type |-> ValueEntry],
               [value |-> [val |-> v2], term |-> 2, type |-> ValueEntry],
               [value |-> [val |-> 0], term |-> 2, type |-> ValueEntry] >>,
        snapshotIndex |-> 0,
        snapshotTerm |-> 0,
        commitIndex |-> 3,
        config |->
            [ learners |-> {},
              jointConfig |-> <<{s1, s2, s3}, {}>>,
              autoLeave |-> FALSE ],
        snapshotHistory |-> <<>> ] @@
  s2 :>
      [ currentTerm |-> 2,
        votedFor |-> s1,
        log |-> 3,
        entries |->
            << [ value |-> [newconf |-> {s1}, learners |-> {}],
                 term |-> 1,
                 type |-> ConfigEntry ],
               [ value |-> [newconf |-> {s1, s2}, learners |-> {}],
                 term |-> 1,
                 type |-> ConfigEntry ],
               [ value |-> [newconf |-> {s1, s2, s3}, learners |-> {}],
                 term |-> 1,
                 type |-> ConfigEntry ] >>,
        snapshotIndex |-> 0,
        snapshotTerm |-> 0,
        commitIndex |-> 3,
        config |->
            [ learners |-> {},
              jointConfig |-> <<{s1, s2, s3}, {}>>,
              autoLeave |-> FALSE ],
        snapshotHistory |-> <<>> ] @@
  s3 :>
      [ currentTerm |-> 2,
        votedFor |-> s3,
        log |-> 3,
        entries |->
            << [ value |-> [newconf |-> {s1, s2, s3}, learners |-> {}],
                 term |-> 1,
                 type |-> ConfigEntry ] >>,
        snapshotIndex |-> 2,
        snapshotTerm |-> 1,
        commitIndex |-> 3,
        config |->
            [ learners |-> {},
              jointConfig |-> <<{s1, s2, s3}, {}>>,
              autoLeave |-> FALSE ],
        snapshotHistory |->
            << [ value |-> [newconf |-> {s1}, learners |-> {}],
                 term |-> 1,
                 type |-> ConfigEntry ],
               [ value |-> [newconf |-> {s1, s2}, learners |-> {}],
                 term |-> 1,
                 type |-> ConfigEntry ] >> ] )
/\ historyLog = ( s1 :>
      << [ value |-> [newconf |-> {s1}, learners |-> {}],
           term |-> 1,
           type |-> ConfigEntry ],
         [ value |-> [newconf |-> {s1, s2}, learners |-> {}],
           term |-> 1,
           type |-> ConfigEntry ],
         [ value |-> [newconf |-> {s1, s2, s3}, learners |-> {}],
           term |-> 1,
           type |-> ConfigEntry ],
         [ value |->
               [ newconf |-> {s3},
                 learners |-> {},
                 enterJoint |-> TRUE,
                 oldconf |-> {s1, s2, s3} ],
           term |-> 2,
           type |-> ConfigEntry ],
         [value |-> [val |-> v1], term |-> 2, type |-> ValueEntry],
         [value |-> [val |-> v2], term |-> 2, type |-> ValueEntry],
         [value |-> [val |-> 0], term |-> 2, type |-> ValueEntry] >> @@
  s2 :>
      << [ value |-> [newconf |-> {s1}, learners |-> {}],
           term |-> 1,
           type |-> ConfigEntry ],
         [ value |-> [newconf |-> {s1, s2}, learners |-> {}],
           term |-> 1,
           type |-> ConfigEntry ],
         [ value |-> [newconf |-> {s1, s2, s3}, learners |-> {}],
           term |-> 1,
           type |-> ConfigEntry ] >> @@
  s3 :>
      << [ value |-> [newconf |-> {s1}, learners |-> {}],
           term |-> 1,
           type |-> ConfigEntry ],
         [ value |-> [newconf |-> {s1, s2}, learners |-> {}],
           term |-> 1,
           type |-> ConfigEntry ],
         [ value |-> [newconf |-> {s1, s2, s3}, learners |-> {}],
           term |-> 1,
           type |-> ConfigEntry ] >> )
/\ nextIndex = ( s1 :> (s1 :> 4 @@ s2 :> 7 @@ s3 :> 4) @@
  s2 :> (s1 :> 1 @@ s2 :> 1 @@ s3 :> 1) @@
  s3 :> (s1 :> 1 @@ s2 :> 1 @@ s3 :> 1) )
/\ commitIndex = (s1 :> 3 @@ s2 :> 3 @@ s3 :> 3)
/\ inflights = ( s1 :> (s1 :> {} @@ s2 :> {6} @@ s3 :> {}) @@
  s2 :> (s1 :> {} @@ s2 :> {} @@ s3 :> {}) @@
  s3 :> (s1 :> {} @@ s2 :> {} @@ s3 :> {}) )
/\ messages = ( [ mdest |-> s2,
    msource |-> s1,
    mterm |-> 2,
    mtype |-> AppendEntriesRequest,
    mseq |-> 14,
    msubtype |-> "app",
    mprevLogIndex |-> 3,
    mprevLogTerm |-> 1,
    mentries |->
        << [ value |->
                 [ newconf |-> {s3},
                   learners |-> {},
                   enterJoint |-> TRUE,
                   oldconf |-> {s1, s2, s3} ],
             term |-> 2,
             type |-> ConfigEntry ],
           [value |-> [val |-> v1], term |-> 2, type |-> ValueEntry],
           [value |-> [val |-> v2], term |-> 2, type |-> ValueEntry] >>,
    mcommitIndex |-> 3 ] :>
      1 @@
  [ mdest |-> s1,
    msource |-> s1,
    mterm |-> 2,
    mtype |-> AppendEntriesResponse,
    mseq |-> 13,
    msubtype |-> "app",
    msuccess |-> TRUE,
    mmatchIndex |-> 7,
    mrejectHint |-> 0,
    mlogTerm |-> 0 ] :>
      1 @@
  [ mdest |-> s1,
    msource |-> s3,
    mterm |-> 2,
    mtype |-> AppendEntriesResponse,
    mseq |-> 12,
    msubtype |-> "heartbeat",
    msuccess |-> TRUE,
    mmatchIndex |-> 0,
    mrejectHint |-> 0,
    mlogTerm |-> 0 ] :>
      1 )
/\ currentTerm = (s1 :> 2 @@ s2 :> 2 @@ s3 :> 2)
/\ log = ( s1 :>
      [ offset |-> 1,
        entries |->
            << [ value |-> [newconf |-> {s1}, learners |-> {}],
                 term |-> 1,
                 type |-> ConfigEntry ],
               [ value |-> [newconf |-> {s1, s2}, learners |-> {}],
                 term |-> 1,
                 type |-> ConfigEntry ],
               [ value |-> [newconf |-> {s1, s2, s3}, learners |-> {}],
                 term |-> 1,
                 type |-> ConfigEntry ],
               [ value |->
                     [ newconf |-> {s3},
                       learners |-> {},
                       enterJoint |-> TRUE,
                       oldconf |-> {s1, s2, s3} ],
                 term |-> 2,
                 type |-> ConfigEntry ],
               [value |-> [val |-> v1], term |-> 2, type |-> ValueEntry],
               [value |-> [val |-> v2], term |-> 2, type |-> ValueEntry],
               [value |-> [val |-> 0], term |-> 2, type |-> ValueEntry] >>,
        snapshotIndex |-> 0,
        snapshotTerm |-> 0 ] @@
  s2 :>
      [ offset |-> 1,
        entries |->
            << [ value |-> [newconf |-> {s1}, learners |-> {}],
                 term |-> 1,
                 type |-> ConfigEntry ],
               [ value |-> [newconf |-> {s1, s2}, learners |-> {}],
                 term |-> 1,
                 type |-> ConfigEntry ],
               [ value |-> [newconf |-> {s1, s2, s3}, learners |-> {}],
                 term |-> 1,
                 type |-> ConfigEntry ] >>,
        snapshotIndex |-> 0,
        snapshotTerm |-> 0 ] @@
  s3 :>
      [ offset |-> 3,
        entries |->
            << [ value |-> [newconf |-> {s1, s2, s3}, learners |-> {}],
                 term |-> 1,
                 type |-> ConfigEntry ] >>,
        snapshotIndex |-> 2,
        snapshotTerm |-> 1 ] )
/\ partitions = (s1 :> 0 @@ s2 :> 0 @@ s3 :> 0)
/\ votesGranted = (s1 :> {s1, s2} @@ s2 :> {} @@ s3 :> {})
/\ pendingConfChangeIndex = (s1 :> 4 @@ s2 :> 0 @@ s3 :> 0)

@!@!@ENDMSG 2217 @!@!@
@!@!@STARTMSG 2217:4 @!@!@
34: <MCNextAsyncWithReady(s2) line 362, col 5 to line 362, col 35 of module MCetcdraft>
/\ progressState = ( s1 :> (s1 :> StateReplicate @@ s2 :> StateReplicate @@ s3 :> StateProbe) @@
  s2 :> (s1 :> StateProbe @@ s2 :> StateProbe @@ s3 :> StateProbe) @@
  s3 :> (s1 :> StateProbe @@ s2 :> StateProbe @@ s3 :> StateProbe) )
/\ msgSeqCounter = 16
/\ constraintCounters = [ timeout |-> 2,
  request |-> 2,
  restart |-> 1,
  drop |-> 2,
  duplicate |-> 0,
  heartbeat |-> 1,
  stepDown |-> 1,
  snapshot |-> 1,
  compact |-> 1,
  confChange |-> 1,
  reportUnreachable |-> 1,
  partition |-> 0 ]
/\ pendingMessages = <<>>
/\ appliedConfigIndex = (s1 :> 3 @@ s2 :> 3 @@ s3 :> 3)
/\ reconfigCount = 0
/\ votesResponded = (s1 :> {s1, s2, s3} @@ s2 :> {} @@ s3 :> {})
/\ msgAppFlowPaused = ( s1 :> (s1 :> FALSE @@ s2 :> FALSE @@ s3 :> FALSE) @@
  s2 :> (s1 :> FALSE @@ s2 :> FALSE @@ s3 :> FALSE) @@
  s3 :> (s1 :> FALSE @@ s2 :> FALSE @@ s3 :> FALSE) )
/\ state = (s1 :> Leader @@ s2 :> Follower @@ s3 :> Follower)
/\ pendingSnapshot = ( s1 :> (s1 :> 0 @@ s2 :> 0 @@ s3 :> 0) @@
  s2 :> (s1 :> 0 @@ s2 :> 0 @@ s3 :> 0) @@
  s3 :> (s1 :> 0 @@ s2 :> 0 @@ s3 :> 0) )
/\ config = ( s1 :>
      [ learners |-> {},
        jointConfig |-> <<{s1, s2, s3}, {}>>,
        autoLeave |-> FALSE ] @@
  s2 :>
      [ learners |-> {},
        jointConfig |-> <<{s1, s2, s3}, {}>>,
        autoLeave |-> FALSE ] @@
  s3 :>
      [ learners |-> {},
        jointConfig |-> <<{s1, s2, s3}, {}>>,
        autoLeave |-> FALSE ] )
/\ matchIndex = ( s1 :> (s1 :> 3 @@ s2 :> 3 @@ s3 :> 0) @@
  s2 :> (s1 :> 0 @@ s2 :> 0 @@ s3 :> 0) @@
  s3 :> (s1 :> 0 @@ s2 :> 0 @@ s3 :> 0) )
/\ applied = (s1 :> 3 @@ s2 :> 0 @@ s3 :> 3)
/\ votedFor = (s1 :> s1 @@ s2 :> s1 @@ s3 :> s3)
/\ durableState = ( s1 :>
      [ currentTerm |-> 2,
        votedFor |-> s1,
        log |-> 7,
        entries |->
            << [ value |-> [newconf |-> {s1}, learners |-> {}],
                 term |-> 1,
                 type |-> ConfigEntry ],
               [ value |-> [newconf |-> {s1, s2}, learners |-> {}],
                 term |-> 1,
                 type |-> ConfigEntry ],
               [ value |-> [newconf |-> {s1, s2, s3}, learners |-> {}],
                 term |-> 1,
                 type |-> ConfigEntry ],
               [ value |->
                     [ newconf |-> {s3},
                       learners |-> {},
                       enterJoint |-> TRUE,
                       oldconf |-> {s1, s2, s3} ],
                 term |-> 2,
                 type |-> ConfigEntry ],
               [value |-> [val |-> v1], term |-> 2, type |-> ValueEntry],
               [value |-> [val |-> v2], term |-> 2, type |-> ValueEntry],
               [value |-> [val |-> 0], term |-> 2, type |-> ValueEntry] >>,
        snapshotIndex |-> 0,
        snapshotTerm |-> 0,
        commitIndex |-> 3,
        config |->
            [ learners |-> {},
              jointConfig |-> <<{s1, s2, s3}, {}>>,
              autoLeave |-> FALSE ],
        snapshotHistory |-> <<>> ] @@
  s2 :>
      [ currentTerm |-> 2,
        votedFor |-> s1,
        log |-> 6,
        entries |->
            << [ value |-> [newconf |-> {s1}, learners |-> {}],
                 term |-> 1,
                 type |-> ConfigEntry ],
               [ value |-> [newconf |-> {s1, s2}, learners |-> {}],
                 term |-> 1,
                 type |-> ConfigEntry ],
               [ value |-> [newconf |-> {s1, s2, s3}, learners |-> {}],
                 term |-> 1,
                 type |-> ConfigEntry ],
               [ value |->
                     [ newconf |-> {s3},
                       learners |-> {},
                       enterJoint |-> TRUE,
                       oldconf |-> {s1, s2, s3} ],
                 term |-> 2,
                 type |-> ConfigEntry ],
               [value |-> [val |-> v1], term |-> 2, type |-> ValueEntry],
               [value |-> [val |-> v2], term |-> 2, type |-> ValueEntry] >>,
        snapshotIndex |-> 0,
        snapshotTerm |-> 0,
        commitIndex |-> 3,
        config |->
            [ learners |-> {},
              jointConfig |-> <<{s1, s2, s3}, {}>>,
              autoLeave |-> FALSE ],
        snapshotHistory |-> <<>> ] @@
  s3 :>
      [ currentTerm |-> 2,
        votedFor |-> s3,
        log |-> 3,
        entries |->
            << [ value |-> [newconf |-> {s1, s2, s3}, learners |-> {}],
                 term |-> 1,
                 type |-> ConfigEntry ] >>,
        snapshotIndex |-> 2,
        snapshotTerm |-> 1,
        commitIndex |-> 3,
        config |->
            [ learners |-> {},
              jointConfig |-> <<{s1, s2, s3}, {}>>,
              autoLeave |-> FALSE ],
        snapshotHistory |->
            << [ value |-> [newconf |-> {s1}, learners |-> {}],
                 term |-> 1,
                 type |-> ConfigEntry ],
               [ value |-> [newconf |-> {s1, s2}, learners |-> {}],
                 term |-> 1,
                 type |-> ConfigEntry ] >> ] )
/\ historyLog = ( s1 :>
      << [ value |-> [newconf |-> {s1}, learners |-> {}],
           term |-> 1,
           type |-> ConfigEntry ],
         [ value |-> [newconf |-> {s1, s2}, learners |-> {}],
           term |-> 1,
           type |-> ConfigEntry ],
         [ value |-> [newconf |-> {s1, s2, s3}, learners |-> {}],
           term |-> 1,
           type |-> ConfigEntry ],
         [ value |->
               [ newconf |-> {s3},
                 learners |-> {},
                 enterJoint |-> TRUE,
                 oldconf |-> {s1, s2, s3} ],
           term |-> 2,
           type |-> ConfigEntry ],
         [value |-> [val |-> v1], term |-> 2, type |-> ValueEntry],
         [value |-> [val |-> v2], term |-> 2, type |-> ValueEntry],
         [value |-> [val |-> 0], term |-> 2, type |-> ValueEntry] >> @@
  s2 :>
      << [ value |-> [newconf |-> {s1}, learners |-> {}],
           term |-> 1,
           type |-> ConfigEntry ],
         [ value |-> [newconf |-> {s1, s2}, learners |-> {}],
           term |-> 1,
           type |-> ConfigEntry ],
         [ value |-> [newconf |-> {s1, s2, s3}, learners |-> {}],
           term |-> 1,
           type |-> ConfigEntry ],
         [ value |->
               [ newconf |-> {s3},
                 learners |-> {},
                 enterJoint |-> TRUE,
                 oldconf |-> {s1, s2, s3} ],
           term |-> 2,
           type |-> ConfigEntry ],
         [value |-> [val |-> v1], term |-> 2, type |-> ValueEntry],
         [value |-> [val |-> v2], term |-> 2, type |-> ValueEntry] >> @@
  s3 :>
      << [ value |-> [newconf |-> {s1}, learners |-> {}],
           term |-> 1,
           type |-> ConfigEntry ],
         [ value |-> [newconf |-> {s1, s2}, learners |-> {}],
           term |-> 1,
           type |-> ConfigEntry ],
         [ value |-> [newconf |-> {s1, s2, s3}, learners |-> {}],
           term |-> 1,
           type |-> ConfigEntry ] >> )
/\ nextIndex = ( s1 :> (s1 :> 4 @@ s2 :> 7 @@ s3 :> 4) @@
  s2 :> (s1 :> 1 @@ s2 :> 1 @@ s3 :> 1) @@
  s3 :> (s1 :> 1 @@ s2 :> 1 @@ s3 :> 1) )
/\ commitIndex = (s1 :> 3 @@ s2 :> 3 @@ s3 :> 3)
/\ inflights = ( s1 :> (s1 :> {} @@ s2 :> {6} @@ s3 :> {}) @@
  s2 :> (s1 :> {} @@ s2 :> {} @@ s3 :> {}) @@
  s3 :> (s1 :> {} @@ s2 :> {} @@ s3 :> {}) )
/\ messages = ( [ mdest |-> s1,
    msource |-> s1,
    mterm |-> 2,
    mtype |-> AppendEntriesResponse,
    mseq |-> 13,
    msubtype |-> "app",
    msuccess |-> TRUE,
    mmatchIndex |-> 7,
    mrejectHint |-> 0,
    mlogTerm |-> 0 ] :>
      1 @@
  [ mdest |-> s1,
    msource |-> s2,
    mterm |-> 2,
    mtype |-> AppendEntriesResponse,
    mseq |-> 15,
    msubtype |-> "app",
    msuccess |-> TRUE,
    mmatchIndex |-> 6,
    mrejectHint |-> 0,
    mlogTerm |-> 0 ] :>
      1 @@
  [ mdest |-> s1,
    msource |-> s3,
    mterm |-> 2,
    mtype |-> AppendEntriesResponse,
    mseq |-> 12,
    msubtype |-> "heartbeat",
    msuccess |-> TRUE,
    mmatchIndex |-> 0,
    mrejectHint |-> 0,
    mlogTerm |-> 0 ] :>
      1 )
/\ currentTerm = (s1 :> 2 @@ s2 :> 2 @@ s3 :> 2)
/\ log = ( s1 :>
      [ offset |-> 1,
        entries |->
            << [ value |-> [newconf |-> {s1}, learners |-> {}],
                 term |-> 1,
                 type |-> ConfigEntry ],
               [ value |-> [newconf |-> {s1, s2}, learners |-> {}],
                 term |-> 1,
                 type |-> ConfigEntry ],
               [ value |-> [newconf |-> {s1, s2, s3}, learners |-> {}],
                 term |-> 1,
                 type |-> ConfigEntry ],
               [ value |->
                     [ newconf |-> {s3},
                       learners |-> {},
                       enterJoint |-> TRUE,
                       oldconf |-> {s1, s2, s3} ],
                 term |-> 2,
                 type |-> ConfigEntry ],
               [value |-> [val |-> v1], term |-> 2, type |-> ValueEntry],
               [value |-> [val |-> v2], term |-> 2, type |-> ValueEntry],
               [value |-> [val |-> 0], term |-> 2, type |-> ValueEntry] >>,
        snapshotIndex |-> 0,
        snapshotTerm |-> 0 ] @@
  s2 :>
      [ offset |-> 1,
        entries |->
            << [ value |-> [newconf |-> {s1}, learners |-> {}],
                 term |-> 1,
                 type |-> ConfigEntry ],
               [ value |-> [newconf |-> {s1, s2}, learners |-> {}],
                 term |-> 1,
                 type |-> ConfigEntry ],
               [ value |-> [newconf |-> {s1, s2, s3}, learners |-> {}],
                 term |-> 1,
                 type |-> ConfigEntry ],
               [ value |->
                     [ newconf |-> {s3},
                       learners |-> {},
                       enterJoint |-> TRUE,
                       oldconf |-> {s1, s2, s3} ],
                 term |-> 2,
                 type |-> ConfigEntry ],
               [value |-> [val |-> v1], term |-> 2, type |-> ValueEntry],
               [value |-> [val |-> v2], term |-> 2, type |-> ValueEntry] >>,
        snapshotIndex |-> 0,
        snapshotTerm |-> 0 ] @@
  s3 :>
      [ offset |-> 3,
        entries |->
            << [ value |-> [newconf |-> {s1, s2, s3}, learners |-> {}],
                 term |-> 1,
                 type |-> ConfigEntry ] >>,
        snapshotIndex |-> 2,
        snapshotTerm |-> 1 ] )
/\ partitions = (s1 :> 0 @@ s2 :> 0 @@ s3 :> 0)
/\ votesGranted = (s1 :> {s1, s2} @@ s2 :> {} @@ s3 :> {})
/\ pendingConfChangeIndex = (s1 :> 4 @@ s2 :> 0 @@ s3 :> 0)

@!@!@ENDMSG 2217 @!@!@
@!@!@STARTMSG 2217:4 @!@!@
35: <MCNextAsyncWithReady(s1) line 362, col 5 to line 362, col 35 of module MCetcdraft>
/\ progressState = ( s1 :> (s1 :> StateReplicate @@ s2 :> StateReplicate @@ s3 :> StateProbe) @@
  s2 :> (s1 :> StateProbe @@ s2 :> StateProbe @@ s3 :> StateProbe) @@
  s3 :> (s1 :> StateProbe @@ s2 :> StateProbe @@ s3 :> StateProbe) )
/\ msgSeqCounter = 16
/\ constraintCounters = [ timeout |-> 2,
  request |-> 2,
  restart |-> 1,
  drop |-> 2,
  duplicate |-> 0,
  heartbeat |-> 1,
  stepDown |-> 1,
  snapshot |-> 1,
  compact |-> 1,
  confChange |-> 1,
  reportUnreachable |-> 1,
  partition |-> 0 ]
/\ pendingMessages = <<>>
/\ appliedConfigIndex = (s1 :> 3 @@ s2 :> 3 @@ s3 :> 3)
/\ reconfigCount = 0
/\ votesResponded = (s1 :> {s1, s2, s3} @@ s2 :> {} @@ s3 :> {})
/\ msgAppFlowPaused = ( s1 :> (s1 :> FALSE @@ s2 :> FALSE @@ s3 :> FALSE) @@
  s2 :> (s1 :> FALSE @@ s2 :> FALSE @@ s3 :> FALSE) @@
  s3 :> (s1 :> FALSE @@ s2 :> FALSE @@ s3 :> FALSE) )
/\ state = (s1 :> Leader @@ s2 :> Follower @@ s3 :> Follower)
/\ pendingSnapshot = ( s1 :> (s1 :> 0 @@ s2 :> 0 @@ s3 :> 0) @@
  s2 :> (s1 :> 0 @@ s2 :> 0 @@ s3 :> 0) @@
  s3 :> (s1 :> 0 @@ s2 :> 0 @@ s3 :> 0) )
/\ config = ( s1 :>
      [ learners |-> {},
        jointConfig |-> <<{s1, s2, s3}, {}>>,
        autoLeave |-> FALSE ] @@
  s2 :>
      [ learners |-> {},
        jointConfig |-> <<{s1, s2, s3}, {}>>,
        autoLeave |-> FALSE ] @@
  s3 :>
      [ learners |-> {},
        jointConfig |-> <<{s1, s2, s3}, {}>>,
        autoLeave |-> FALSE ] )
/\ matchIndex = ( s1 :> (s1 :> 7 @@ s2 :> 3 @@ s3 :> 0) @@
  s2 :> (s1 :> 0 @@ s2 :> 0 @@ s3 :> 0) @@
  s3 :> (s1 :> 0 @@ s2 :> 0 @@ s3 :> 0) )
/\ applied = (s1 :> 3 @@ s2 :> 0 @@ s3 :> 3)
/\ votedFor = (s1 :> s1 @@ s2 :> s1 @@ s3 :> s3)
/\ durableState = ( s1 :>
      [ currentTerm |-> 2,
        votedFor |-> s1,
        log |-> 7,
        entries |->
            << [ value |-> [newconf |-> {s1}, learners |-> {}],
                 term |-> 1,
                 type |-> ConfigEntry ],
               [ value |-> [newconf |-> {s1, s2}, learners |-> {}],
                 term |-> 1,
                 type |-> ConfigEntry ],
               [ value |-> [newconf |-> {s1, s2, s3}, learners |-> {}],
                 term |-> 1,
                 type |-> ConfigEntry ],
               [ value |->
                     [ newconf |-> {s3},
                       learners |-> {},
                       enterJoint |-> TRUE,
                       oldconf |-> {s1, s2, s3} ],
                 term |-> 2,
                 type |-> ConfigEntry ],
               [value |-> [val |-> v1], term |-> 2, type |-> ValueEntry],
               [value |-> [val |-> v2], term |-> 2, type |-> ValueEntry],
               [value |-> [val |-> 0], term |-> 2, type |-> ValueEntry] >>,
        snapshotIndex |-> 0,
        snapshotTerm |-> 0,
        snapshotHistory |-> <<>>,
        commitIndex |-> 3,
        config |->
            [ learners |-> {},
              jointConfig |-> <<{s1, s2, s3}, {}>>,
              autoLeave |-> FALSE ] ] @@
  s2 :>
      [ currentTerm |-> 2,
        votedFor |-> s1,
        log |-> 6,
        entries |->
            << [ value |-> [newconf |-> {s1}, learners |-> {}],
                 term |-> 1,
                 type |-> ConfigEntry ],
               [ value |-> [newconf |-> {s1, s2}, learners |-> {}],
                 term |-> 1,
                 type |-> ConfigEntry ],
               [ value |-> [newconf |-> {s1, s2, s3}, learners |-> {}],
                 term |-> 1,
                 type |-> ConfigEntry ],
               [ value |->
                     [ newconf |-> {s3},
                       learners |-> {},
                       enterJoint |-> TRUE,
                       oldconf |-> {s1, s2, s3} ],
                 term |-> 2,
                 type |-> ConfigEntry ],
               [value |-> [val |-> v1], term |-> 2, type |-> ValueEntry],
               [value |-> [val |-> v2], term |-> 2, type |-> ValueEntry] >>,
        snapshotIndex |-> 0,
        snapshotTerm |-> 0,
        commitIndex |-> 3,
        config |->
            [ learners |-> {},
              jointConfig |-> <<{s1, s2, s3}, {}>>,
              autoLeave |-> FALSE ],
        snapshotHistory |-> <<>> ] @@
  s3 :>
      [ currentTerm |-> 2,
        votedFor |-> s3,
        log |-> 3,
        entries |->
            << [ value |-> [newconf |-> {s1, s2, s3}, learners |-> {}],
                 term |-> 1,
                 type |-> ConfigEntry ] >>,
        snapshotIndex |-> 2,
        snapshotTerm |-> 1,
        commitIndex |-> 3,
        config |->
            [ learners |-> {},
              jointConfig |-> <<{s1, s2, s3}, {}>>,
              autoLeave |-> FALSE ],
        snapshotHistory |->
            << [ value |-> [newconf |-> {s1}, learners |-> {}],
                 term |-> 1,
                 type |-> ConfigEntry ],
               [ value |-> [newconf |-> {s1, s2}, learners |-> {}],
                 term |-> 1,
                 type |-> ConfigEntry ] >> ] )
/\ historyLog = ( s1 :>
      << [ value |-> [newconf |-> {s1}, learners |-> {}],
           term |-> 1,
           type |-> ConfigEntry ],
         [ value |-> [newconf |-> {s1, s2}, learners |-> {}],
           term |-> 1,
           type |-> ConfigEntry ],
         [ value |-> [newconf |-> {s1, s2, s3}, learners |-> {}],
           term |-> 1,
           type |-> ConfigEntry ],
         [ value |->
               [ newconf |-> {s3},
                 learners |-> {},
                 enterJoint |-> TRUE,
                 oldconf |-> {s1, s2, s3} ],
           term |-> 2,
           type |-> ConfigEntry ],
         [value |-> [val |-> v1], term |-> 2, type |-> ValueEntry],
         [value |-> [val |-> v2], term |-> 2, type |-> ValueEntry],
         [value |-> [val |-> 0], term |-> 2, type |-> ValueEntry] >> @@
  s2 :>
      << [ value |-> [newconf |-> {s1}, learners |-> {}],
           term |-> 1,
           type |-> ConfigEntry ],
         [ value |-> [newconf |-> {s1, s2}, learners |-> {}],
           term |-> 1,
           type |-> ConfigEntry ],
         [ value |-> [newconf |-> {s1, s2, s3}, learners |-> {}],
           term |-> 1,
           type |-> ConfigEntry ],
         [ value |->
               [ newconf |-> {s3},
                 learners |-> {},
                 enterJoint |-> TRUE,
                 oldconf |-> {s1, s2, s3} ],
           term |-> 2,
           type |-> ConfigEntry ],
         [value |-> [val |-> v1], term |-> 2, type |-> ValueEntry],
         [value |-> [val |-> v2], term |-> 2, type |-> ValueEntry] >> @@
  s3 :>
      << [ value |-> [newconf |-> {s1}, learners |-> {}],
           term |-> 1,
           type |-> ConfigEntry ],
         [ value |-> [newconf |-> {s1, s2}, learners |-> {}],
           term |-> 1,
           type |-> ConfigEntry ],
         [ value |-> [newconf |-> {s1, s2, s3}, learners |-> {}],
           term |-> 1,
           type |-> ConfigEntry ] >> )
/\ nextIndex = ( s1 :> (s1 :> 8 @@ s2 :> 7 @@ s3 :> 4) @@
  s2 :> (s1 :> 1 @@ s2 :> 1 @@ s3 :> 1) @@
  s3 :> (s1 :> 1 @@ s2 :> 1 @@ s3 :> 1) )
/\ commitIndex = (s1 :> 3 @@ s2 :> 3 @@ s3 :> 3)
/\ inflights = ( s1 :> (s1 :> {} @@ s2 :> {6} @@ s3 :> {}) @@
  s2 :> (s1 :> {} @@ s2 :> {} @@ s3 :> {}) @@
  s3 :> (s1 :> {} @@ s2 :> {} @@ s3 :> {}) )
/\ messages = ( [ mdest |-> s1,
    msource |-> s2,
    mterm |-> 2,
    mtype |-> AppendEntriesResponse,
    mseq |-> 15,
    msubtype |-> "app",
    msuccess |-> TRUE,
    mmatchIndex |-> 6,
    mrejectHint |-> 0,
    mlogTerm |-> 0 ] :>
      1 @@
  [ mdest |-> s1,
    msource |-> s3,
    mterm |-> 2,
    mtype |-> AppendEntriesResponse,
    mseq |-> 12,
    msubtype |-> "heartbeat",
    msuccess |-> TRUE,
    mmatchIndex |-> 0,
    mrejectHint |-> 0,
    mlogTerm |-> 0 ] :>
      1 )
/\ currentTerm = (s1 :> 2 @@ s2 :> 2 @@ s3 :> 2)
/\ log = ( s1 :>
      [ offset |-> 1,
        entries |->
            << [ value |-> [newconf |-> {s1}, learners |-> {}],
                 term |-> 1,
                 type |-> ConfigEntry ],
               [ value |-> [newconf |-> {s1, s2}, learners |-> {}],
                 term |-> 1,
                 type |-> ConfigEntry ],
               [ value |-> [newconf |-> {s1, s2, s3}, learners |-> {}],
                 term |-> 1,
                 type |-> ConfigEntry ],
               [ value |->
                     [ newconf |-> {s3},
                       learners |-> {},
                       enterJoint |-> TRUE,
                       oldconf |-> {s1, s2, s3} ],
                 term |-> 2,
                 type |-> ConfigEntry ],
               [value |-> [val |-> v1], term |-> 2, type |-> ValueEntry],
               [value |-> [val |-> v2], term |-> 2, type |-> ValueEntry],
               [value |-> [val |-> 0], term |-> 2, type |-> ValueEntry] >>,
        snapshotIndex |-> 0,
        snapshotTerm |-> 0 ] @@
  s2 :>
      [ offset |-> 1,
        entries |->
            << [ value |-> [newconf |-> {s1}, learners |-> {}],
                 term |-> 1,
                 type |-> ConfigEntry ],
               [ value |-> [newconf |-> {s1, s2}, learners |-> {}],
                 term |-> 1,
                 type |-> ConfigEntry ],
               [ value |-> [newconf |-> {s1, s2, s3}, learners |-> {}],
                 term |-> 1,
                 type |-> ConfigEntry ],
               [ value |->
                     [ newconf |-> {s3},
                       learners |-> {},
                       enterJoint |-> TRUE,
                       oldconf |-> {s1, s2, s3} ],
                 term |-> 2,
                 type |-> ConfigEntry ],
               [value |-> [val |-> v1], term |-> 2, type |-> ValueEntry],
               [value |-> [val |-> v2], term |-> 2, type |-> ValueEntry] >>,
        snapshotIndex |-> 0,
        snapshotTerm |-> 0 ] @@
  s3 :>
      [ offset |-> 3,
        entries |->
            << [ value |-> [newconf |-> {s1, s2, s3}, learners |-> {}],
                 term |-> 1,
                 type |-> ConfigEntry ] >>,
        snapshotIndex |-> 2,
        snapshotTerm |-> 1 ] )
/\ partitions = (s1 :> 0 @@ s2 :> 0 @@ s3 :> 0)
/\ votesGranted = (s1 :> {s1, s2} @@ s2 :> {} @@ s3 :> {})
/\ pendingConfChangeIndex = (s1 :> 4 @@ s2 :> 0 @@ s3 :> 0)

@!@!@ENDMSG 2217 @!@!@
@!@!@STARTMSG 2217:4 @!@!@
36: <MCNextAsyncWithReady(s1) line 362, col 5 to line 362, col 35 of module MCetcdraft>
/\ progressState = ( s1 :> (s1 :> StateReplicate @@ s2 :> StateReplicate @@ s3 :> StateProbe) @@
  s2 :> (s1 :> StateProbe @@ s2 :> StateProbe @@ s3 :> StateProbe) @@
  s3 :> (s1 :> StateProbe @@ s2 :> StateProbe @@ s3 :> StateProbe) )
/\ msgSeqCounter = 16
/\ constraintCounters = [ timeout |-> 2,
  request |-> 2,
  restart |-> 1,
  drop |-> 2,
  duplicate |-> 0,
  heartbeat |-> 1,
  stepDown |-> 1,
  snapshot |-> 1,
  compact |-> 1,
  confChange |-> 1,
  reportUnreachable |-> 1,
  partition |-> 0 ]
/\ pendingMessages = <<>>
/\ appliedConfigIndex = (s1 :> 3 @@ s2 :> 3 @@ s3 :> 3)
/\ reconfigCount = 0
/\ votesResponded = (s1 :> {s1, s2, s3} @@ s2 :> {} @@ s3 :> {})
/\ msgAppFlowPaused = ( s1 :> (s1 :> FALSE @@ s2 :> FALSE @@ s3 :> FALSE) @@
  s2 :> (s1 :> FALSE @@ s2 :> FALSE @@ s3 :> FALSE) @@
  s3 :> (s1 :> FALSE @@ s2 :> FALSE @@ s3 :> FALSE) )
/\ state = (s1 :> Leader @@ s2 :> Follower @@ s3 :> Follower)
/\ pendingSnapshot = ( s1 :> (s1 :> 0 @@ s2 :> 0 @@ s3 :> 0) @@
  s2 :> (s1 :> 0 @@ s2 :> 0 @@ s3 :> 0) @@
  s3 :> (s1 :> 0 @@ s2 :> 0 @@ s3 :> 0) )
/\ config = ( s1 :>
      [ learners |-> {},
        jointConfig |-> <<{s1, s2, s3}, {}>>,
        autoLeave |-> FALSE ] @@
  s2 :>
      [ learners |-> {},
        jointConfig |-> <<{s1, s2, s3}, {}>>,
        autoLeave |-> FALSE ] @@
  s3 :>
      [ learners |-> {},
        jointConfig |-> <<{s1, s2, s3}, {}>>,
        autoLeave |-> FALSE ] )
/\ matchIndex = ( s1 :> (s1 :> 7 @@ s2 :> 6 @@ s3 :> 0) @@
  s2 :> (s1 :> 0 @@ s2 :> 0 @@ s3 :> 0) @@
  s3 :> (s1 :> 0 @@ s2 :> 0 @@ s3 :> 0) )
/\ applied = (s1 :> 3 @@ s2 :> 0 @@ s3 :> 3)
/\ votedFor = (s1 :> s1 @@ s2 :> s1 @@ s3 :> s3)
/\ durableState = ( s1 :>
      [ currentTerm |-> 2,
        votedFor |-> s1,
        log |-> 7,
        entries |->
            << [ value |-> [newconf |-> {s1}, learners |-> {}],
                 term |-> 1,
                 type |-> ConfigEntry ],
               [ value |-> [newconf |-> {s1, s2}, learners |-> {}],
                 term |-> 1,
                 type |-> ConfigEntry ],
               [ value |-> [newconf |-> {s1, s2, s3}, learners |-> {}],
                 term |-> 1,
                 type |-> ConfigEntry ],
               [ value |->
                     [ newconf |-> {s3},
                       learners |-> {},
                       enterJoint |-> TRUE,
                       oldconf |-> {s1, s2, s3} ],
                 term |-> 2,
                 type |-> ConfigEntry ],
               [value |-> [val |-> v1], term |-> 2, type |-> ValueEntry],
               [value |-> [val |-> v2], term |-> 2, type |-> ValueEntry],
               [value |-> [val |-> 0], term |-> 2, type |-> ValueEntry] >>,
        snapshotIndex |-> 0,
        snapshotTerm |-> 0,
        snapshotHistory |-> <<>>,
        commitIndex |-> 3,
        config |->
            [ learners |-> {},
              jointConfig |-> <<{s1, s2, s3}, {}>>,
              autoLeave |-> FALSE ] ] @@
  s2 :>
      [ currentTerm |-> 2,
        votedFor |-> s1,
        log |-> 6,
        entries |->
            << [ value |-> [newconf |-> {s1}, learners |-> {}],
                 term |-> 1,
                 type |-> ConfigEntry ],
               [ value |-> [newconf |-> {s1, s2}, learners |-> {}],
                 term |-> 1,
                 type |-> ConfigEntry ],
               [ value |-> [newconf |-> {s1, s2, s3}, learners |-> {}],
                 term |-> 1,
                 type |-> ConfigEntry ],
               [ value |->
                     [ newconf |-> {s3},
                       learners |-> {},
                       enterJoint |-> TRUE,
                       oldconf |-> {s1, s2, s3} ],
                 term |-> 2,
                 type |-> ConfigEntry ],
               [value |-> [val |-> v1], term |-> 2, type |-> ValueEntry],
               [value |-> [val |-> v2], term |-> 2, type |-> ValueEntry] >>,
        snapshotIndex |-> 0,
        snapshotTerm |-> 0,
        commitIndex |-> 3,
        config |->
            [ learners |-> {},
              jointConfig |-> <<{s1, s2, s3}, {}>>,
              autoLeave |-> FALSE ],
        snapshotHistory |-> <<>> ] @@
  s3 :>
      [ currentTerm |-> 2,
        votedFor |-> s3,
        log |-> 3,
        entries |->
            << [ value |-> [newconf |-> {s1, s2, s3}, learners |-> {}],
                 term |-> 1,
                 type |-> ConfigEntry ] >>,
        snapshotIndex |-> 2,
        snapshotTerm |-> 1,
        commitIndex |-> 3,
        config |->
            [ learners |-> {},
              jointConfig |-> <<{s1, s2, s3}, {}>>,
              autoLeave |-> FALSE ],
        snapshotHistory |->
            << [ value |-> [newconf |-> {s1}, learners |-> {}],
                 term |-> 1,
                 type |-> ConfigEntry ],
               [ value |-> [newconf |-> {s1, s2}, learners |-> {}],
                 term |-> 1,
                 type |-> ConfigEntry ] >> ] )
/\ historyLog = ( s1 :>
      << [ value |-> [newconf |-> {s1}, learners |-> {}],
           term |-> 1,
           type |-> ConfigEntry ],
         [ value |-> [newconf |-> {s1, s2}, learners |-> {}],
           term |-> 1,
           type |-> ConfigEntry ],
         [ value |-> [newconf |-> {s1, s2, s3}, learners |-> {}],
           term |-> 1,
           type |-> ConfigEntry ],
         [ value |->
               [ newconf |-> {s3},
                 learners |-> {},
                 enterJoint |-> TRUE,
                 oldconf |-> {s1, s2, s3} ],
           term |-> 2,
           type |-> ConfigEntry ],
         [value |-> [val |-> v1], term |-> 2, type |-> ValueEntry],
         [value |-> [val |-> v2], term |-> 2, type |-> ValueEntry],
         [value |-> [val |-> 0], term |-> 2, type |-> ValueEntry] >> @@
  s2 :>
      << [ value |-> [newconf |-> {s1}, learners |-> {}],
           term |-> 1,
           type |-> ConfigEntry ],
         [ value |-> [newconf |-> {s1, s2}, learners |-> {}],
           term |-> 1,
           type |-> ConfigEntry ],
         [ value |-> [newconf |-> {s1, s2, s3}, learners |-> {}],
           term |-> 1,
           type |-> ConfigEntry ],
         [ value |->
               [ newconf |-> {s3},
                 learners |-> {},
                 enterJoint |-> TRUE,
                 oldconf |-> {s1, s2, s3} ],
           term |-> 2,
           type |-> ConfigEntry ],
         [value |-> [val |-> v1], term |-> 2, type |-> ValueEntry],
         [value |-> [val |-> v2], term |-> 2, type |-> ValueEntry] >> @@
  s3 :>
      << [ value |-> [newconf |-> {s1}, learners |-> {}],
           term |-> 1,
           type |-> ConfigEntry ],
         [ value |-> [newconf |-> {s1, s2}, learners |-> {}],
           term |-> 1,
           type |-> ConfigEntry ],
         [ value |-> [newconf |-> {s1, s2, s3}, learners |-> {}],
           term |-> 1,
           type |-> ConfigEntry ] >> )
/\ nextIndex = ( s1 :> (s1 :> 8 @@ s2 :> 7 @@ s3 :> 4) @@
  s2 :> (s1 :> 1 @@ s2 :> 1 @@ s3 :> 1) @@
  s3 :> (s1 :> 1 @@ s2 :> 1 @@ s3 :> 1) )
/\ commitIndex = (s1 :> 3 @@ s2 :> 3 @@ s3 :> 3)
/\ inflights = ( s1 :> (s1 :> {} @@ s2 :> {} @@ s3 :> {}) @@
  s2 :> (s1 :> {} @@ s2 :> {} @@ s3 :> {}) @@
  s3 :> (s1 :> {} @@ s2 :> {} @@ s3 :> {}) )
/\ messages = ( [ mdest |-> s1,
    msource |-> s3,
    mterm |-> 2,
    mtype |-> AppendEntriesResponse,
    mseq |-> 12,
    msubtype |-> "heartbeat",
    msuccess |-> TRUE,
    mmatchIndex |-> 0,
    mrejectHint |-> 0,
    mlogTerm |-> 0 ] :>
      1 )
/\ currentTerm = (s1 :> 2 @@ s2 :> 2 @@ s3 :> 2)
/\ log = ( s1 :>
      [ offset |-> 1,
        entries |->
            << [ value |-> [newconf |-> {s1}, learners |-> {}],
                 term |-> 1,
                 type |-> ConfigEntry ],
               [ value |-> [newconf |-> {s1, s2}, learners |-> {}],
                 term |-> 1,
                 type |-> ConfigEntry ],
               [ value |-> [newconf |-> {s1, s2, s3}, learners |-> {}],
                 term |-> 1,
                 type |-> ConfigEntry ],
               [ value |->
                     [ newconf |-> {s3},
                       learners |-> {},
                       enterJoint |-> TRUE,
                       oldconf |-> {s1, s2, s3} ],
                 term |-> 2,
                 type |-> ConfigEntry ],
               [value |-> [val |-> v1], term |-> 2, type |-> ValueEntry],
               [value |-> [val |-> v2], term |-> 2, type |-> ValueEntry],
               [value |-> [val |-> 0], term |-> 2, type |-> ValueEntry] >>,
        snapshotIndex |-> 0,
        snapshotTerm |-> 0 ] @@
  s2 :>
      [ offset |-> 1,
        entries |->
            << [ value |-> [newconf |-> {s1}, learners |-> {}],
                 term |-> 1,
                 type |-> ConfigEntry ],
               [ value |-> [newconf |-> {s1, s2}, learners |-> {}],
                 term |-> 1,
                 type |-> ConfigEntry ],
               [ value |-> [newconf |-> {s1, s2, s3}, learners |-> {}],
                 term |-> 1,
                 type |-> ConfigEntry ],
               [ value |->
                     [ newconf |-> {s3},
                       learners |-> {},
                       enterJoint |-> TRUE,
                       oldconf |-> {s1, s2, s3} ],
                 term |-> 2,
                 type |-> ConfigEntry ],
               [value |-> [val |-> v1], term |-> 2, type |-> ValueEntry],
               [value |-> [val |-> v2], term |-> 2, type |-> ValueEntry] >>,
        snapshotIndex |-> 0,
        snapshotTerm |-> 0 ] @@
  s3 :>
      [ offset |-> 3,
        entries |->
            << [ value |-> [newconf |-> {s1, s2, s3}, learners |-> {}],
                 term |-> 1,
                 type |-> ConfigEntry ] >>,
        snapshotIndex |-> 2,
        snapshotTerm |-> 1 ] )
/\ partitions = (s1 :> 0 @@ s2 :> 0 @@ s3 :> 0)
/\ votesGranted = (s1 :> {s1, s2} @@ s2 :> {} @@ s3 :> {})
/\ pendingConfChangeIndex = (s1 :> 4 @@ s2 :> 0 @@ s3 :> 0)

@!@!@ENDMSG 2217 @!@!@
@!@!@STARTMSG 2217:4 @!@!@
37: <MCNextAsyncWithReady(s1) line 362, col 5 to line 362, col 35 of module MCetcdraft>
/\ progressState = ( s1 :> (s1 :> StateReplicate @@ s2 :> StateReplicate @@ s3 :> StateProbe) @@
  s2 :> (s1 :> StateProbe @@ s2 :> StateProbe @@ s3 :> StateProbe) @@
  s3 :> (s1 :> StateProbe @@ s2 :> StateProbe @@ s3 :> StateProbe) )
/\ msgSeqCounter = 17
/\ constraintCounters = [ timeout |-> 2,
  request |-> 2,
  restart |-> 1,
  drop |-> 2,
  duplicate |-> 0,
  heartbeat |-> 2,
  stepDown |-> 1,
  snapshot |-> 1,
  compact |-> 1,
  confChange |-> 1,
  reportUnreachable |-> 1,
  partition |-> 0 ]
/\ pendingMessages = <<>>
/\ appliedConfigIndex = (s1 :> 3 @@ s2 :> 3 @@ s3 :> 3)
/\ reconfigCount = 0
/\ votesResponded = (s1 :> {s1, s2, s3} @@ s2 :> {} @@ s3 :> {})
/\ msgAppFlowPaused = ( s1 :> (s1 :> FALSE @@ s2 :> FALSE @@ s3 :> FALSE) @@
  s2 :> (s1 :> FALSE @@ s2 :> FALSE @@ s3 :> FALSE) @@
  s3 :> (s1 :> FALSE @@ s2 :> FALSE @@ s3 :> FALSE) )
/\ state = (s1 :> Leader @@ s2 :> Follower @@ s3 :> Follower)
/\ pendingSnapshot = ( s1 :> (s1 :> 0 @@ s2 :> 0 @@ s3 :> 0) @@
  s2 :> (s1 :> 0 @@ s2 :> 0 @@ s3 :> 0) @@
  s3 :> (s1 :> 0 @@ s2 :> 0 @@ s3 :> 0) )
/\ config = ( s1 :>
      [ learners |-> {},
        jointConfig |-> <<{s1, s2, s3}, {}>>,
        autoLeave |-> FALSE ] @@
  s2 :>
      [ learners |-> {},
        jointConfig |-> <<{s1, s2, s3}, {}>>,
        autoLeave |-> FALSE ] @@
  s3 :>
      [ learners |-> {},
        jointConfig |-> <<{s1, s2, s3}, {}>>,
        autoLeave |-> FALSE ] )
/\ matchIndex = ( s1 :> (s1 :> 7 @@ s2 :> 6 @@ s3 :> 0) @@
  s2 :> (s1 :> 0 @@ s2 :> 0 @@ s3 :> 0) @@
  s3 :> (s1 :> 0 @@ s2 :> 0 @@ s3 :> 0) )
/\ applied = (s1 :> 3 @@ s2 :> 0 @@ s3 :> 3)
/\ votedFor = (s1 :> s1 @@ s2 :> s1 @@ s3 :> s3)
/\ durableState = ( s1 :>
      [ currentTerm |-> 2,
        votedFor |-> s1,
        log |-> 7,
        entries |->
            << [ value |-> [newconf |-> {s1}, learners |-> {}],
                 term |-> 1,
                 type |-> ConfigEntry ],
               [ value |-> [newconf |-> {s1, s2}, learners |-> {}],
                 term |-> 1,
                 type |-> ConfigEntry ],
               [ value |-> [newconf |-> {s1, s2, s3}, learners |-> {}],
                 term |-> 1,
                 type |-> ConfigEntry ],
               [ value |->
                     [ newconf |-> {s3},
                       learners |-> {},
                       enterJoint |-> TRUE,
                       oldconf |-> {s1, s2, s3} ],
                 term |-> 2,
                 type |-> ConfigEntry ],
               [value |-> [val |-> v1], term |-> 2, type |-> ValueEntry],
               [value |-> [val |-> v2], term |-> 2, type |-> ValueEntry],
               [value |-> [val |-> 0], term |-> 2, type |-> ValueEntry] >>,
        snapshotIndex |-> 0,
        snapshotTerm |-> 0,
        commitIndex |-> 3,
        config |->
            [ learners |-> {},
              jointConfig |-> <<{s1, s2, s3}, {}>>,
              autoLeave |-> FALSE ],
        snapshotHistory |-> <<>> ] @@
  s2 :>
      [ currentTerm |-> 2,
        votedFor |-> s1,
        log |-> 6,
        entries |->
            << [ value |-> [newconf |-> {s1}, learners |-> {}],
                 term |-> 1,
                 type |-> ConfigEntry ],
               [ value |-> [newconf |-> {s1, s2}, learners |-> {}],
                 term |-> 1,
                 type |-> ConfigEntry ],
               [ value |-> [newconf |-> {s1, s2, s3}, learners |-> {}],
                 term |-> 1,
                 type |-> ConfigEntry ],
               [ value |->
                     [ newconf |-> {s3},
                       learners |-> {},
                       enterJoint |-> TRUE,
                       oldconf |-> {s1, s2, s3} ],
                 term |-> 2,
                 type |-> ConfigEntry ],
               [value |-> [val |-> v1], term |-> 2, type |-> ValueEntry],
               [value |-> [val |-> v2], term |-> 2, type |-> ValueEntry] >>,
        snapshotIndex |-> 0,
        snapshotTerm |-> 0,
        commitIndex |-> 3,
        config |->
            [ learners |-> {},
              jointConfig |-> <<{s1, s2, s3}, {}>>,
              autoLeave |-> FALSE ],
        snapshotHistory |-> <<>> ] @@
  s3 :>
      [ currentTerm |-> 2,
        votedFor |-> s3,
        log |-> 3,
        entries |->
            << [ value |-> [newconf |-> {s1, s2, s3}, learners |-> {}],
                 term |-> 1,
                 type |-> ConfigEntry ] >>,
        snapshotIndex |-> 2,
        snapshotTerm |-> 1,
        commitIndex |-> 3,
        config |->
            [ learners |-> {},
              jointConfig |-> <<{s1, s2, s3}, {}>>,
              autoLeave |-> FALSE ],
        snapshotHistory |->
            << [ value |-> [newconf |-> {s1}, learners |-> {}],
                 term |-> 1,
                 type |-> ConfigEntry ],
               [ value |-> [newconf |-> {s1, s2}, learners |-> {}],
                 term |-> 1,
                 type |-> ConfigEntry ] >> ] )
/\ historyLog = ( s1 :>
      << [ value |-> [newconf |-> {s1}, learners |-> {}],
           term |-> 1,
           type |-> ConfigEntry ],
         [ value |-> [newconf |-> {s1, s2}, learners |-> {}],
           term |-> 1,
           type |-> ConfigEntry ],
         [ value |-> [newconf |-> {s1, s2, s3}, learners |-> {}],
           term |-> 1,
           type |-> ConfigEntry ],
         [ value |->
               [ newconf |-> {s3},
                 learners |-> {},
                 enterJoint |-> TRUE,
                 oldconf |-> {s1, s2, s3} ],
           term |-> 2,
           type |-> ConfigEntry ],
         [value |-> [val |-> v1], term |-> 2, type |-> ValueEntry],
         [value |-> [val |-> v2], term |-> 2, type |-> ValueEntry],
         [value |-> [val |-> 0], term |-> 2, type |-> ValueEntry] >> @@
  s2 :>
      << [ value |-> [newconf |-> {s1}, learners |-> {}],
           term |-> 1,
           type |-> ConfigEntry ],
         [ value |-> [newconf |-> {s1, s2}, learners |-> {}],
           term |-> 1,
           type |-> ConfigEntry ],
         [ value |-> [newconf |-> {s1, s2, s3}, learners |-> {}],
           term |-> 1,
           type |-> ConfigEntry ],
         [ value |->
               [ newconf |-> {s3},
                 learners |-> {},
                 enterJoint |-> TRUE,
                 oldconf |-> {s1, s2, s3} ],
           term |-> 2,
           type |-> ConfigEntry ],
         [value |-> [val |-> v1], term |-> 2, type |-> ValueEntry],
         [value |-> [val |-> v2], term |-> 2, type |-> ValueEntry] >> @@
  s3 :>
      << [ value |-> [newconf |-> {s1}, learners |-> {}],
           term |-> 1,
           type |-> ConfigEntry ],
         [ value |-> [newconf |-> {s1, s2}, learners |-> {}],
           term |-> 1,
           type |-> ConfigEntry ],
         [ value |-> [newconf |-> {s1, s2, s3}, learners |-> {}],
           term |-> 1,
           type |-> ConfigEntry ] >> )
/\ nextIndex = ( s1 :> (s1 :> 8 @@ s2 :> 7 @@ s3 :> 4) @@
  s2 :> (s1 :> 1 @@ s2 :> 1 @@ s3 :> 1) @@
  s3 :> (s1 :> 1 @@ s2 :> 1 @@ s3 :> 1) )
/\ commitIndex = (s1 :> 3 @@ s2 :> 3 @@ s3 :> 3)
/\ inflights = ( s1 :> (s1 :> {} @@ s2 :> {} @@ s3 :> {}) @@
  s2 :> (s1 :> {} @@ s2 :> {} @@ s3 :> {}) @@
  s3 :> (s1 :> {} @@ s2 :> {} @@ s3 :> {}) )
/\ messages = ( [ mdest |-> s2,
    msource |-> s1,
    mterm |-> 2,
    mtype |-> AppendEntriesRequest,
    mseq |-> 16,
    msubtype |-> "heartbeat",
    mprevLogIndex |-> 0,
    mprevLogTerm |-> 0,
    mentries |-> <<>>,
    mcommitIndex |-> 3 ] :>
      1 @@
  [ mdest |-> s1,
    msource |-> s3,
    mterm |-> 2,
    mtype |-> AppendEntriesResponse,
    mseq |-> 12,
    msubtype |-> "heartbeat",
    msuccess |-> TRUE,
    mmatchIndex |-> 0,
    mrejectHint |-> 0,
    mlogTerm |-> 0 ] :>
      1 )
/\ currentTerm = (s1 :> 2 @@ s2 :> 2 @@ s3 :> 2)
/\ log = ( s1 :>
      [ offset |-> 1,
        entries |->
            << [ value |-> [newconf |-> {s1}, learners |-> {}],
                 term |-> 1,
                 type |-> ConfigEntry ],
               [ value |-> [newconf |-> {s1, s2}, learners |-> {}],
                 term |-> 1,
                 type |-> ConfigEntry ],
               [ value |-> [newconf |-> {s1, s2, s3}, learners |-> {}],
                 term |-> 1,
                 type |-> ConfigEntry ],
               [ value |->
                     [ newconf |-> {s3},
                       learners |-> {},
                       enterJoint |-> TRUE,
                       oldconf |-> {s1, s2, s3} ],
                 term |-> 2,
                 type |-> ConfigEntry ],
               [value |-> [val |-> v1], term |-> 2, type |-> ValueEntry],
               [value |-> [val |-> v2], term |-> 2, type |-> ValueEntry],
               [value |-> [val |-> 0], term |-> 2, type |-> ValueEntry] >>,
        snapshotIndex |-> 0,
        snapshotTerm |-> 0 ] @@
  s2 :>
      [ offset |-> 1,
        entries |->
            << [ value |-> [newconf |-> {s1}, learners |-> {}],
                 term |-> 1,
                 type |-> ConfigEntry ],
               [ value |-> [newconf |-> {s1, s2}, learners |-> {}],
                 term |-> 1,
                 type |-> ConfigEntry ],
               [ value |-> [newconf |-> {s1, s2, s3}, learners |-> {}],
                 term |-> 1,
                 type |-> ConfigEntry ],
               [ value |->
                     [ newconf |-> {s3},
                       learners |-> {},
                       enterJoint |-> TRUE,
                       oldconf |-> {s1, s2, s3} ],
                 term |-> 2,
                 type |-> ConfigEntry ],
               [value |-> [val |-> v1], term |-> 2, type |-> ValueEntry],
               [value |-> [val |-> v2], term |-> 2, type |-> ValueEntry] >>,
        snapshotIndex |-> 0,
        snapshotTerm |-> 0 ] @@
  s3 :>
      [ offset |-> 3,
        entries |->
            << [ value |-> [newconf |-> {s1, s2, s3}, learners |-> {}],
                 term |-> 1,
                 type |-> ConfigEntry ] >>,
        snapshotIndex |-> 2,
        snapshotTerm |-> 1 ] )
/\ partitions = (s1 :> 0 @@ s2 :> 0 @@ s3 :> 0)
/\ votesGranted = (s1 :> {s1, s2} @@ s2 :> {} @@ s3 :> {})
/\ pendingConfChangeIndex = (s1 :> 4 @@ s2 :> 0 @@ s3 :> 0)

@!@!@ENDMSG 2217 @!@!@
@!@!@STARTMSG 2217:4 @!@!@
38: <MCNextAsyncWithReady(s2) line 362, col 5 to line 362, col 35 of module MCetcdraft>
/\ progressState = ( s1 :> (s1 :> StateReplicate @@ s2 :> StateReplicate @@ s3 :> StateProbe) @@
  s2 :> (s1 :> StateProbe @@ s2 :> StateProbe @@ s3 :> StateProbe) @@
  s3 :> (s1 :> StateProbe @@ s2 :> StateProbe @@ s3 :> StateProbe) )
/\ msgSeqCounter = 18
/\ constraintCounters = [ timeout |-> 2,
  request |-> 2,
  restart |-> 1,
  drop |-> 2,
  duplicate |-> 0,
  heartbeat |-> 2,
  stepDown |-> 1,
  snapshot |-> 1,
  compact |-> 1,
  confChange |-> 1,
  reportUnreachable |-> 1,
  partition |-> 0 ]
/\ pendingMessages = <<>>
/\ appliedConfigIndex = (s1 :> 3 @@ s2 :> 3 @@ s3 :> 3)
/\ reconfigCount = 0
/\ votesResponded = (s1 :> {s1, s2, s3} @@ s2 :> {} @@ s3 :> {})
/\ msgAppFlowPaused = ( s1 :> (s1 :> FALSE @@ s2 :> FALSE @@ s3 :> FALSE) @@
  s2 :> (s1 :> FALSE @@ s2 :> FALSE @@ s3 :> FALSE) @@
  s3 :> (s1 :> FALSE @@ s2 :> FALSE @@ s3 :> FALSE) )
/\ state = (s1 :> Leader @@ s2 :> Follower @@ s3 :> Follower)
/\ pendingSnapshot = ( s1 :> (s1 :> 0 @@ s2 :> 0 @@ s3 :> 0) @@
  s2 :> (s1 :> 0 @@ s2 :> 0 @@ s3 :> 0) @@
  s3 :> (s1 :> 0 @@ s2 :> 0 @@ s3 :> 0) )
/\ config = ( s1 :>
      [ learners |-> {},
        jointConfig |-> <<{s1, s2, s3}, {}>>,
        autoLeave |-> FALSE ] @@
  s2 :>
      [ learners |-> {},
        jointConfig |-> <<{s1, s2, s3}, {}>>,
        autoLeave |-> FALSE ] @@
  s3 :>
      [ learners |-> {},
        jointConfig |-> <<{s1, s2, s3}, {}>>,
        autoLeave |-> FALSE ] )
/\ matchIndex = ( s1 :> (s1 :> 7 @@ s2 :> 6 @@ s3 :> 0) @@
  s2 :> (s1 :> 0 @@ s2 :> 0 @@ s3 :> 0) @@
  s3 :> (s1 :> 0 @@ s2 :> 0 @@ s3 :> 0) )
/\ applied = (s1 :> 3 @@ s2 :> 0 @@ s3 :> 3)
/\ votedFor = (s1 :> s1 @@ s2 :> s1 @@ s3 :> s3)
/\ durableState = ( s1 :>
      [ currentTerm |-> 2,
        votedFor |-> s1,
        log |-> 7,
        entries |->
            << [ value |-> [newconf |-> {s1}, learners |-> {}],
                 term |-> 1,
                 type |-> ConfigEntry ],
               [ value |-> [newconf |-> {s1, s2}, learners |-> {}],
                 term |-> 1,
                 type |-> ConfigEntry ],
               [ value |-> [newconf |-> {s1, s2, s3}, learners |-> {}],
                 term |-> 1,
                 type |-> ConfigEntry ],
               [ value |->
                     [ newconf |-> {s3},
                       learners |-> {},
                       enterJoint |-> TRUE,
                       oldconf |-> {s1, s2, s3} ],
                 term |-> 2,
                 type |-> ConfigEntry ],
               [value |-> [val |-> v1], term |-> 2, type |-> ValueEntry],
               [value |-> [val |-> v2], term |-> 2, type |-> ValueEntry],
               [value |-> [val |-> 0], term |-> 2, type |-> ValueEntry] >>,
        snapshotIndex |-> 0,
        snapshotTerm |-> 0,
        commitIndex |-> 3,
        config |->
            [ learners |-> {},
              jointConfig |-> <<{s1, s2, s3}, {}>>,
              autoLeave |-> FALSE ],
        snapshotHistory |-> <<>> ] @@
  s2 :>
      [ currentTerm |-> 2,
        votedFor |-> s1,
        log |-> 6,
        entries |->
            << [ value |-> [newconf |-> {s1}, learners |-> {}],
                 term |-> 1,
                 type |-> ConfigEntry ],
               [ value |-> [newconf |-> {s1, s2}, learners |-> {}],
                 term |-> 1,
                 type |-> ConfigEntry ],
               [ value |-> [newconf |-> {s1, s2, s3}, learners |-> {}],
                 term |-> 1,
                 type |-> ConfigEntry ],
               [ value |->
                     [ newconf |-> {s3},
                       learners |-> {},
                       enterJoint |-> TRUE,
                       oldconf |-> {s1, s2, s3} ],
                 term |-> 2,
                 type |-> ConfigEntry ],
               [value |-> [val |-> v1], term |-> 2, type |-> ValueEntry],
               [value |-> [val |-> v2], term |-> 2, type |-> ValueEntry] >>,
        snapshotIndex |-> 0,
        snapshotTerm |-> 0,
        commitIndex |-> 3,
        config |->
            [ learners |-> {},
              jointConfig |-> <<{s1, s2, s3}, {}>>,
              autoLeave |-> FALSE ],
        snapshotHistory |-> <<>> ] @@
  s3 :>
      [ currentTerm |-> 2,
        votedFor |-> s3,
        log |-> 3,
        entries |->
            << [ value |-> [newconf |-> {s1, s2, s3}, learners |-> {}],
                 term |-> 1,
                 type |-> ConfigEntry ] >>,
        snapshotIndex |-> 2,
        snapshotTerm |-> 1,
        commitIndex |-> 3,
        config |->
            [ learners |-> {},
              jointConfig |-> <<{s1, s2, s3}, {}>>,
              autoLeave |-> FALSE ],
        snapshotHistory |->
            << [ value |-> [newconf |-> {s1}, learners |-> {}],
                 term |-> 1,
                 type |-> ConfigEntry ],
               [ value |-> [newconf |-> {s1, s2}, learners |-> {}],
                 term |-> 1,
                 type |-> ConfigEntry ] >> ] )
/\ historyLog = ( s1 :>
      << [ value |-> [newconf |-> {s1}, learners |-> {}],
           term |-> 1,
           type |-> ConfigEntry ],
         [ value |-> [newconf |-> {s1, s2}, learners |-> {}],
           term |-> 1,
           type |-> ConfigEntry ],
         [ value |-> [newconf |-> {s1, s2, s3}, learners |-> {}],
           term |-> 1,
           type |-> ConfigEntry ],
         [ value |->
               [ newconf |-> {s3},
                 learners |-> {},
                 enterJoint |-> TRUE,
                 oldconf |-> {s1, s2, s3} ],
           term |-> 2,
           type |-> ConfigEntry ],
         [value |-> [val |-> v1], term |-> 2, type |-> ValueEntry],
         [value |-> [val |-> v2], term |-> 2, type |-> ValueEntry],
         [value |-> [val |-> 0], term |-> 2, type |-> ValueEntry] >> @@
  s2 :>
      << [ value |-> [newconf |-> {s1}, learners |-> {}],
           term |-> 1,
           type |-> ConfigEntry ],
         [ value |-> [newconf |-> {s1, s2}, learners |-> {}],
           term |-> 1,
           type |-> ConfigEntry ],
         [ value |-> [newconf |-> {s1, s2, s3}, learners |-> {}],
           term |-> 1,
           type |-> ConfigEntry ],
         [ value |->
               [ newconf |-> {s3},
                 learners |-> {},
                 enterJoint |-> TRUE,
                 oldconf |-> {s1, s2, s3} ],
           term |-> 2,
           type |-> ConfigEntry ],
         [value |-> [val |-> v1], term |-> 2, type |-> ValueEntry],
         [value |-> [val |-> v2], term |-> 2, type |-> ValueEntry] >> @@
  s3 :>
      << [ value |-> [newconf |-> {s1}, learners |-> {}],
           term |-> 1,
           type |-> ConfigEntry ],
         [ value |-> [newconf |-> {s1, s2}, learners |-> {}],
           term |-> 1,
           type |-> ConfigEntry ],
         [ value |-> [newconf |-> {s1, s2, s3}, learners |-> {}],
           term |-> 1,
           type |-> ConfigEntry ] >> )
/\ nextIndex = ( s1 :> (s1 :> 8 @@ s2 :> 7 @@ s3 :> 4) @@
  s2 :> (s1 :> 1 @@ s2 :> 1 @@ s3 :> 1) @@
  s3 :> (s1 :> 1 @@ s2 :> 1 @@ s3 :> 1) )
/\ commitIndex = (s1 :> 3 @@ s2 :> 3 @@ s3 :> 3)
/\ inflights = ( s1 :> (s1 :> {} @@ s2 :> {} @@ s3 :> {}) @@
  s2 :> (s1 :> {} @@ s2 :> {} @@ s3 :> {}) @@
  s3 :> (s1 :> {} @@ s2 :> {} @@ s3 :> {}) )
/\ messages = ( [ mdest |-> s1,
    msource |-> s2,
    mterm |-> 2,
    mtype |-> AppendEntriesResponse,
    mseq |-> 17,
    msubtype |-> "heartbeat",
    msuccess |-> TRUE,
    mmatchIndex |-> 0,
    mrejectHint |-> 0,
    mlogTerm |-> 0 ] :>
      1 @@
  [ mdest |-> s1,
    msource |-> s3,
    mterm |-> 2,
    mtype |-> AppendEntriesResponse,
    mseq |-> 12,
    msubtype |-> "heartbeat",
    msuccess |-> TRUE,
    mmatchIndex |-> 0,
    mrejectHint |-> 0,
    mlogTerm |-> 0 ] :>
      1 )
/\ currentTerm = (s1 :> 2 @@ s2 :> 2 @@ s3 :> 2)
/\ log = ( s1 :>
      [ offset |-> 1,
        entries |->
            << [ value |-> [newconf |-> {s1}, learners |-> {}],
                 term |-> 1,
                 type |-> ConfigEntry ],
               [ value |-> [newconf |-> {s1, s2}, learners |-> {}],
                 term |-> 1,
                 type |-> ConfigEntry ],
               [ value |-> [newconf |-> {s1, s2, s3}, learners |-> {}],
                 term |-> 1,
                 type |-> ConfigEntry ],
               [ value |->
                     [ newconf |-> {s3},
                       learners |-> {},
                       enterJoint |-> TRUE,
                       oldconf |-> {s1, s2, s3} ],
                 term |-> 2,
                 type |-> ConfigEntry ],
               [value |-> [val |-> v1], term |-> 2, type |-> ValueEntry],
               [value |-> [val |-> v2], term |-> 2, type |-> ValueEntry],
               [value |-> [val |-> 0], term |-> 2, type |-> ValueEntry] >>,
        snapshotIndex |-> 0,
        snapshotTerm |-> 0 ] @@
  s2 :>
      [ offset |-> 1,
        entries |->
            << [ value |-> [newconf |-> {s1}, learners |-> {}],
                 term |-> 1,
                 type |-> ConfigEntry ],
               [ value |-> [newconf |-> {s1, s2}, learners |-> {}],
                 term |-> 1,
                 type |-> ConfigEntry ],
               [ value |-> [newconf |-> {s1, s2, s3}, learners |-> {}],
                 term |-> 1,
                 type |-> ConfigEntry ],
               [ value |->
                     [ newconf |-> {s3},
                       learners |-> {},
                       enterJoint |-> TRUE,
                       oldconf |-> {s1, s2, s3} ],
                 term |-> 2,
                 type |-> ConfigEntry ],
               [value |-> [val |-> v1], term |-> 2, type |-> ValueEntry],
               [value |-> [val |-> v2], term |-> 2, type |-> ValueEntry] >>,
        snapshotIndex |-> 0,
        snapshotTerm |-> 0 ] @@
  s3 :>
      [ offset |-> 3,
        entries |->
            << [ value |-> [newconf |-> {s1, s2, s3}, learners |-> {}],
                 term |-> 1,
                 type |-> ConfigEntry ] >>,
        snapshotIndex |-> 2,
        snapshotTerm |-> 1 ] )
/\ partitions = (s1 :> 0 @@ s2 :> 0 @@ s3 :> 0)
/\ votesGranted = (s1 :> {s1, s2} @@ s2 :> {} @@ s3 :> {})
/\ pendingConfChangeIndex = (s1 :> 4 @@ s2 :> 0 @@ s3 :> 0)

@!@!@ENDMSG 2217 @!@!@
@!@!@STARTMSG 2217:4 @!@!@
39: <MCNextAsyncWithReady(s1) line 362, col 5 to line 362, col 35 of module MCetcdraft>
/\ progressState = ( s1 :> (s1 :> StateReplicate @@ s2 :> StateReplicate @@ s3 :> StateProbe) @@
  s2 :> (s1 :> StateProbe @@ s2 :> StateProbe @@ s3 :> StateProbe) @@
  s3 :> (s1 :> StateProbe @@ s2 :> StateProbe @@ s3 :> StateProbe) )
/\ msgSeqCounter = 18
/\ constraintCounters = [ timeout |-> 2,
  request |-> 2,
  restart |-> 1,
  drop |-> 2,
  duplicate |-> 0,
  heartbeat |-> 2,
  stepDown |-> 1,
  snapshot |-> 1,
  compact |-> 1,
  confChange |-> 1,
  reportUnreachable |-> 1,
  partition |-> 0 ]
/\ pendingMessages = <<>>
/\ appliedConfigIndex = (s1 :> 3 @@ s2 :> 3 @@ s3 :> 3)
/\ reconfigCount = 0
/\ votesResponded = (s1 :> {s1, s2, s3} @@ s2 :> {} @@ s3 :> {})
/\ msgAppFlowPaused = ( s1 :> (s1 :> FALSE @@ s2 :> FALSE @@ s3 :> FALSE) @@
  s2 :> (s1 :> FALSE @@ s2 :> FALSE @@ s3 :> FALSE) @@
  s3 :> (s1 :> FALSE @@ s2 :> FALSE @@ s3 :> FALSE) )
/\ state = (s1 :> Leader @@ s2 :> Follower @@ s3 :> Follower)
/\ pendingSnapshot = ( s1 :> (s1 :> 0 @@ s2 :> 0 @@ s3 :> 0) @@
  s2 :> (s1 :> 0 @@ s2 :> 0 @@ s3 :> 0) @@
  s3 :> (s1 :> 0 @@ s2 :> 0 @@ s3 :> 0) )
/\ config = ( s1 :>
      [ learners |-> {},
        jointConfig |-> <<{s1, s2, s3}, {}>>,
        autoLeave |-> FALSE ] @@
  s2 :>
      [ learners |-> {},
        jointConfig |-> <<{s1, s2, s3}, {}>>,
        autoLeave |-> FALSE ] @@
  s3 :>
      [ learners |-> {},
        jointConfig |-> <<{s1, s2, s3}, {}>>,
        autoLeave |-> FALSE ] )
/\ matchIndex = ( s1 :> (s1 :> 7 @@ s2 :> 6 @@ s3 :> 0) @@
  s2 :> (s1 :> 0 @@ s2 :> 0 @@ s3 :> 0) @@
  s3 :> (s1 :> 0 @@ s2 :> 0 @@ s3 :> 0) )
/\ applied = (s1 :> 3 @@ s2 :> 0 @@ s3 :> 3)
/\ votedFor = (s1 :> s1 @@ s2 :> s1 @@ s3 :> s3)
/\ durableState = ( s1 :>
      [ currentTerm |-> 2,
        votedFor |-> s1,
        log |-> 7,
        entries |->
            << [ value |-> [newconf |-> {s1}, learners |-> {}],
                 term |-> 1,
                 type |-> ConfigEntry ],
               [ value |-> [newconf |-> {s1, s2}, learners |-> {}],
                 term |-> 1,
                 type |-> ConfigEntry ],
               [ value |-> [newconf |-> {s1, s2, s3}, learners |-> {}],
                 term |-> 1,
                 type |-> ConfigEntry ],
               [ value |->
                     [ newconf |-> {s3},
                       learners |-> {},
                       enterJoint |-> TRUE,
                       oldconf |-> {s1, s2, s3} ],
                 term |-> 2,
                 type |-> ConfigEntry ],
               [value |-> [val |-> v1], term |-> 2, type |-> ValueEntry],
               [value |-> [val |-> v2], term |-> 2, type |-> ValueEntry],
               [value |-> [val |-> 0], term |-> 2, type |-> ValueEntry] >>,
        snapshotIndex |-> 0,
        snapshotTerm |-> 0,
        commitIndex |-> 3,
        config |->
            [ learners |-> {},
              jointConfig |-> <<{s1, s2, s3}, {}>>,
              autoLeave |-> FALSE ],
        snapshotHistory |-> <<>> ] @@
  s2 :>
      [ currentTerm |-> 2,
        votedFor |-> s1,
        log |-> 6,
        entries |->
            << [ value |-> [newconf |-> {s1}, learners |-> {}],
                 term |-> 1,
                 type |-> ConfigEntry ],
               [ value |-> [newconf |-> {s1, s2}, learners |-> {}],
                 term |-> 1,
                 type |-> ConfigEntry ],
               [ value |-> [newconf |-> {s1, s2, s3}, learners |-> {}],
                 term |-> 1,
                 type |-> ConfigEntry ],
               [ value |->
                     [ newconf |-> {s3},
                       learners |-> {},
                       enterJoint |-> TRUE,
                       oldconf |-> {s1, s2, s3} ],
                 term |-> 2,
                 type |-> ConfigEntry ],
               [value |-> [val |-> v1], term |-> 2, type |-> ValueEntry],
               [value |-> [val |-> v2], term |-> 2, type |-> ValueEntry] >>,
        snapshotIndex |-> 0,
        snapshotTerm |-> 0,
        commitIndex |-> 3,
        config |->
            [ learners |-> {},
              jointConfig |-> <<{s1, s2, s3}, {}>>,
              autoLeave |-> FALSE ],
        snapshotHistory |-> <<>> ] @@
  s3 :>
      [ currentTerm |-> 2,
        votedFor |-> s3,
        log |-> 3,
        entries |->
            << [ value |-> [newconf |-> {s1, s2, s3}, learners |-> {}],
                 term |-> 1,
                 type |-> ConfigEntry ] >>,
        snapshotIndex |-> 2,
        snapshotTerm |-> 1,
        commitIndex |-> 3,
        config |->
            [ learners |-> {},
              jointConfig |-> <<{s1, s2, s3}, {}>>,
              autoLeave |-> FALSE ],
        snapshotHistory |->
            << [ value |-> [newconf |-> {s1}, learners |-> {}],
                 term |-> 1,
                 type |-> ConfigEntry ],
               [ value |-> [newconf |-> {s1, s2}, learners |-> {}],
                 term |-> 1,
                 type |-> ConfigEntry ] >> ] )
/\ historyLog = ( s1 :>
      << [ value |-> [newconf |-> {s1}, learners |-> {}],
           term |-> 1,
           type |-> ConfigEntry ],
         [ value |-> [newconf |-> {s1, s2}, learners |-> {}],
           term |-> 1,
           type |-> ConfigEntry ],
         [ value |-> [newconf |-> {s1, s2, s3}, learners |-> {}],
           term |-> 1,
           type |-> ConfigEntry ],
         [ value |->
               [ newconf |-> {s3},
                 learners |-> {},
                 enterJoint |-> TRUE,
                 oldconf |-> {s1, s2, s3} ],
           term |-> 2,
           type |-> ConfigEntry ],
         [value |-> [val |-> v1], term |-> 2, type |-> ValueEntry],
         [value |-> [val |-> v2], term |-> 2, type |-> ValueEntry],
         [value |-> [val |-> 0], term |-> 2, type |-> ValueEntry] >> @@
  s2 :>
      << [ value |-> [newconf |-> {s1}, learners |-> {}],
           term |-> 1,
           type |-> ConfigEntry ],
         [ value |-> [newconf |-> {s1, s2}, learners |-> {}],
           term |-> 1,
           type |-> ConfigEntry ],
         [ value |-> [newconf |-> {s1, s2, s3}, learners |-> {}],
           term |-> 1,
           type |-> ConfigEntry ],
         [ value |->
               [ newconf |-> {s3},
                 learners |-> {},
                 enterJoint |-> TRUE,
                 oldconf |-> {s1, s2, s3} ],
           term |-> 2,
           type |-> ConfigEntry ],
         [value |-> [val |-> v1], term |-> 2, type |-> ValueEntry],
         [value |-> [val |-> v2], term |-> 2, type |-> ValueEntry] >> @@
  s3 :>
      << [ value |-> [newconf |-> {s1}, learners |-> {}],
           term |-> 1,
           type |-> ConfigEntry ],
         [ value |-> [newconf |-> {s1, s2}, learners |-> {}],
           term |-> 1,
           type |-> ConfigEntry ],
         [ value |-> [newconf |-> {s1, s2, s3}, learners |-> {}],
           term |-> 1,
           type |-> ConfigEntry ] >> )
/\ nextIndex = ( s1 :> (s1 :> 8 @@ s2 :> 7 @@ s3 :> 4) @@
  s2 :> (s1 :> 1 @@ s2 :> 1 @@ s3 :> 1) @@
  s3 :> (s1 :> 1 @@ s2 :> 1 @@ s3 :> 1) )
/\ commitIndex = (s1 :> 3 @@ s2 :> 3 @@ s3 :> 3)
/\ inflights = ( s1 :> (s1 :> {} @@ s2 :> {} @@ s3 :> {}) @@
  s2 :> (s1 :> {} @@ s2 :> {} @@ s3 :> {}) @@
  s3 :> (s1 :> {} @@ s2 :> {} @@ s3 :> {}) )
/\ messages = ( [ mdest |-> s1,
    msource |-> s3,
    mterm |-> 2,
    mtype |-> AppendEntriesResponse,
    mseq |-> 12,
    msubtype |-> "heartbeat",
    msuccess |-> TRUE,
    mmatchIndex |-> 0,
    mrejectHint |-> 0,
    mlogTerm |-> 0 ] :>
      1 )
/\ currentTerm = (s1 :> 2 @@ s2 :> 2 @@ s3 :> 2)
/\ log = ( s1 :>
      [ offset |-> 1,
        entries |->
            << [ value |-> [newconf |-> {s1}, learners |-> {}],
                 term |-> 1,
                 type |-> ConfigEntry ],
               [ value |-> [newconf |-> {s1, s2}, learners |-> {}],
                 term |-> 1,
                 type |-> ConfigEntry ],
               [ value |-> [newconf |-> {s1, s2, s3}, learners |-> {}],
                 term |-> 1,
                 type |-> ConfigEntry ],
               [ value |->
                     [ newconf |-> {s3},
                       learners |-> {},
                       enterJoint |-> TRUE,
                       oldconf |-> {s1, s2, s3} ],
                 term |-> 2,
                 type |-> ConfigEntry ],
               [value |-> [val |-> v1], term |-> 2, type |-> ValueEntry],
               [value |-> [val |-> v2], term |-> 2, type |-> ValueEntry],
               [value |-> [val |-> 0], term |-> 2, type |-> ValueEntry] >>,
        snapshotIndex |-> 0,
        snapshotTerm |-> 0 ] @@
  s2 :>
      [ offset |-> 1,
        entries |->
            << [ value |-> [newconf |-> {s1}, learners |-> {}],
                 term |-> 1,
                 type |-> ConfigEntry ],
               [ value |-> [newconf |-> {s1, s2}, learners |-> {}],
                 term |-> 1,
                 type |-> ConfigEntry ],
               [ value |-> [newconf |-> {s1, s2, s3}, learners |-> {}],
                 term |-> 1,
                 type |-> ConfigEntry ],
               [ value |->
                     [ newconf |-> {s3},
                       learners |-> {},
                       enterJoint |-> TRUE,
                       oldconf |-> {s1, s2, s3} ],
                 term |-> 2,
                 type |-> ConfigEntry ],
               [value |-> [val |-> v1], term |-> 2, type |-> ValueEntry],
               [value |-> [val |-> v2], term |-> 2, type |-> ValueEntry] >>,
        snapshotIndex |-> 0,
        snapshotTerm |-> 0 ] @@
  s3 :>
      [ offset |-> 3,
        entries |->
            << [ value |-> [newconf |-> {s1, s2, s3}, learners |-> {}],
                 term |-> 1,
                 type |-> ConfigEntry ] >>,
        snapshotIndex |-> 2,
        snapshotTerm |-> 1 ] )
/\ partitions = (s1 :> 0 @@ s2 :> 0 @@ s3 :> 0)
/\ votesGranted = (s1 :> {s1, s2} @@ s2 :> {} @@ s3 :> {})
/\ pendingConfChangeIndex = (s1 :> 4 @@ s2 :> 0 @@ s3 :> 0)

@!@!@ENDMSG 2217 @!@!@
@!@!@STARTMSG 2217:4 @!@!@
40: <MCNextAsyncWithReady(s1) line 362, col 5 to line 362, col 35 of module MCetcdraft>
/\ progressState = ( s1 :> (s1 :> StateReplicate @@ s2 :> StateReplicate @@ s3 :> StateProbe) @@
  s2 :> (s1 :> StateProbe @@ s2 :> StateProbe @@ s3 :> StateProbe) @@
  s3 :> (s1 :> StateProbe @@ s2 :> StateProbe @@ s3 :> StateProbe) )
/\ msgSeqCounter = 19
/\ constraintCounters = [ timeout |-> 2,
  request |-> 2,
  restart |-> 1,
  drop |-> 2,
  duplicate |-> 0,
  heartbeat |-> 3,
  stepDown |-> 1,
  snapshot |-> 1,
  compact |-> 1,
  confChange |-> 1,
  reportUnreachable |-> 1,
  partition |-> 0 ]
/\ pendingMessages = <<>>
/\ appliedConfigIndex = (s1 :> 3 @@ s2 :> 3 @@ s3 :> 3)
/\ reconfigCount = 0
/\ votesResponded = (s1 :> {s1, s2, s3} @@ s2 :> {} @@ s3 :> {})
/\ msgAppFlowPaused = ( s1 :> (s1 :> FALSE @@ s2 :> FALSE @@ s3 :> FALSE) @@
  s2 :> (s1 :> FALSE @@ s2 :> FALSE @@ s3 :> FALSE) @@
  s3 :> (s1 :> FALSE @@ s2 :> FALSE @@ s3 :> FALSE) )
/\ state = (s1 :> Leader @@ s2 :> Follower @@ s3 :> Follower)
/\ pendingSnapshot = ( s1 :> (s1 :> 0 @@ s2 :> 0 @@ s3 :> 0) @@
  s2 :> (s1 :> 0 @@ s2 :> 0 @@ s3 :> 0) @@
  s3 :> (s1 :> 0 @@ s2 :> 0 @@ s3 :> 0) )
/\ config = ( s1 :>
      [ learners |-> {},
        jointConfig |-> <<{s1, s2, s3}, {}>>,
        autoLeave |-> FALSE ] @@
  s2 :>
      [ learners |-> {},
        jointConfig |-> <<{s1, s2, s3}, {}>>,
        autoLeave |-> FALSE ] @@
  s3 :>
      [ learners |-> {},
        jointConfig |-> <<{s1, s2, s3}, {}>>,
        autoLeave |-> FALSE ] )
/\ matchIndex = ( s1 :> (s1 :> 7 @@ s2 :> 6 @@ s3 :> 0) @@
  s2 :> (s1 :> 0 @@ s2 :> 0 @@ s3 :> 0) @@
  s3 :> (s1 :> 0 @@ s2 :> 0 @@ s3 :> 0) )
/\ applied = (s1 :> 3 @@ s2 :> 0 @@ s3 :> 3)
/\ votedFor = (s1 :> s1 @@ s2 :> s1 @@ s3 :> s3)
/\ durableState = ( s1 :>
      [ currentTerm |-> 2,
        votedFor |-> s1,
        log |-> 7,
        entries |->
            << [ value |-> [newconf |-> {s1}, learners |-> {}],
                 term |-> 1,
                 type |-> ConfigEntry ],
               [ value |-> [newconf |-> {s1, s2}, learners |-> {}],
                 term |-> 1,
                 type |-> ConfigEntry ],
               [ value |-> [newconf |-> {s1, s2, s3}, learners |-> {}],
                 term |-> 1,
                 type |-> ConfigEntry ],
               [ value |->
                     [ newconf |-> {s3},
                       learners |-> {},
                       enterJoint |-> TRUE,
                       oldconf |-> {s1, s2, s3} ],
                 term |-> 2,
                 type |-> ConfigEntry ],
               [value |-> [val |-> v1], term |-> 2, type |-> ValueEntry],
               [value |-> [val |-> v2], term |-> 2, type |-> ValueEntry],
               [value |-> [val |-> 0], term |-> 2, type |-> ValueEntry] >>,
        snapshotIndex |-> 0,
        snapshotTerm |-> 0,
        commitIndex |-> 3,
        config |->
            [ learners |-> {},
              jointConfig |-> <<{s1, s2, s3}, {}>>,
              autoLeave |-> FALSE ],
        snapshotHistory |-> <<>> ] @@
  s2 :>
      [ currentTerm |-> 2,
        votedFor |-> s1,
        log |-> 6,
        entries |->
            << [ value |-> [newconf |-> {s1}, learners |-> {}],
                 term |-> 1,
                 type |-> ConfigEntry ],
               [ value |-> [newconf |-> {s1, s2}, learners |-> {}],
                 term |-> 1,
                 type |-> ConfigEntry ],
               [ value |-> [newconf |-> {s1, s2, s3}, learners |-> {}],
                 term |-> 1,
                 type |-> ConfigEntry ],
               [ value |->
                     [ newconf |-> {s3},
                       learners |-> {},
                       enterJoint |-> TRUE,
                       oldconf |-> {s1, s2, s3} ],
                 term |-> 2,
                 type |-> ConfigEntry ],
               [value |-> [val |-> v1], term |-> 2, type |-> ValueEntry],
               [value |-> [val |-> v2], term |-> 2, type |-> ValueEntry] >>,
        snapshotIndex |-> 0,
        snapshotTerm |-> 0,
        commitIndex |-> 3,
        config |->
            [ learners |-> {},
              jointConfig |-> <<{s1, s2, s3}, {}>>,
              autoLeave |-> FALSE ],
        snapshotHistory |-> <<>> ] @@
  s3 :>
      [ currentTerm |-> 2,
        votedFor |-> s3,
        log |-> 3,
        entries |->
            << [ value |-> [newconf |-> {s1, s2, s3}, learners |-> {}],
                 term |-> 1,
                 type |-> ConfigEntry ] >>,
        snapshotIndex |-> 2,
        snapshotTerm |-> 1,
        commitIndex |-> 3,
        config |->
            [ learners |-> {},
              jointConfig |-> <<{s1, s2, s3}, {}>>,
              autoLeave |-> FALSE ],
        snapshotHistory |->
            << [ value |-> [newconf |-> {s1}, learners |-> {}],
                 term |-> 1,
                 type |-> ConfigEntry ],
               [ value |-> [newconf |-> {s1, s2}, learners |-> {}],
                 term |-> 1,
                 type |-> ConfigEntry ] >> ] )
/\ historyLog = ( s1 :>
      << [ value |-> [newconf |-> {s1}, learners |-> {}],
           term |-> 1,
           type |-> ConfigEntry ],
         [ value |-> [newconf |-> {s1, s2}, learners |-> {}],
           term |-> 1,
           type |-> ConfigEntry ],
         [ value |-> [newconf |-> {s1, s2, s3}, learners |-> {}],
           term |-> 1,
           type |-> ConfigEntry ],
         [ value |->
               [ newconf |-> {s3},
                 learners |-> {},
                 enterJoint |-> TRUE,
                 oldconf |-> {s1, s2, s3} ],
           term |-> 2,
           type |-> ConfigEntry ],
         [value |-> [val |-> v1], term |-> 2, type |-> ValueEntry],
         [value |-> [val |-> v2], term |-> 2, type |-> ValueEntry],
         [value |-> [val |-> 0], term |-> 2, type |-> ValueEntry] >> @@
  s2 :>
      << [ value |-> [newconf |-> {s1}, learners |-> {}],
           term |-> 1,
           type |-> ConfigEntry ],
         [ value |-> [newconf |-> {s1, s2}, learners |-> {}],
           term |-> 1,
           type |-> ConfigEntry ],
         [ value |-> [newconf |-> {s1, s2, s3}, learners |-> {}],
           term |-> 1,
           type |-> ConfigEntry ],
         [ value |->
               [ newconf |-> {s3},
                 learners |-> {},
                 enterJoint |-> TRUE,
                 oldconf |-> {s1, s2, s3} ],
           term |-> 2,
           type |-> ConfigEntry ],
         [value |-> [val |-> v1], term |-> 2, type |-> ValueEntry],
         [value |-> [val |-> v2], term |-> 2, type |-> ValueEntry] >> @@
  s3 :>
      << [ value |-> [newconf |-> {s1}, learners |-> {}],
           term |-> 1,
           type |-> ConfigEntry ],
         [ value |-> [newconf |-> {s1, s2}, learners |-> {}],
           term |-> 1,
           type |-> ConfigEntry ],
         [ value |-> [newconf |-> {s1, s2, s3}, learners |-> {}],
           term |-> 1,
           type |-> ConfigEntry ] >> )
/\ nextIndex = ( s1 :> (s1 :> 8 @@ s2 :> 7 @@ s3 :> 4) @@
  s2 :> (s1 :> 1 @@ s2 :> 1 @@ s3 :> 1) @@
  s3 :> (s1 :> 1 @@ s2 :> 1 @@ s3 :> 1) )
/\ commitIndex = (s1 :> 3 @@ s2 :> 3 @@ s3 :> 3)
/\ inflights = ( s1 :> (s1 :> {} @@ s2 :> {} @@ s3 :> {}) @@
  s2 :> (s1 :> {} @@ s2 :> {} @@ s3 :> {}) @@
  s3 :> (s1 :> {} @@ s2 :> {} @@ s3 :> {}) )
/\ messages = ( [ mdest |-> s2,
    msource |-> s1,
    mterm |-> 2,
    mtype |-> AppendEntriesRequest,
    mseq |-> 18,
    msubtype |-> "heartbeat",
    mprevLogIndex |-> 0,
    mprevLogTerm |-> 0,
    mentries |-> <<>>,
    mcommitIndex |-> 3 ] :>
      1 @@
  [ mdest |-> s1,
    msource |-> s3,
    mterm |-> 2,
    mtype |-> AppendEntriesResponse,
    mseq |-> 12,
    msubtype |-> "heartbeat",
    msuccess |-> TRUE,
    mmatchIndex |-> 0,
    mrejectHint |-> 0,
    mlogTerm |-> 0 ] :>
      1 )
/\ currentTerm = (s1 :> 2 @@ s2 :> 2 @@ s3 :> 2)
/\ log = ( s1 :>
      [ offset |-> 1,
        entries |->
            << [ value |-> [newconf |-> {s1}, learners |-> {}],
                 term |-> 1,
                 type |-> ConfigEntry ],
               [ value |-> [newconf |-> {s1, s2}, learners |-> {}],
                 term |-> 1,
                 type |-> ConfigEntry ],
               [ value |-> [newconf |-> {s1, s2, s3}, learners |-> {}],
                 term |-> 1,
                 type |-> ConfigEntry ],
               [ value |->
                     [ newconf |-> {s3},
                       learners |-> {},
                       enterJoint |-> TRUE,
                       oldconf |-> {s1, s2, s3} ],
                 term |-> 2,
                 type |-> ConfigEntry ],
               [value |-> [val |-> v1], term |-> 2, type |-> ValueEntry],
               [value |-> [val |-> v2], term |-> 2, type |-> ValueEntry],
               [value |-> [val |-> 0], term |-> 2, type |-> ValueEntry] >>,
        snapshotIndex |-> 0,
        snapshotTerm |-> 0 ] @@
  s2 :>
      [ offset |-> 1,
        entries |->
            << [ value |-> [newconf |-> {s1}, learners |-> {}],
                 term |-> 1,
                 type |-> ConfigEntry ],
               [ value |-> [newconf |-> {s1, s2}, learners |-> {}],
                 term |-> 1,
                 type |-> ConfigEntry ],
               [ value |-> [newconf |-> {s1, s2, s3}, learners |-> {}],
                 term |-> 1,
                 type |-> ConfigEntry ],
               [ value |->
                     [ newconf |-> {s3},
                       learners |-> {},
                       enterJoint |-> TRUE,
                       oldconf |-> {s1, s2, s3} ],
                 term |-> 2,
                 type |-> ConfigEntry ],
               [value |-> [val |-> v1], term |-> 2, type |-> ValueEntry],
               [value |-> [val |-> v2], term |-> 2, type |-> ValueEntry] >>,
        snapshotIndex |-> 0,
        snapshotTerm |-> 0 ] @@
  s3 :>
      [ offset |-> 3,
        entries |->
            << [ value |-> [newconf |-> {s1, s2, s3}, learners |-> {}],
                 term |-> 1,
                 type |-> ConfigEntry ] >>,
        snapshotIndex |-> 2,
        snapshotTerm |-> 1 ] )
/\ partitions = (s1 :> 0 @@ s2 :> 0 @@ s3 :> 0)
/\ votesGranted = (s1 :> {s1, s2} @@ s2 :> {} @@ s3 :> {})
/\ pendingConfChangeIndex = (s1 :> 4 @@ s2 :> 0 @@ s3 :> 0)

@!@!@ENDMSG 2217 @!@!@
@!@!@STARTMSG 2217:4 @!@!@
41: <MCNextAsyncWithReady(s2) line 362, col 5 to line 362, col 35 of module MCetcdraft>
/\ progressState = ( s1 :> (s1 :> StateReplicate @@ s2 :> StateReplicate @@ s3 :> StateProbe) @@
  s2 :> (s1 :> StateProbe @@ s2 :> StateProbe @@ s3 :> StateProbe) @@
  s3 :> (s1 :> StateProbe @@ s2 :> StateProbe @@ s3 :> StateProbe) )
/\ msgSeqCounter = 20
/\ constraintCounters = [ timeout |-> 2,
  request |-> 2,
  restart |-> 1,
  drop |-> 2,
  duplicate |-> 0,
  heartbeat |-> 3,
  stepDown |-> 1,
  snapshot |-> 1,
  compact |-> 1,
  confChange |-> 1,
  reportUnreachable |-> 1,
  partition |-> 0 ]
/\ pendingMessages = <<>>
/\ appliedConfigIndex = (s1 :> 3 @@ s2 :> 3 @@ s3 :> 3)
/\ reconfigCount = 0
/\ votesResponded = (s1 :> {s1, s2, s3} @@ s2 :> {} @@ s3 :> {})
/\ msgAppFlowPaused = ( s1 :> (s1 :> FALSE @@ s2 :> FALSE @@ s3 :> FALSE) @@
  s2 :> (s1 :> FALSE @@ s2 :> FALSE @@ s3 :> FALSE) @@
  s3 :> (s1 :> FALSE @@ s2 :> FALSE @@ s3 :> FALSE) )
/\ state = (s1 :> Leader @@ s2 :> Follower @@ s3 :> Follower)
/\ pendingSnapshot = ( s1 :> (s1 :> 0 @@ s2 :> 0 @@ s3 :> 0) @@
  s2 :> (s1 :> 0 @@ s2 :> 0 @@ s3 :> 0) @@
  s3 :> (s1 :> 0 @@ s2 :> 0 @@ s3 :> 0) )
/\ config = ( s1 :>
      [ learners |-> {},
        jointConfig |-> <<{s1, s2, s3}, {}>>,
        autoLeave |-> FALSE ] @@
  s2 :>
      [ learners |-> {},
        jointConfig |-> <<{s1, s2, s3}, {}>>,
        autoLeave |-> FALSE ] @@
  s3 :>
      [ learners |-> {},
        jointConfig |-> <<{s1, s2, s3}, {}>>,
        autoLeave |-> FALSE ] )
/\ matchIndex = ( s1 :> (s1 :> 7 @@ s2 :> 6 @@ s3 :> 0) @@
  s2 :> (s1 :> 0 @@ s2 :> 0 @@ s3 :> 0) @@
  s3 :> (s1 :> 0 @@ s2 :> 0 @@ s3 :> 0) )
/\ applied = (s1 :> 3 @@ s2 :> 0 @@ s3 :> 3)
/\ votedFor = (s1 :> s1 @@ s2 :> s1 @@ s3 :> s3)
/\ durableState = ( s1 :>
      [ currentTerm |-> 2,
        votedFor |-> s1,
        log |-> 7,
        entries |->
            << [ value |-> [newconf |-> {s1}, learners |-> {}],
                 term |-> 1,
                 type |-> ConfigEntry ],
               [ value |-> [newconf |-> {s1, s2}, learners |-> {}],
                 term |-> 1,
                 type |-> ConfigEntry ],
               [ value |-> [newconf |-> {s1, s2, s3}, learners |-> {}],
                 term |-> 1,
                 type |-> ConfigEntry ],
               [ value |->
                     [ newconf |-> {s3},
                       learners |-> {},
                       enterJoint |-> TRUE,
                       oldconf |-> {s1, s2, s3} ],
                 term |-> 2,
                 type |-> ConfigEntry ],
               [value |-> [val |-> v1], term |-> 2, type |-> ValueEntry],
               [value |-> [val |-> v2], term |-> 2, type |-> ValueEntry],
               [value |-> [val |-> 0], term |-> 2, type |-> ValueEntry] >>,
        snapshotIndex |-> 0,
        snapshotTerm |-> 0,
        commitIndex |-> 3,
        config |->
            [ learners |-> {},
              jointConfig |-> <<{s1, s2, s3}, {}>>,
              autoLeave |-> FALSE ],
        snapshotHistory |-> <<>> ] @@
  s2 :>
      [ currentTerm |-> 2,
        votedFor |-> s1,
        log |-> 6,
        entries |->
            << [ value |-> [newconf |-> {s1}, learners |-> {}],
                 term |-> 1,
                 type |-> ConfigEntry ],
               [ value |-> [newconf |-> {s1, s2}, learners |-> {}],
                 term |-> 1,
                 type |-> ConfigEntry ],
               [ value |-> [newconf |-> {s1, s2, s3}, learners |-> {}],
                 term |-> 1,
                 type |-> ConfigEntry ],
               [ value |->
                     [ newconf |-> {s3},
                       learners |-> {},
                       enterJoint |-> TRUE,
                       oldconf |-> {s1, s2, s3} ],
                 term |-> 2,
                 type |-> ConfigEntry ],
               [value |-> [val |-> v1], term |-> 2, type |-> ValueEntry],
               [value |-> [val |-> v2], term |-> 2, type |-> ValueEntry] >>,
        snapshotIndex |-> 0,
        snapshotTerm |-> 0,
        commitIndex |-> 3,
        config |->
            [ learners |-> {},
              jointConfig |-> <<{s1, s2, s3}, {}>>,
              autoLeave |-> FALSE ],
        snapshotHistory |-> <<>> ] @@
  s3 :>
      [ currentTerm |-> 2,
        votedFor |-> s3,
        log |-> 3,
        entries |->
            << [ value |-> [newconf |-> {s1, s2, s3}, learners |-> {}],
                 term |-> 1,
                 type |-> ConfigEntry ] >>,
        snapshotIndex |-> 2,
        snapshotTerm |-> 1,
        commitIndex |-> 3,
        config |->
            [ learners |-> {},
              jointConfig |-> <<{s1, s2, s3}, {}>>,
              autoLeave |-> FALSE ],
        snapshotHistory |->
            << [ value |-> [newconf |-> {s1}, learners |-> {}],
                 term |-> 1,
                 type |-> ConfigEntry ],
               [ value |-> [newconf |-> {s1, s2}, learners |-> {}],
                 term |-> 1,
                 type |-> ConfigEntry ] >> ] )
/\ historyLog = ( s1 :>
      << [ value |-> [newconf |-> {s1}, learners |-> {}],
           term |-> 1,
           type |-> ConfigEntry ],
         [ value |-> [newconf |-> {s1, s2}, learners |-> {}],
           term |-> 1,
           type |-> ConfigEntry ],
         [ value |-> [newconf |-> {s1, s2, s3}, learners |-> {}],
           term |-> 1,
           type |-> ConfigEntry ],
         [ value |->
               [ newconf |-> {s3},
                 learners |-> {},
                 enterJoint |-> TRUE,
                 oldconf |-> {s1, s2, s3} ],
           term |-> 2,
           type |-> ConfigEntry ],
         [value |-> [val |-> v1], term |-> 2, type |-> ValueEntry],
         [value |-> [val |-> v2], term |-> 2, type |-> ValueEntry],
         [value |-> [val |-> 0], term |-> 2, type |-> ValueEntry] >> @@
  s2 :>
      << [ value |-> [newconf |-> {s1}, learners |-> {}],
           term |-> 1,
           type |-> ConfigEntry ],
         [ value |-> [newconf |-> {s1, s2}, learners |-> {}],
           term |-> 1,
           type |-> ConfigEntry ],
         [ value |-> [newconf |-> {s1, s2, s3}, learners |-> {}],
           term |-> 1,
           type |-> ConfigEntry ],
         [ value |->
               [ newconf |-> {s3},
                 learners |-> {},
                 enterJoint |-> TRUE,
                 oldconf |-> {s1, s2, s3} ],
           term |-> 2,
           type |-> ConfigEntry ],
         [value |-> [val |-> v1], term |-> 2, type |-> ValueEntry],
         [value |-> [val |-> v2], term |-> 2, type |-> ValueEntry] >> @@
  s3 :>
      << [ value |-> [newconf |-> {s1}, learners |-> {}],
           term |-> 1,
           type |-> ConfigEntry ],
         [ value |-> [newconf |-> {s1, s2}, learners |-> {}],
           term |-> 1,
           type |-> ConfigEntry ],
         [ value |-> [newconf |-> {s1, s2, s3}, learners |-> {}],
           term |-> 1,
           type |-> ConfigEntry ] >> )
/\ nextIndex = ( s1 :> (s1 :> 8 @@ s2 :> 7 @@ s3 :> 4) @@
  s2 :> (s1 :> 1 @@ s2 :> 1 @@ s3 :> 1) @@
  s3 :> (s1 :> 1 @@ s2 :> 1 @@ s3 :> 1) )
/\ commitIndex = (s1 :> 3 @@ s2 :> 3 @@ s3 :> 3)
/\ inflights = ( s1 :> (s1 :> {} @@ s2 :> {} @@ s3 :> {}) @@
  s2 :> (s1 :> {} @@ s2 :> {} @@ s3 :> {}) @@
  s3 :> (s1 :> {} @@ s2 :> {} @@ s3 :> {}) )
/\ messages = ( [ mdest |-> s1,
    msource |-> s2,
    mterm |-> 2,
    mtype |-> AppendEntriesResponse,
    mseq |-> 19,
    msubtype |-> "heartbeat",
    msuccess |-> TRUE,
    mmatchIndex |-> 0,
    mrejectHint |-> 0,
    mlogTerm |-> 0 ] :>
      1 @@
  [ mdest |-> s1,
    msource |-> s3,
    mterm |-> 2,
    mtype |-> AppendEntriesResponse,
    mseq |-> 12,
    msubtype |-> "heartbeat",
    msuccess |-> TRUE,
    mmatchIndex |-> 0,
    mrejectHint |-> 0,
    mlogTerm |-> 0 ] :>
      1 )
/\ currentTerm = (s1 :> 2 @@ s2 :> 2 @@ s3 :> 2)
/\ log = ( s1 :>
      [ offset |-> 1,
        entries |->
            << [ value |-> [newconf |-> {s1}, learners |-> {}],
                 term |-> 1,
                 type |-> ConfigEntry ],
               [ value |-> [newconf |-> {s1, s2}, learners |-> {}],
                 term |-> 1,
                 type |-> ConfigEntry ],
               [ value |-> [newconf |-> {s1, s2, s3}, learners |-> {}],
                 term |-> 1,
                 type |-> ConfigEntry ],
               [ value |->
                     [ newconf |-> {s3},
                       learners |-> {},
                       enterJoint |-> TRUE,
                       oldconf |-> {s1, s2, s3} ],
                 term |-> 2,
                 type |-> ConfigEntry ],
               [value |-> [val |-> v1], term |-> 2, type |-> ValueEntry],
               [value |-> [val |-> v2], term |-> 2, type |-> ValueEntry],
               [value |-> [val |-> 0], term |-> 2, type |-> ValueEntry] >>,
        snapshotIndex |-> 0,
        snapshotTerm |-> 0 ] @@
  s2 :>
      [ offset |-> 1,
        entries |->
            << [ value |-> [newconf |-> {s1}, learners |-> {}],
                 term |-> 1,
                 type |-> ConfigEntry ],
               [ value |-> [newconf |-> {s1, s2}, learners |-> {}],
                 term |-> 1,
                 type |-> ConfigEntry ],
               [ value |-> [newconf |-> {s1, s2, s3}, learners |-> {}],
                 term |-> 1,
                 type |-> ConfigEntry ],
               [ value |->
                     [ newconf |-> {s3},
                       learners |-> {},
                       enterJoint |-> TRUE,
                       oldconf |-> {s1, s2, s3} ],
                 term |-> 2,
                 type |-> ConfigEntry ],
               [value |-> [val |-> v1], term |-> 2, type |-> ValueEntry],
               [value |-> [val |-> v2], term |-> 2, type |-> ValueEntry] >>,
        snapshotIndex |-> 0,
        snapshotTerm |-> 0 ] @@
  s3 :>
      [ offset |-> 3,
        entries |->
            << [ value |-> [newconf |-> {s1, s2, s3}, learners |-> {}],
                 term |-> 1,
                 type |-> ConfigEntry ] >>,
        snapshotIndex |-> 2,
        snapshotTerm |-> 1 ] )
/\ partitions = (s1 :> 0 @@ s2 :> 0 @@ s3 :> 0)
/\ votesGranted = (s1 :> {s1, s2} @@ s2 :> {} @@ s3 :> {})
/\ pendingConfChangeIndex = (s1 :> 4 @@ s2 :> 0 @@ s3 :> 0)

@!@!@ENDMSG 2217 @!@!@
@!@!@STARTMSG 2217:4 @!@!@
42: <MCNextAsyncWithReady(s1) line 362, col 5 to line 362, col 35 of module MCetcdraft>
/\ progressState = ( s1 :> (s1 :> StateReplicate @@ s2 :> StateReplicate @@ s3 :> StateProbe) @@
  s2 :> (s1 :> StateProbe @@ s2 :> StateProbe @@ s3 :> StateProbe) @@
  s3 :> (s1 :> StateProbe @@ s2 :> StateProbe @@ s3 :> StateProbe) )
/\ msgSeqCounter = 21
/\ constraintCounters = [ timeout |-> 2,
  request |-> 2,
  restart |-> 1,
  drop |-> 2,
  duplicate |-> 0,
  heartbeat |-> 3,
  stepDown |-> 1,
  snapshot |-> 1,
  compact |-> 1,
  confChange |-> 1,
  reportUnreachable |-> 1,
  partition |-> 0 ]
/\ pendingMessages = <<>>
/\ appliedConfigIndex = (s1 :> 3 @@ s2 :> 3 @@ s3 :> 3)
/\ reconfigCount = 0
/\ votesResponded = (s1 :> {s1, s2, s3} @@ s2 :> {} @@ s3 :> {})
/\ msgAppFlowPaused = ( s1 :> (s1 :> FALSE @@ s2 :> FALSE @@ s3 :> FALSE) @@
  s2 :> (s1 :> FALSE @@ s2 :> FALSE @@ s3 :> FALSE) @@
  s3 :> (s1 :> FALSE @@ s2 :> FALSE @@ s3 :> FALSE) )
/\ state = (s1 :> Leader @@ s2 :> Follower @@ s3 :> Follower)
/\ pendingSnapshot = ( s1 :> (s1 :> 0 @@ s2 :> 0 @@ s3 :> 0) @@
  s2 :> (s1 :> 0 @@ s2 :> 0 @@ s3 :> 0) @@
  s3 :> (s1 :> 0 @@ s2 :> 0 @@ s3 :> 0) )
/\ config = ( s1 :>
      [ learners |-> {},
        jointConfig |-> <<{s1, s2, s3}, {}>>,
        autoLeave |-> FALSE ] @@
  s2 :>
      [ learners |-> {},
        jointConfig |-> <<{s1, s2, s3}, {}>>,
        autoLeave |-> FALSE ] @@
  s3 :>
      [ learners |-> {},
        jointConfig |-> <<{s1, s2, s3}, {}>>,
        autoLeave |-> FALSE ] )
/\ matchIndex = ( s1 :> (s1 :> 7 @@ s2 :> 6 @@ s3 :> 0) @@
  s2 :> (s1 :> 0 @@ s2 :> 0 @@ s3 :> 0) @@
  s3 :> (s1 :> 0 @@ s2 :> 0 @@ s3 :> 0) )
/\ applied = (s1 :> 3 @@ s2 :> 0 @@ s3 :> 3)
/\ votedFor = (s1 :> s1 @@ s2 :> s1 @@ s3 :> s3)
/\ durableState = ( s1 :>
      [ currentTerm |-> 2,
        votedFor |-> s1,
        log |-> 8,
        entries |->
            << [ value |-> [newconf |-> {s1}, learners |-> {}],
                 term |-> 1,
                 type |-> ConfigEntry ],
               [ value |-> [newconf |-> {s1, s2}, learners |-> {}],
                 term |-> 1,
                 type |-> ConfigEntry ],
               [ value |-> [newconf |-> {s1, s2, s3}, learners |-> {}],
                 term |-> 1,
                 type |-> ConfigEntry ],
               [ value |->
                     [ newconf |-> {s3},
                       learners |-> {},
                       enterJoint |-> TRUE,
                       oldconf |-> {s1, s2, s3} ],
                 term |-> 2,
                 type |-> ConfigEntry ],
               [value |-> [val |-> v1], term |-> 2, type |-> ValueEntry],
               [value |-> [val |-> v2], term |-> 2, type |-> ValueEntry],
               [value |-> [val |-> 0], term |-> 2, type |-> ValueEntry],
               [value |-> [val |-> 0], term |-> 2, type |-> ValueEntry] >>,
        snapshotIndex |-> 0,
        snapshotTerm |-> 0,
        commitIndex |-> 3,
        config |->
            [ learners |-> {},
              jointConfig |-> <<{s1, s2, s3}, {}>>,
              autoLeave |-> FALSE ],
        snapshotHistory |-> <<>> ] @@
  s2 :>
      [ currentTerm |-> 2,
        votedFor |-> s1,
        log |-> 6,
        entries |->
            << [ value |-> [newconf |-> {s1}, learners |-> {}],
                 term |-> 1,
                 type |-> ConfigEntry ],
               [ value |-> [newconf |-> {s1, s2}, learners |-> {}],
                 term |-> 1,
                 type |-> ConfigEntry ],
               [ value |-> [newconf |-> {s1, s2, s3}, learners |-> {}],
                 term |-> 1,
                 type |-> ConfigEntry ],
               [ value |->
                     [ newconf |-> {s3},
                       learners |-> {},
                       enterJoint |-> TRUE,
                       oldconf |-> {s1, s2, s3} ],
                 term |-> 2,
                 type |-> ConfigEntry ],
               [value |-> [val |-> v1], term |-> 2, type |-> ValueEntry],
               [value |-> [val |-> v2], term |-> 2, type |-> ValueEntry] >>,
        snapshotIndex |-> 0,
        snapshotTerm |-> 0,
        commitIndex |-> 3,
        config |->
            [ learners |-> {},
              jointConfig |-> <<{s1, s2, s3}, {}>>,
              autoLeave |-> FALSE ],
        snapshotHistory |-> <<>> ] @@
  s3 :>
      [ currentTerm |-> 2,
        votedFor |-> s3,
        log |-> 3,
        entries |->
            << [ value |-> [newconf |-> {s1, s2, s3}, learners |-> {}],
                 term |-> 1,
                 type |-> ConfigEntry ] >>,
        snapshotIndex |-> 2,
        snapshotTerm |-> 1,
        commitIndex |-> 3,
        config |->
            [ learners |-> {},
              jointConfig |-> <<{s1, s2, s3}, {}>>,
              autoLeave |-> FALSE ],
        snapshotHistory |->
            << [ value |-> [newconf |-> {s1}, learners |-> {}],
                 term |-> 1,
                 type |-> ConfigEntry ],
               [ value |-> [newconf |-> {s1, s2}, learners |-> {}],
                 term |-> 1,
                 type |-> ConfigEntry ] >> ] )
/\ historyLog = ( s1 :>
      << [ value |-> [newconf |-> {s1}, learners |-> {}],
           term |-> 1,
           type |-> ConfigEntry ],
         [ value |-> [newconf |-> {s1, s2}, learners |-> {}],
           term |-> 1,
           type |-> ConfigEntry ],
         [ value |-> [newconf |-> {s1, s2, s3}, learners |-> {}],
           term |-> 1,
           type |-> ConfigEntry ],
         [ value |->
               [ newconf |-> {s3},
                 learners |-> {},
                 enterJoint |-> TRUE,
                 oldconf |-> {s1, s2, s3} ],
           term |-> 2,
           type |-> ConfigEntry ],
         [value |-> [val |-> v1], term |-> 2, type |-> ValueEntry],
         [value |-> [val |-> v2], term |-> 2, type |-> ValueEntry],
         [value |-> [val |-> 0], term |-> 2, type |-> ValueEntry],
         [value |-> [val |-> 0], term |-> 2, type |-> ValueEntry] >> @@
  s2 :>
      << [ value |-> [newconf |-> {s1}, learners |-> {}],
           term |-> 1,
           type |-> ConfigEntry ],
         [ value |-> [newconf |-> {s1, s2}, learners |-> {}],
           term |-> 1,
           type |-> ConfigEntry ],
         [ value |-> [newconf |-> {s1, s2, s3}, learners |-> {}],
           term |-> 1,
           type |-> ConfigEntry ],
         [ value |->
               [ newconf |-> {s3},
                 learners |-> {},
                 enterJoint |-> TRUE,
                 oldconf |-> {s1, s2, s3} ],
           term |-> 2,
           type |-> ConfigEntry ],
         [value |-> [val |-> v1], term |-> 2, type |-> ValueEntry],
         [value |-> [val |-> v2], term |-> 2, type |-> ValueEntry] >> @@
  s3 :>
      << [ value |-> [newconf |-> {s1}, learners |-> {}],
           term |-> 1,
           type |-> ConfigEntry ],
         [ value |-> [newconf |-> {s1, s2}, learners |-> {}],
           term |-> 1,
           type |-> ConfigEntry ],
         [ value |-> [newconf |-> {s1, s2, s3}, learners |-> {}],
           term |-> 1,
           type |-> ConfigEntry ] >> )
/\ nextIndex = ( s1 :> (s1 :> 8 @@ s2 :> 7 @@ s3 :> 4) @@
  s2 :> (s1 :> 1 @@ s2 :> 1 @@ s3 :> 1) @@
  s3 :> (s1 :> 1 @@ s2 :> 1 @@ s3 :> 1) )
/\ commitIndex = (s1 :> 3 @@ s2 :> 3 @@ s3 :> 3)
/\ inflights = ( s1 :> (s1 :> {} @@ s2 :> {} @@ s3 :> {}) @@
  s2 :> (s1 :> {} @@ s2 :> {} @@ s3 :> {}) @@
  s3 :> (s1 :> {} @@ s2 :> {} @@ s3 :> {}) )
/\ messages = ( [ mdest |-> s1,
    msource |-> s1,
    mterm |-> 2,
    mtype |-> AppendEntriesResponse,
    mseq |-> 20,
    msubtype |-> "app",
    msuccess |-> TRUE,
    mmatchIndex |-> 8,
    mrejectHint |-> 0,
    mlogTerm |-> 0 ] :>
      1 @@
  [ mdest |-> s1,
    msource |-> s2,
    mterm |-> 2,
    mtype |-> AppendEntriesResponse,
    mseq |-> 19,
    msubtype |-> "heartbeat",
    msuccess |-> TRUE,
    mmatchIndex |-> 0,
    mrejectHint |-> 0,
    mlogTerm |-> 0 ] :>
      1 @@
  [ mdest |-> s1,
    msource |-> s3,
    mterm |-> 2,
    mtype |-> AppendEntriesResponse,
    mseq |-> 12,
    msubtype |-> "heartbeat",
    msuccess |-> TRUE,
    mmatchIndex |-> 0,
    mrejectHint |-> 0,
    mlogTerm |-> 0 ] :>
      1 )
/\ currentTerm = (s1 :> 2 @@ s2 :> 2 @@ s3 :> 2)
/\ log = ( s1 :>
      [ offset |-> 1,
        entries |->
            << [ value |-> [newconf |-> {s1}, learners |-> {}],
                 term |-> 1,
                 type |-> ConfigEntry ],
               [ value |-> [newconf |-> {s1, s2}, learners |-> {}],
                 term |-> 1,
                 type |-> ConfigEntry ],
               [ value |-> [newconf |-> {s1, s2, s3}, learners |-> {}],
                 term |-> 1,
                 type |-> ConfigEntry ],
               [ value |->
                     [ newconf |-> {s3},
                       learners |-> {},
                       enterJoint |-> TRUE,
                       oldconf |-> {s1, s2, s3} ],
                 term |-> 2,
                 type |-> ConfigEntry ],
               [value |-> [val |-> v1], term |-> 2, type |-> ValueEntry],
               [value |-> [val |-> v2], term |-> 2, type |-> ValueEntry],
               [value |-> [val |-> 0], term |-> 2, type |-> ValueEntry],
               [value |-> [val |-> 0], term |-> 2, type |-> ValueEntry] >>,
        snapshotIndex |-> 0,
        snapshotTerm |-> 0 ] @@
  s2 :>
      [ offset |-> 1,
        entries |->
            << [ value |-> [newconf |-> {s1}, learners |-> {}],
                 term |-> 1,
                 type |-> ConfigEntry ],
               [ value |-> [newconf |-> {s1, s2}, learners |-> {}],
                 term |-> 1,
                 type |-> ConfigEntry ],
               [ value |-> [newconf |-> {s1, s2, s3}, learners |-> {}],
                 term |-> 1,
                 type |-> ConfigEntry ],
               [ value |->
                     [ newconf |-> {s3},
                       learners |-> {},
                       enterJoint |-> TRUE,
                       oldconf |-> {s1, s2, s3} ],
                 term |-> 2,
                 type |-> ConfigEntry ],
               [value |-> [val |-> v1], term |-> 2, type |-> ValueEntry],
               [value |-> [val |-> v2], term |-> 2, type |-> ValueEntry] >>,
        snapshotIndex |-> 0,
        snapshotTerm |-> 0 ] @@
  s3 :>
      [ offset |-> 3,
        entries |->
            << [ value |-> [newconf |-> {s1, s2, s3}, learners |-> {}],
                 term |-> 1,
                 type |-> ConfigEntry ] >>,
        snapshotIndex |-> 2,
        snapshotTerm |-> 1 ] )
/\ partitions = (s1 :> 0 @@ s2 :> 0 @@ s3 :> 0)
/\ votesGranted = (s1 :> {s1, s2} @@ s2 :> {} @@ s3 :> {})
/\ pendingConfChangeIndex = (s1 :> 4 @@ s2 :> 0 @@ s3 :> 0)

@!@!@ENDMSG 2217 @!@!@
@!@!@STARTMSG 2217:4 @!@!@
43: <MCNextAsyncWithReady(s1) line 362, col 5 to line 362, col 35 of module MCetcdraft>
/\ progressState = ( s1 :> (s1 :> StateReplicate @@ s2 :> StateReplicate @@ s3 :> StateProbe) @@
  s2 :> (s1 :> StateProbe @@ s2 :> StateProbe @@ s3 :> StateProbe) @@
  s3 :> (s1 :> StateProbe @@ s2 :> StateProbe @@ s3 :> StateProbe) )
/\ msgSeqCounter = 21
/\ constraintCounters = [ timeout |-> 2,
  request |-> 2,
  restart |-> 1,
  drop |-> 2,
  duplicate |-> 0,
  heartbeat |-> 3,
  stepDown |-> 1,
  snapshot |-> 1,
  compact |-> 1,
  confChange |-> 1,
  reportUnreachable |-> 1,
  partition |-> 0 ]
/\ pendingMessages = <<>>
/\ appliedConfigIndex = (s1 :> 3 @@ s2 :> 3 @@ s3 :> 3)
/\ reconfigCount = 0
/\ votesResponded = (s1 :> {s1, s2, s3} @@ s2 :> {} @@ s3 :> {})
/\ msgAppFlowPaused = ( s1 :> (s1 :> FALSE @@ s2 :> FALSE @@ s3 :> FALSE) @@
  s2 :> (s1 :> FALSE @@ s2 :> FALSE @@ s3 :> FALSE) @@
  s3 :> (s1 :> FALSE @@ s2 :> FALSE @@ s3 :> FALSE) )
/\ state = (s1 :> Leader @@ s2 :> Follower @@ s3 :> Follower)
/\ pendingSnapshot = ( s1 :> (s1 :> 0 @@ s2 :> 0 @@ s3 :> 0) @@
  s2 :> (s1 :> 0 @@ s2 :> 0 @@ s3 :> 0) @@
  s3 :> (s1 :> 0 @@ s2 :> 0 @@ s3 :> 0) )
/\ config = ( s1 :>
      [ learners |-> {},
        jointConfig |-> <<{s1, s2, s3}, {}>>,
        autoLeave |-> FALSE ] @@
  s2 :>
      [ learners |-> {},
        jointConfig |-> <<{s1, s2, s3}, {}>>,
        autoLeave |-> FALSE ] @@
  s3 :>
      [ learners |-> {},
        jointConfig |-> <<{s1, s2, s3}, {}>>,
        autoLeave |-> FALSE ] )
/\ matchIndex = ( s1 :> (s1 :> 7 @@ s2 :> 6 @@ s3 :> 0) @@
  s2 :> (s1 :> 0 @@ s2 :> 0 @@ s3 :> 0) @@
  s3 :> (s1 :> 0 @@ s2 :> 0 @@ s3 :> 0) )
/\ applied = (s1 :> 3 @@ s2 :> 0 @@ s3 :> 3)
/\ votedFor = (s1 :> s1 @@ s2 :> s1 @@ s3 :> s3)
/\ durableState = ( s1 :>
      [ currentTerm |-> 2,
        votedFor |-> s1,
        log |-> 8,
        entries |->
            << [ value |-> [newconf |-> {s1}, learners |-> {}],
                 term |-> 1,
                 type |-> ConfigEntry ],
               [ value |-> [newconf |-> {s1, s2}, learners |-> {}],
                 term |-> 1,
                 type |-> ConfigEntry ],
               [ value |-> [newconf |-> {s1, s2, s3}, learners |-> {}],
                 term |-> 1,
                 type |-> ConfigEntry ],
               [ value |->
                     [ newconf |-> {s3},
                       learners |-> {},
                       enterJoint |-> TRUE,
                       oldconf |-> {s1, s2, s3} ],
                 term |-> 2,
                 type |-> ConfigEntry ],
               [value |-> [val |-> v1], term |-> 2, type |-> ValueEntry],
               [value |-> [val |-> v2], term |-> 2, type |-> ValueEntry],
               [value |-> [val |-> 0], term |-> 2, type |-> ValueEntry],
               [value |-> [val |-> 0], term |-> 2, type |-> ValueEntry] >>,
        snapshotIndex |-> 0,
        snapshotTerm |-> 0,
        commitIndex |-> 3,
        config |->
            [ learners |-> {},
              jointConfig |-> <<{s1, s2, s3}, {}>>,
              autoLeave |-> FALSE ],
        snapshotHistory |-> <<>> ] @@
  s2 :>
      [ currentTerm |-> 2,
        votedFor |-> s1,
        log |-> 6,
        entries |->
            << [ value |-> [newconf |-> {s1}, learners |-> {}],
                 term |-> 1,
                 type |-> ConfigEntry ],
               [ value |-> [newconf |-> {s1, s2}, learners |-> {}],
                 term |-> 1,
                 type |-> ConfigEntry ],
               [ value |-> [newconf |-> {s1, s2, s3}, learners |-> {}],
                 term |-> 1,
                 type |-> ConfigEntry ],
               [ value |->
                     [ newconf |-> {s3},
                       learners |-> {},
                       enterJoint |-> TRUE,
                       oldconf |-> {s1, s2, s3} ],
                 term |-> 2,
                 type |-> ConfigEntry ],
               [value |-> [val |-> v1], term |-> 2, type |-> ValueEntry],
               [value |-> [val |-> v2], term |-> 2, type |-> ValueEntry] >>,
        snapshotIndex |-> 0,
        snapshotTerm |-> 0,
        commitIndex |-> 3,
        config |->
            [ learners |-> {},
              jointConfig |-> <<{s1, s2, s3}, {}>>,
              autoLeave |-> FALSE ],
        snapshotHistory |-> <<>> ] @@
  s3 :>
      [ currentTerm |-> 2,
        votedFor |-> s3,
        log |-> 3,
        entries |->
            << [ value |-> [newconf |-> {s1, s2, s3}, learners |-> {}],
                 term |-> 1,
                 type |-> ConfigEntry ] >>,
        snapshotIndex |-> 2,
        snapshotTerm |-> 1,
        commitIndex |-> 3,
        config |->
            [ learners |-> {},
              jointConfig |-> <<{s1, s2, s3}, {}>>,
              autoLeave |-> FALSE ],
        snapshotHistory |->
            << [ value |-> [newconf |-> {s1}, learners |-> {}],
                 term |-> 1,
                 type |-> ConfigEntry ],
               [ value |-> [newconf |-> {s1, s2}, learners |-> {}],
                 term |-> 1,
                 type |-> ConfigEntry ] >> ] )
/\ historyLog = ( s1 :>
      << [ value |-> [newconf |-> {s1}, learners |-> {}],
           term |-> 1,
           type |-> ConfigEntry ],
         [ value |-> [newconf |-> {s1, s2}, learners |-> {}],
           term |-> 1,
           type |-> ConfigEntry ],
         [ value |-> [newconf |-> {s1, s2, s3}, learners |-> {}],
           term |-> 1,
           type |-> ConfigEntry ],
         [ value |->
               [ newconf |-> {s3},
                 learners |-> {},
                 enterJoint |-> TRUE,
                 oldconf |-> {s1, s2, s3} ],
           term |-> 2,
           type |-> ConfigEntry ],
         [value |-> [val |-> v1], term |-> 2, type |-> ValueEntry],
         [value |-> [val |-> v2], term |-> 2, type |-> ValueEntry],
         [value |-> [val |-> 0], term |-> 2, type |-> ValueEntry],
         [value |-> [val |-> 0], term |-> 2, type |-> ValueEntry] >> @@
  s2 :>
      << [ value |-> [newconf |-> {s1}, learners |-> {}],
           term |-> 1,
           type |-> ConfigEntry ],
         [ value |-> [newconf |-> {s1, s2}, learners |-> {}],
           term |-> 1,
           type |-> ConfigEntry ],
         [ value |-> [newconf |-> {s1, s2, s3}, learners |-> {}],
           term |-> 1,
           type |-> ConfigEntry ],
         [ value |->
               [ newconf |-> {s3},
                 learners |-> {},
                 enterJoint |-> TRUE,
                 oldconf |-> {s1, s2, s3} ],
           term |-> 2,
           type |-> ConfigEntry ],
         [value |-> [val |-> v1], term |-> 2, type |-> ValueEntry],
         [value |-> [val |-> v2], term |-> 2, type |-> ValueEntry] >> @@
  s3 :>
      << [ value |-> [newconf |-> {s1}, learners |-> {}],
           term |-> 1,
           type |-> ConfigEntry ],
         [ value |-> [newconf |-> {s1, s2}, learners |-> {}],
           term |-> 1,
           type |-> ConfigEntry ],
         [ value |-> [newconf |-> {s1, s2, s3}, learners |-> {}],
           term |-> 1,
           type |-> ConfigEntry ] >> )
/\ nextIndex = ( s1 :> (s1 :> 8 @@ s2 :> 7 @@ s3 :> 4) @@
  s2 :> (s1 :> 1 @@ s2 :> 1 @@ s3 :> 1) @@
  s3 :> (s1 :> 1 @@ s2 :> 1 @@ s3 :> 1) )
/\ commitIndex = (s1 :> 3 @@ s2 :> 3 @@ s3 :> 3)
/\ inflights = ( s1 :> (s1 :> {} @@ s2 :> {} @@ s3 :> {}) @@
  s2 :> (s1 :> {} @@ s2 :> {} @@ s3 :> {}) @@
  s3 :> (s1 :> {} @@ s2 :> {} @@ s3 :> {}) )
/\ messages = ( [ mdest |-> s1,
    msource |-> s1,
    mterm |-> 2,
    mtype |-> AppendEntriesResponse,
    mseq |-> 20,
    msubtype |-> "app",
    msuccess |-> TRUE,
    mmatchIndex |-> 8,
    mrejectHint |-> 0,
    mlogTerm |-> 0 ] :>
      1 @@
  [ mdest |-> s1,
    msource |-> s3,
    mterm |-> 2,
    mtype |-> AppendEntriesResponse,
    mseq |-> 12,
    msubtype |-> "heartbeat",
    msuccess |-> TRUE,
    mmatchIndex |-> 0,
    mrejectHint |-> 0,
    mlogTerm |-> 0 ] :>
      1 )
/\ currentTerm = (s1 :> 2 @@ s2 :> 2 @@ s3 :> 2)
/\ log = ( s1 :>
      [ offset |-> 1,
        entries |->
            << [ value |-> [newconf |-> {s1}, learners |-> {}],
                 term |-> 1,
                 type |-> ConfigEntry ],
               [ value |-> [newconf |-> {s1, s2}, learners |-> {}],
                 term |-> 1,
                 type |-> ConfigEntry ],
               [ value |-> [newconf |-> {s1, s2, s3}, learners |-> {}],
                 term |-> 1,
                 type |-> ConfigEntry ],
               [ value |->
                     [ newconf |-> {s3},
                       learners |-> {},
                       enterJoint |-> TRUE,
                       oldconf |-> {s1, s2, s3} ],
                 term |-> 2,
                 type |-> ConfigEntry ],
               [value |-> [val |-> v1], term |-> 2, type |-> ValueEntry],
               [value |-> [val |-> v2], term |-> 2, type |-> ValueEntry],
               [value |-> [val |-> 0], term |-> 2, type |-> ValueEntry],
               [value |-> [val |-> 0], term |-> 2, type |-> ValueEntry] >>,
        snapshotIndex |-> 0,
        snapshotTerm |-> 0 ] @@
  s2 :>
      [ offset |-> 1,
        entries |->
            << [ value |-> [newconf |-> {s1}, learners |-> {}],
                 term |-> 1,
                 type |-> ConfigEntry ],
               [ value |-> [newconf |-> {s1, s2}, learners |-> {}],
                 term |-> 1,
                 type |-> ConfigEntry ],
               [ value |-> [newconf |-> {s1, s2, s3}, learners |-> {}],
                 term |-> 1,
                 type |-> ConfigEntry ],
               [ value |->
                     [ newconf |-> {s3},
                       learners |-> {},
                       enterJoint |-> TRUE,
                       oldconf |-> {s1, s2, s3} ],
                 term |-> 2,
                 type |-> ConfigEntry ],
               [value |-> [val |-> v1], term |-> 2, type |-> ValueEntry],
               [value |-> [val |-> v2], term |-> 2, type |-> ValueEntry] >>,
        snapshotIndex |-> 0,
        snapshotTerm |-> 0 ] @@
  s3 :>
      [ offset |-> 3,
        entries |->
            << [ value |-> [newconf |-> {s1, s2, s3}, learners |-> {}],
                 term |-> 1,
                 type |-> ConfigEntry ] >>,
        snapshotIndex |-> 2,
        snapshotTerm |-> 1 ] )
/\ partitions = (s1 :> 0 @@ s2 :> 0 @@ s3 :> 0)
/\ votesGranted = (s1 :> {s1, s2} @@ s2 :> {} @@ s3 :> {})
/\ pendingConfChangeIndex = (s1 :> 4 @@ s2 :> 0 @@ s3 :> 0)

@!@!@ENDMSG 2217 @!@!@
@!@!@STARTMSG 2217:4 @!@!@
44: <MCNextAsyncWithReady(s1) line 362, col 5 to line 362, col 35 of module MCetcdraft>
/\ progressState = ( s1 :> (s1 :> StateReplicate @@ s2 :> StateReplicate @@ s3 :> StateProbe) @@
  s2 :> (s1 :> StateProbe @@ s2 :> StateProbe @@ s3 :> StateProbe) @@
  s3 :> (s1 :> StateProbe @@ s2 :> StateProbe @@ s3 :> StateProbe) )
/\ msgSeqCounter = 22
/\ constraintCounters = [ timeout |-> 2,
  request |-> 2,
  restart |-> 1,
  drop |-> 2,
  duplicate |-> 0,
  heartbeat |-> 4,
  stepDown |-> 1,
  snapshot |-> 1,
  compact |-> 1,
  confChange |-> 1,
  reportUnreachable |-> 1,
  partition |-> 0 ]
/\ pendingMessages = <<>>
/\ appliedConfigIndex = (s1 :> 3 @@ s2 :> 3 @@ s3 :> 3)
/\ reconfigCount = 0
/\ votesResponded = (s1 :> {s1, s2, s3} @@ s2 :> {} @@ s3 :> {})
/\ msgAppFlowPaused = ( s1 :> (s1 :> FALSE @@ s2 :> FALSE @@ s3 :> FALSE) @@
  s2 :> (s1 :> FALSE @@ s2 :> FALSE @@ s3 :> FALSE) @@
  s3 :> (s1 :> FALSE @@ s2 :> FALSE @@ s3 :> FALSE) )
/\ state = (s1 :> Leader @@ s2 :> Follower @@ s3 :> Follower)
/\ pendingSnapshot = ( s1 :> (s1 :> 0 @@ s2 :> 0 @@ s3 :> 0) @@
  s2 :> (s1 :> 0 @@ s2 :> 0 @@ s3 :> 0) @@
  s3 :> (s1 :> 0 @@ s2 :> 0 @@ s3 :> 0) )
/\ config = ( s1 :>
      [ learners |-> {},
        jointConfig |-> <<{s1, s2, s3}, {}>>,
        autoLeave |-> FALSE ] @@
  s2 :>
      [ learners |-> {},
        jointConfig |-> <<{s1, s2, s3}, {}>>,
        autoLeave |-> FALSE ] @@
  s3 :>
      [ learners |-> {},
        jointConfig |-> <<{s1, s2, s3}, {}>>,
        autoLeave |-> FALSE ] )
/\ matchIndex = ( s1 :> (s1 :> 7 @@ s2 :> 6 @@ s3 :> 0) @@
  s2 :> (s1 :> 0 @@ s2 :> 0 @@ s3 :> 0) @@
  s3 :> (s1 :> 0 @@ s2 :> 0 @@ s3 :> 0) )
/\ applied = (s1 :> 3 @@ s2 :> 0 @@ s3 :> 3)
/\ votedFor = (s1 :> s1 @@ s2 :> s1 @@ s3 :> s3)
/\ durableState = ( s1 :>
      [ currentTerm |-> 2,
        votedFor |-> s1,
        log |-> 8,
        entries |->
            << [ value |-> [newconf |-> {s1}, learners |-> {}],
                 term |-> 1,
                 type |-> ConfigEntry ],
               [ value |-> [newconf |-> {s1, s2}, learners |-> {}],
                 term |-> 1,
                 type |-> ConfigEntry ],
               [ value |-> [newconf |-> {s1, s2, s3}, learners |-> {}],
                 term |-> 1,
                 type |-> ConfigEntry ],
               [ value |->
                     [ newconf |-> {s3},
                       learners |-> {},
                       enterJoint |-> TRUE,
                       oldconf |-> {s1, s2, s3} ],
                 term |-> 2,
                 type |-> ConfigEntry ],
               [value |-> [val |-> v1], term |-> 2, type |-> ValueEntry],
               [value |-> [val |-> v2], term |-> 2, type |-> ValueEntry],
               [value |-> [val |-> 0], term |-> 2, type |-> ValueEntry],
               [value |-> [val |-> 0], term |-> 2, type |-> ValueEntry] >>,
        snapshotIndex |-> 0,
        snapshotTerm |-> 0,
        commitIndex |-> 3,
        config |->
            [ learners |-> {},
              jointConfig |-> <<{s1, s2, s3}, {}>>,
              autoLeave |-> FALSE ],
        snapshotHistory |-> <<>> ] @@
  s2 :>
      [ currentTerm |-> 2,
        votedFor |-> s1,
        log |-> 6,
        entries |->
            << [ value |-> [newconf |-> {s1}, learners |-> {}],
                 term |-> 1,
                 type |-> ConfigEntry ],
               [ value |-> [newconf |-> {s1, s2}, learners |-> {}],
                 term |-> 1,
                 type |-> ConfigEntry ],
               [ value |-> [newconf |-> {s1, s2, s3}, learners |-> {}],
                 term |-> 1,
                 type |-> ConfigEntry ],
               [ value |->
                     [ newconf |-> {s3},
                       learners |-> {},
                       enterJoint |-> TRUE,
                       oldconf |-> {s1, s2, s3} ],
                 term |-> 2,
                 type |-> ConfigEntry ],
               [value |-> [val |-> v1], term |-> 2, type |-> ValueEntry],
               [value |-> [val |-> v2], term |-> 2, type |-> ValueEntry] >>,
        snapshotIndex |-> 0,
        snapshotTerm |-> 0,
        commitIndex |-> 3,
        config |->
            [ learners |-> {},
              jointConfig |-> <<{s1, s2, s3}, {}>>,
              autoLeave |-> FALSE ],
        snapshotHistory |-> <<>> ] @@
  s3 :>
      [ currentTerm |-> 2,
        votedFor |-> s3,
        log |-> 3,
        entries |->
            << [ value |-> [newconf |-> {s1, s2, s3}, learners |-> {}],
                 term |-> 1,
                 type |-> ConfigEntry ] >>,
        snapshotIndex |-> 2,
        snapshotTerm |-> 1,
        commitIndex |-> 3,
        config |->
            [ learners |-> {},
              jointConfig |-> <<{s1, s2, s3}, {}>>,
              autoLeave |-> FALSE ],
        snapshotHistory |->
            << [ value |-> [newconf |-> {s1}, learners |-> {}],
                 term |-> 1,
                 type |-> ConfigEntry ],
               [ value |-> [newconf |-> {s1, s2}, learners |-> {}],
                 term |-> 1,
                 type |-> ConfigEntry ] >> ] )
/\ historyLog = ( s1 :>
      << [ value |-> [newconf |-> {s1}, learners |-> {}],
           term |-> 1,
           type |-> ConfigEntry ],
         [ value |-> [newconf |-> {s1, s2}, learners |-> {}],
           term |-> 1,
           type |-> ConfigEntry ],
         [ value |-> [newconf |-> {s1, s2, s3}, learners |-> {}],
           term |-> 1,
           type |-> ConfigEntry ],
         [ value |->
               [ newconf |-> {s3},
                 learners |-> {},
                 enterJoint |-> TRUE,
                 oldconf |-> {s1, s2, s3} ],
           term |-> 2,
           type |-> ConfigEntry ],
         [value |-> [val |-> v1], term |-> 2, type |-> ValueEntry],
         [value |-> [val |-> v2], term |-> 2, type |-> ValueEntry],
         [value |-> [val |-> 0], term |-> 2, type |-> ValueEntry],
         [value |-> [val |-> 0], term |-> 2, type |-> ValueEntry] >> @@
  s2 :>
      << [ value |-> [newconf |-> {s1}, learners |-> {}],
           term |-> 1,
           type |-> ConfigEntry ],
         [ value |-> [newconf |-> {s1, s2}, learners |-> {}],
           term |-> 1,
           type |-> ConfigEntry ],
         [ value |-> [newconf |-> {s1, s2, s3}, learners |-> {}],
           term |-> 1,
           type |-> ConfigEntry ],
         [ value |->
               [ newconf |-> {s3},
                 learners |-> {},
                 enterJoint |-> TRUE,
                 oldconf |-> {s1, s2, s3} ],
           term |-> 2,
           type |-> ConfigEntry ],
         [value |-> [val |-> v1], term |-> 2, type |-> ValueEntry],
         [value |-> [val |-> v2], term |-> 2, type |-> ValueEntry] >> @@
  s3 :>
      << [ value |-> [newconf |-> {s1}, learners |-> {}],
           term |-> 1,
           type |-> ConfigEntry ],
         [ value |-> [newconf |-> {s1, s2}, learners |-> {}],
           term |-> 1,
           type |-> ConfigEntry ],
         [ value |-> [newconf |-> {s1, s2, s3}, learners |-> {}],
           term |-> 1,
           type |-> ConfigEntry ] >> )
/\ nextIndex = ( s1 :> (s1 :> 8 @@ s2 :> 7 @@ s3 :> 4) @@
  s2 :> (s1 :> 1 @@ s2 :> 1 @@ s3 :> 1) @@
  s3 :> (s1 :> 1 @@ s2 :> 1 @@ s3 :> 1) )
/\ commitIndex = (s1 :> 3 @@ s2 :> 3 @@ s3 :> 3)
/\ inflights = ( s1 :> (s1 :> {} @@ s2 :> {} @@ s3 :> {}) @@
  s2 :> (s1 :> {} @@ s2 :> {} @@ s3 :> {}) @@
  s3 :> (s1 :> {} @@ s2 :> {} @@ s3 :> {}) )
/\ messages = ( [ mdest |-> s2,
    msource |-> s1,
    mterm |-> 2,
    mtype |-> AppendEntriesRequest,
    mseq |-> 21,
    msubtype |-> "heartbeat",
    mprevLogIndex |-> 0,
    mprevLogTerm |-> 0,
    mentries |-> <<>>,
    mcommitIndex |-> 3 ] :>
      1 @@
  [ mdest |-> s1,
    msource |-> s1,
    mterm |-> 2,
    mtype |-> AppendEntriesResponse,
    mseq |-> 20,
    msubtype |-> "app",
    msuccess |-> TRUE,
    mmatchIndex |-> 8,
    mrejectHint |-> 0,
    mlogTerm |-> 0 ] :>
      1 @@
  [ mdest |-> s1,
    msource |-> s3,
    mterm |-> 2,
    mtype |-> AppendEntriesResponse,
    mseq |-> 12,
    msubtype |-> "heartbeat",
    msuccess |-> TRUE,
    mmatchIndex |-> 0,
    mrejectHint |-> 0,
    mlogTerm |-> 0 ] :>
      1 )
/\ currentTerm = (s1 :> 2 @@ s2 :> 2 @@ s3 :> 2)
/\ log = ( s1 :>
      [ offset |-> 1,
        entries |->
            << [ value |-> [newconf |-> {s1}, learners |-> {}],
                 term |-> 1,
                 type |-> ConfigEntry ],
               [ value |-> [newconf |-> {s1, s2}, learners |-> {}],
                 term |-> 1,
                 type |-> ConfigEntry ],
               [ value |-> [newconf |-> {s1, s2, s3}, learners |-> {}],
                 term |-> 1,
                 type |-> ConfigEntry ],
               [ value |->
                     [ newconf |-> {s3},
                       learners |-> {},
                       enterJoint |-> TRUE,
                       oldconf |-> {s1, s2, s3} ],
                 term |-> 2,
                 type |-> ConfigEntry ],
               [value |-> [val |-> v1], term |-> 2, type |-> ValueEntry],
               [value |-> [val |-> v2], term |-> 2, type |-> ValueEntry],
               [value |-> [val |-> 0], term |-> 2, type |-> ValueEntry],
               [value |-> [val |-> 0], term |-> 2, type |-> ValueEntry] >>,
        snapshotIndex |-> 0,
        snapshotTerm |-> 0 ] @@
  s2 :>
      [ offset |-> 1,
        entries |->
            << [ value |-> [newconf |-> {s1}, learners |-> {}],
                 term |-> 1,
                 type |-> ConfigEntry ],
               [ value |-> [newconf |-> {s1, s2}, learners |-> {}],
                 term |-> 1,
                 type |-> ConfigEntry ],
               [ value |-> [newconf |-> {s1, s2, s3}, learners |-> {}],
                 term |-> 1,
                 type |-> ConfigEntry ],
               [ value |->
                     [ newconf |-> {s3},
                       learners |-> {},
                       enterJoint |-> TRUE,
                       oldconf |-> {s1, s2, s3} ],
                 term |-> 2,
                 type |-> ConfigEntry ],
               [value |-> [val |-> v1], term |-> 2, type |-> ValueEntry],
               [value |-> [val |-> v2], term |-> 2, type |-> ValueEntry] >>,
        snapshotIndex |-> 0,
        snapshotTerm |-> 0 ] @@
  s3 :>
      [ offset |-> 3,
        entries |->
            << [ value |-> [newconf |-> {s1, s2, s3}, learners |-> {}],
                 term |-> 1,
                 type |-> ConfigEntry ] >>,
        snapshotIndex |-> 2,
        snapshotTerm |-> 1 ] )
/\ partitions = (s1 :> 0 @@ s2 :> 0 @@ s3 :> 0)
/\ votesGranted = (s1 :> {s1, s2} @@ s2 :> {} @@ s3 :> {})
/\ pendingConfChangeIndex = (s1 :> 4 @@ s2 :> 0 @@ s3 :> 0)

@!@!@ENDMSG 2217 @!@!@
@!@!@STARTMSG 2217:4 @!@!@
45: <MCNextAsyncWithReady(s2) line 362, col 5 to line 362, col 35 of module MCetcdraft>
/\ progressState = ( s1 :> (s1 :> StateReplicate @@ s2 :> StateReplicate @@ s3 :> StateProbe) @@
  s2 :> (s1 :> StateProbe @@ s2 :> StateProbe @@ s3 :> StateProbe) @@
  s3 :> (s1 :> StateProbe @@ s2 :> StateProbe @@ s3 :> StateProbe) )
/\ msgSeqCounter = 23
/\ constraintCounters = [ timeout |-> 2,
  request |-> 2,
  restart |-> 1,
  drop |-> 2,
  duplicate |-> 0,
  heartbeat |-> 4,
  stepDown |-> 1,
  snapshot |-> 1,
  compact |-> 1,
  confChange |-> 1,
  reportUnreachable |-> 1,
  partition |-> 0 ]
/\ pendingMessages = <<>>
/\ appliedConfigIndex = (s1 :> 3 @@ s2 :> 3 @@ s3 :> 3)
/\ reconfigCount = 0
/\ votesResponded = (s1 :> {s1, s2, s3} @@ s2 :> {} @@ s3 :> {})
/\ msgAppFlowPaused = ( s1 :> (s1 :> FALSE @@ s2 :> FALSE @@ s3 :> FALSE) @@
  s2 :> (s1 :> FALSE @@ s2 :> FALSE @@ s3 :> FALSE) @@
  s3 :> (s1 :> FALSE @@ s2 :> FALSE @@ s3 :> FALSE) )
/\ state = (s1 :> Leader @@ s2 :> Follower @@ s3 :> Follower)
/\ pendingSnapshot = ( s1 :> (s1 :> 0 @@ s2 :> 0 @@ s3 :> 0) @@
  s2 :> (s1 :> 0 @@ s2 :> 0 @@ s3 :> 0) @@
  s3 :> (s1 :> 0 @@ s2 :> 0 @@ s3 :> 0) )
/\ config = ( s1 :>
      [ learners |-> {},
        jointConfig |-> <<{s1, s2, s3}, {}>>,
        autoLeave |-> FALSE ] @@
  s2 :>
      [ learners |-> {},
        jointConfig |-> <<{s1, s2, s3}, {}>>,
        autoLeave |-> FALSE ] @@
  s3 :>
      [ learners |-> {},
        jointConfig |-> <<{s1, s2, s3}, {}>>,
        autoLeave |-> FALSE ] )
/\ matchIndex = ( s1 :> (s1 :> 7 @@ s2 :> 6 @@ s3 :> 0) @@
  s2 :> (s1 :> 0 @@ s2 :> 0 @@ s3 :> 0) @@
  s3 :> (s1 :> 0 @@ s2 :> 0 @@ s3 :> 0) )
/\ applied = (s1 :> 3 @@ s2 :> 0 @@ s3 :> 3)
/\ votedFor = (s1 :> s1 @@ s2 :> s1 @@ s3 :> s3)
/\ durableState = ( s1 :>
      [ currentTerm |-> 2,
        votedFor |-> s1,
        log |-> 8,
        entries |->
            << [ value |-> [newconf |-> {s1}, learners |-> {}],
                 term |-> 1,
                 type |-> ConfigEntry ],
               [ value |-> [newconf |-> {s1, s2}, learners |-> {}],
                 term |-> 1,
                 type |-> ConfigEntry ],
               [ value |-> [newconf |-> {s1, s2, s3}, learners |-> {}],
                 term |-> 1,
                 type |-> ConfigEntry ],
               [ value |->
                     [ newconf |-> {s3},
                       learners |-> {},
                       enterJoint |-> TRUE,
                       oldconf |-> {s1, s2, s3} ],
                 term |-> 2,
                 type |-> ConfigEntry ],
               [value |-> [val |-> v1], term |-> 2, type |-> ValueEntry],
               [value |-> [val |-> v2], term |-> 2, type |-> ValueEntry],
               [value |-> [val |-> 0], term |-> 2, type |-> ValueEntry],
               [value |-> [val |-> 0], term |-> 2, type |-> ValueEntry] >>,
        snapshotIndex |-> 0,
        snapshotTerm |-> 0,
        commitIndex |-> 3,
        config |->
            [ learners |-> {},
              jointConfig |-> <<{s1, s2, s3}, {}>>,
              autoLeave |-> FALSE ],
        snapshotHistory |-> <<>> ] @@
  s2 :>
      [ currentTerm |-> 2,
        votedFor |-> s1,
        log |-> 6,
        entries |->
            << [ value |-> [newconf |-> {s1}, learners |-> {}],
                 term |-> 1,
                 type |-> ConfigEntry ],
               [ value |-> [newconf |-> {s1, s2}, learners |-> {}],
                 term |-> 1,
                 type |-> ConfigEntry ],
               [ value |-> [newconf |-> {s1, s2, s3}, learners |-> {}],
                 term |-> 1,
                 type |-> ConfigEntry ],
               [ value |->
                     [ newconf |-> {s3},
                       learners |-> {},
                       enterJoint |-> TRUE,
                       oldconf |-> {s1, s2, s3} ],
                 term |-> 2,
                 type |-> ConfigEntry ],
               [value |-> [val |-> v1], term |-> 2, type |-> ValueEntry],
               [value |-> [val |-> v2], term |-> 2, type |-> ValueEntry] >>,
        snapshotIndex |-> 0,
        snapshotTerm |-> 0,
        commitIndex |-> 3,
        config |->
            [ learners |-> {},
              jointConfig |-> <<{s1, s2, s3}, {}>>,
              autoLeave |-> FALSE ],
        snapshotHistory |-> <<>> ] @@
  s3 :>
      [ currentTerm |-> 2,
        votedFor |-> s3,
        log |-> 3,
        entries |->
            << [ value |-> [newconf |-> {s1, s2, s3}, learners |-> {}],
                 term |-> 1,
                 type |-> ConfigEntry ] >>,
        snapshotIndex |-> 2,
        snapshotTerm |-> 1,
        commitIndex |-> 3,
        config |->
            [ learners |-> {},
              jointConfig |-> <<{s1, s2, s3}, {}>>,
              autoLeave |-> FALSE ],
        snapshotHistory |->
            << [ value |-> [newconf |-> {s1}, learners |-> {}],
                 term |-> 1,
                 type |-> ConfigEntry ],
               [ value |-> [newconf |-> {s1, s2}, learners |-> {}],
                 term |-> 1,
                 type |-> ConfigEntry ] >> ] )
/\ historyLog = ( s1 :>
      << [ value |-> [newconf |-> {s1}, learners |-> {}],
           term |-> 1,
           type |-> ConfigEntry ],
         [ value |-> [newconf |-> {s1, s2}, learners |-> {}],
           term |-> 1,
           type |-> ConfigEntry ],
         [ value |-> [newconf |-> {s1, s2, s3}, learners |-> {}],
           term |-> 1,
           type |-> ConfigEntry ],
         [ value |->
               [ newconf |-> {s3},
                 learners |-> {},
                 enterJoint |-> TRUE,
                 oldconf |-> {s1, s2, s3} ],
           term |-> 2,
           type |-> ConfigEntry ],
         [value |-> [val |-> v1], term |-> 2, type |-> ValueEntry],
         [value |-> [val |-> v2], term |-> 2, type |-> ValueEntry],
         [value |-> [val |-> 0], term |-> 2, type |-> ValueEntry],
         [value |-> [val |-> 0], term |-> 2, type |-> ValueEntry] >> @@
  s2 :>
      << [ value |-> [newconf |-> {s1}, learners |-> {}],
           term |-> 1,
           type |-> ConfigEntry ],
         [ value |-> [newconf |-> {s1, s2}, learners |-> {}],
           term |-> 1,
           type |-> ConfigEntry ],
         [ value |-> [newconf |-> {s1, s2, s3}, learners |-> {}],
           term |-> 1,
           type |-> ConfigEntry ],
         [ value |->
               [ newconf |-> {s3},
                 learners |-> {},
                 enterJoint |-> TRUE,
                 oldconf |-> {s1, s2, s3} ],
           term |-> 2,
           type |-> ConfigEntry ],
         [value |-> [val |-> v1], term |-> 2, type |-> ValueEntry],
         [value |-> [val |-> v2], term |-> 2, type |-> ValueEntry] >> @@
  s3 :>
      << [ value |-> [newconf |-> {s1}, learners |-> {}],
           term |-> 1,
           type |-> ConfigEntry ],
         [ value |-> [newconf |-> {s1, s2}, learners |-> {}],
           term |-> 1,
           type |-> ConfigEntry ],
         [ value |-> [newconf |-> {s1, s2, s3}, learners |-> {}],
           term |-> 1,
           type |-> ConfigEntry ] >> )
/\ nextIndex = ( s1 :> (s1 :> 8 @@ s2 :> 7 @@ s3 :> 4) @@
  s2 :> (s1 :> 1 @@ s2 :> 1 @@ s3 :> 1) @@
  s3 :> (s1 :> 1 @@ s2 :> 1 @@ s3 :> 1) )
/\ commitIndex = (s1 :> 3 @@ s2 :> 3 @@ s3 :> 3)
/\ inflights = ( s1 :> (s1 :> {} @@ s2 :> {} @@ s3 :> {}) @@
  s2 :> (s1 :> {} @@ s2 :> {} @@ s3 :> {}) @@
  s3 :> (s1 :> {} @@ s2 :> {} @@ s3 :> {}) )
/\ messages = ( [ mdest |-> s1,
    msource |-> s1,
    mterm |-> 2,
    mtype |-> AppendEntriesResponse,
    mseq |-> 20,
    msubtype |-> "app",
    msuccess |-> TRUE,
    mmatchIndex |-> 8,
    mrejectHint |-> 0,
    mlogTerm |-> 0 ] :>
      1 @@
  [ mdest |-> s1,
    msource |-> s2,
    mterm |-> 2,
    mtype |-> AppendEntriesResponse,
    mseq |-> 22,
    msubtype |-> "heartbeat",
    msuccess |-> TRUE,
    mmatchIndex |-> 0,
    mrejectHint |-> 0,
    mlogTerm |-> 0 ] :>
      1 @@
  [ mdest |-> s1,
    msource |-> s3,
    mterm |-> 2,
    mtype |-> AppendEntriesResponse,
    mseq |-> 12,
    msubtype |-> "heartbeat",
    msuccess |-> TRUE,
    mmatchIndex |-> 0,
    mrejectHint |-> 0,
    mlogTerm |-> 0 ] :>
      1 )
/\ currentTerm = (s1 :> 2 @@ s2 :> 2 @@ s3 :> 2)
/\ log = ( s1 :>
      [ offset |-> 1,
        entries |->
            << [ value |-> [newconf |-> {s1}, learners |-> {}],
                 term |-> 1,
                 type |-> ConfigEntry ],
               [ value |-> [newconf |-> {s1, s2}, learners |-> {}],
                 term |-> 1,
                 type |-> ConfigEntry ],
               [ value |-> [newconf |-> {s1, s2, s3}, learners |-> {}],
                 term |-> 1,
                 type |-> ConfigEntry ],
               [ value |->
                     [ newconf |-> {s3},
                       learners |-> {},
                       enterJoint |-> TRUE,
                       oldconf |-> {s1, s2, s3} ],
                 term |-> 2,
                 type |-> ConfigEntry ],
               [value |-> [val |-> v1], term |-> 2, type |-> ValueEntry],
               [value |-> [val |-> v2], term |-> 2, type |-> ValueEntry],
               [value |-> [val |-> 0], term |-> 2, type |-> ValueEntry],
               [value |-> [val |-> 0], term |-> 2, type |-> ValueEntry] >>,
        snapshotIndex |-> 0,
        snapshotTerm |-> 0 ] @@
  s2 :>
      [ offset |-> 1,
        entries |->
            << [ value |-> [newconf |-> {s1}, learners |-> {}],
                 term |-> 1,
                 type |-> ConfigEntry ],
               [ value |-> [newconf |-> {s1, s2}, learners |-> {}],
                 term |-> 1,
                 type |-> ConfigEntry ],
               [ value |-> [newconf |-> {s1, s2, s3}, learners |-> {}],
                 term |-> 1,
                 type |-> ConfigEntry ],
               [ value |->
                     [ newconf |-> {s3},
                       learners |-> {},
                       enterJoint |-> TRUE,
                       oldconf |-> {s1, s2, s3} ],
                 term |-> 2,
                 type |-> ConfigEntry ],
               [value |-> [val |-> v1], term |-> 2, type |-> ValueEntry],
               [value |-> [val |-> v2], term |-> 2, type |-> ValueEntry] >>,
        snapshotIndex |-> 0,
        snapshotTerm |-> 0 ] @@
  s3 :>
      [ offset |-> 3,
        entries |->
            << [ value |-> [newconf |-> {s1, s2, s3}, learners |-> {}],
                 term |-> 1,
                 type |-> ConfigEntry ] >>,
        snapshotIndex |-> 2,
        snapshotTerm |-> 1 ] )
/\ partitions = (s1 :> 0 @@ s2 :> 0 @@ s3 :> 0)
/\ votesGranted = (s1 :> {s1, s2} @@ s2 :> {} @@ s3 :> {})
/\ pendingConfChangeIndex = (s1 :> 4 @@ s2 :> 0 @@ s3 :> 0)

@!@!@ENDMSG 2217 @!@!@
@!@!@STARTMSG 2217:4 @!@!@
46: <MCNextAsyncWithReady(s1) line 362, col 5 to line 362, col 35 of module MCetcdraft>
/\ progressState = ( s1 :> (s1 :> StateReplicate @@ s2 :> StateReplicate @@ s3 :> StateProbe) @@
  s2 :> (s1 :> StateProbe @@ s2 :> StateProbe @@ s3 :> StateProbe) @@
  s3 :> (s1 :> StateProbe @@ s2 :> StateProbe @@ s3 :> StateProbe) )
/\ msgSeqCounter = 23
/\ constraintCounters = [ timeout |-> 2,
  request |-> 2,
  restart |-> 1,
  drop |-> 2,
  duplicate |-> 0,
  heartbeat |-> 4,
  stepDown |-> 1,
  snapshot |-> 1,
  compact |-> 1,
  confChange |-> 1,
  reportUnreachable |-> 1,
  partition |-> 0 ]
/\ pendingMessages = <<>>
/\ appliedConfigIndex = (s1 :> 3 @@ s2 :> 3 @@ s3 :> 3)
/\ reconfigCount = 0
/\ votesResponded = (s1 :> {s1, s2, s3} @@ s2 :> {} @@ s3 :> {})
/\ msgAppFlowPaused = ( s1 :> (s1 :> FALSE @@ s2 :> FALSE @@ s3 :> FALSE) @@
  s2 :> (s1 :> FALSE @@ s2 :> FALSE @@ s3 :> FALSE) @@
  s3 :> (s1 :> FALSE @@ s2 :> FALSE @@ s3 :> FALSE) )
/\ state = (s1 :> Leader @@ s2 :> Follower @@ s3 :> Follower)
/\ pendingSnapshot = ( s1 :> (s1 :> 0 @@ s2 :> 0 @@ s3 :> 0) @@
  s2 :> (s1 :> 0 @@ s2 :> 0 @@ s3 :> 0) @@
  s3 :> (s1 :> 0 @@ s2 :> 0 @@ s3 :> 0) )
/\ config = ( s1 :>
      [ learners |-> {},
        jointConfig |-> <<{s1, s2, s3}, {}>>,
        autoLeave |-> FALSE ] @@
  s2 :>
      [ learners |-> {},
        jointConfig |-> <<{s1, s2, s3}, {}>>,
        autoLeave |-> FALSE ] @@
  s3 :>
      [ learners |-> {},
        jointConfig |-> <<{s1, s2, s3}, {}>>,
        autoLeave |-> FALSE ] )
/\ matchIndex = ( s1 :> (s1 :> 7 @@ s2 :> 6 @@ s3 :> 0) @@
  s2 :> (s1 :> 0 @@ s2 :> 0 @@ s3 :> 0) @@
  s3 :> (s1 :> 0 @@ s2 :> 0 @@ s3 :> 0) )
/\ applied = (s1 :> 3 @@ s2 :> 0 @@ s3 :> 3)
/\ votedFor = (s1 :> s1 @@ s2 :> s1 @@ s3 :> s3)
/\ durableState = ( s1 :>
      [ currentTerm |-> 2,
        votedFor |-> s1,
        log |-> 8,
        entries |->
            << [ value |-> [newconf |-> {s1}, learners |-> {}],
                 term |-> 1,
                 type |-> ConfigEntry ],
               [ value |-> [newconf |-> {s1, s2}, learners |-> {}],
                 term |-> 1,
                 type |-> ConfigEntry ],
               [ value |-> [newconf |-> {s1, s2, s3}, learners |-> {}],
                 term |-> 1,
                 type |-> ConfigEntry ],
               [ value |->
                     [ newconf |-> {s3},
                       learners |-> {},
                       enterJoint |-> TRUE,
                       oldconf |-> {s1, s2, s3} ],
                 term |-> 2,
                 type |-> ConfigEntry ],
               [value |-> [val |-> v1], term |-> 2, type |-> ValueEntry],
               [value |-> [val |-> v2], term |-> 2, type |-> ValueEntry],
               [value |-> [val |-> 0], term |-> 2, type |-> ValueEntry],
               [value |-> [val |-> 0], term |-> 2, type |-> ValueEntry] >>,
        snapshotIndex |-> 0,
        snapshotTerm |-> 0,
        commitIndex |-> 6,
        config |->
            [ learners |-> {},
              jointConfig |-> <<{s1, s2, s3}, {}>>,
              autoLeave |-> FALSE ],
        snapshotHistory |-> <<>> ] @@
  s2 :>
      [ currentTerm |-> 2,
        votedFor |-> s1,
        log |-> 6,
        entries |->
            << [ value |-> [newconf |-> {s1}, learners |-> {}],
                 term |-> 1,
                 type |-> ConfigEntry ],
               [ value |-> [newconf |-> {s1, s2}, learners |-> {}],
                 term |-> 1,
                 type |-> ConfigEntry ],
               [ value |-> [newconf |-> {s1, s2, s3}, learners |-> {}],
                 term |-> 1,
                 type |-> ConfigEntry ],
               [ value |->
                     [ newconf |-> {s3},
                       learners |-> {},
                       enterJoint |-> TRUE,
                       oldconf |-> {s1, s2, s3} ],
                 term |-> 2,
                 type |-> ConfigEntry ],
               [value |-> [val |-> v1], term |-> 2, type |-> ValueEntry],
               [value |-> [val |-> v2], term |-> 2, type |-> ValueEntry] >>,
        snapshotIndex |-> 0,
        snapshotTerm |-> 0,
        commitIndex |-> 3,
        config |->
            [ learners |-> {},
              jointConfig |-> <<{s1, s2, s3}, {}>>,
              autoLeave |-> FALSE ],
        snapshotHistory |-> <<>> ] @@
  s3 :>
      [ currentTerm |-> 2,
        votedFor |-> s3,
        log |-> 3,
        entries |->
            << [ value |-> [newconf |-> {s1, s2, s3}, learners |-> {}],
                 term |-> 1,
                 type |-> ConfigEntry ] >>,
        snapshotIndex |-> 2,
        snapshotTerm |-> 1,
        commitIndex |-> 3,
        config |->
            [ learners |-> {},
              jointConfig |-> <<{s1, s2, s3}, {}>>,
              autoLeave |-> FALSE ],
        snapshotHistory |->
            << [ value |-> [newconf |-> {s1}, learners |-> {}],
                 term |-> 1,
                 type |-> ConfigEntry ],
               [ value |-> [newconf |-> {s1, s2}, learners |-> {}],
                 term |-> 1,
                 type |-> ConfigEntry ] >> ] )
/\ historyLog = ( s1 :>
      << [ value |-> [newconf |-> {s1}, learners |-> {}],
           term |-> 1,
           type |-> ConfigEntry ],
         [ value |-> [newconf |-> {s1, s2}, learners |-> {}],
           term |-> 1,
           type |-> ConfigEntry ],
         [ value |-> [newconf |-> {s1, s2, s3}, learners |-> {}],
           term |-> 1,
           type |-> ConfigEntry ],
         [ value |->
               [ newconf |-> {s3},
                 learners |-> {},
                 enterJoint |-> TRUE,
                 oldconf |-> {s1, s2, s3} ],
           term |-> 2,
           type |-> ConfigEntry ],
         [value |-> [val |-> v1], term |-> 2, type |-> ValueEntry],
         [value |-> [val |-> v2], term |-> 2, type |-> ValueEntry],
         [value |-> [val |-> 0], term |-> 2, type |-> ValueEntry],
         [value |-> [val |-> 0], term |-> 2, type |-> ValueEntry] >> @@
  s2 :>
      << [ value |-> [newconf |-> {s1}, learners |-> {}],
           term |-> 1,
           type |-> ConfigEntry ],
         [ value |-> [newconf |-> {s1, s2}, learners |-> {}],
           term |-> 1,
           type |-> ConfigEntry ],
         [ value |-> [newconf |-> {s1, s2, s3}, learners |-> {}],
           term |-> 1,
           type |-> ConfigEntry ],
         [ value |->
               [ newconf |-> {s3},
                 learners |-> {},
                 enterJoint |-> TRUE,
                 oldconf |-> {s1, s2, s3} ],
           term |-> 2,
           type |-> ConfigEntry ],
         [value |-> [val |-> v1], term |-> 2, type |-> ValueEntry],
         [value |-> [val |-> v2], term |-> 2, type |-> ValueEntry] >> @@
  s3 :>
      << [ value |-> [newconf |-> {s1}, learners |-> {}],
           term |-> 1,
           type |-> ConfigEntry ],
         [ value |-> [newconf |-> {s1, s2}, learners |-> {}],
           term |-> 1,
           type |-> ConfigEntry ],
         [ value |-> [newconf |-> {s1, s2, s3}, learners |-> {}],
           term |-> 1,
           type |-> ConfigEntry ] >> )
/\ nextIndex = ( s1 :> (s1 :> 8 @@ s2 :> 7 @@ s3 :> 4) @@
  s2 :> (s1 :> 1 @@ s2 :> 1 @@ s3 :> 1) @@
  s3 :> (s1 :> 1 @@ s2 :> 1 @@ s3 :> 1) )
/\ commitIndex = (s1 :> 6 @@ s2 :> 3 @@ s3 :> 3)
/\ inflights = ( s1 :> (s1 :> {} @@ s2 :> {} @@ s3 :> {}) @@
  s2 :> (s1 :> {} @@ s2 :> {} @@ s3 :> {}) @@
  s3 :> (s1 :> {} @@ s2 :> {} @@ s3 :> {}) )
/\ messages = ( [ mdest |-> s1,
    msource |-> s1,
    mterm |-> 2,
    mtype |-> AppendEntriesResponse,
    mseq |-> 20,
    msubtype |-> "app",
    msuccess |-> TRUE,
    mmatchIndex |-> 8,
    mrejectHint |-> 0,
    mlogTerm |-> 0 ] :>
      1 @@
  [ mdest |-> s1,
    msource |-> s2,
    mterm |-> 2,
    mtype |-> AppendEntriesResponse,
    mseq |-> 22,
    msubtype |-> "heartbeat",
    msuccess |-> TRUE,
    mmatchIndex |-> 0,
    mrejectHint |-> 0,
    mlogTerm |-> 0 ] :>
      1 @@
  [ mdest |-> s1,
    msource |-> s3,
    mterm |-> 2,
    mtype |-> AppendEntriesResponse,
    mseq |-> 12,
    msubtype |-> "heartbeat",
    msuccess |-> TRUE,
    mmatchIndex |-> 0,
    mrejectHint |-> 0,
    mlogTerm |-> 0 ] :>
      1 )
/\ currentTerm = (s1 :> 2 @@ s2 :> 2 @@ s3 :> 2)
/\ log = ( s1 :>
      [ offset |-> 1,
        entries |->
            << [ value |-> [newconf |-> {s1}, learners |-> {}],
                 term |-> 1,
                 type |-> ConfigEntry ],
               [ value |-> [newconf |-> {s1, s2}, learners |-> {}],
                 term |-> 1,
                 type |-> ConfigEntry ],
               [ value |-> [newconf |-> {s1, s2, s3}, learners |-> {}],
                 term |-> 1,
                 type |-> ConfigEntry ],
               [ value |->
                     [ newconf |-> {s3},
                       learners |-> {},
                       enterJoint |-> TRUE,
                       oldconf |-> {s1, s2, s3} ],
                 term |-> 2,
                 type |-> ConfigEntry ],
               [value |-> [val |-> v1], term |-> 2, type |-> ValueEntry],
               [value |-> [val |-> v2], term |-> 2, type |-> ValueEntry],
               [value |-> [val |-> 0], term |-> 2, type |-> ValueEntry],
               [value |-> [val |-> 0], term |-> 2, type |-> ValueEntry] >>,
        snapshotIndex |-> 0,
        snapshotTerm |-> 0 ] @@
  s2 :>
      [ offset |-> 1,
        entries |->
            << [ value |-> [newconf |-> {s1}, learners |-> {}],
                 term |-> 1,
                 type |-> ConfigEntry ],
               [ value |-> [newconf |-> {s1, s2}, learners |-> {}],
                 term |-> 1,
                 type |-> ConfigEntry ],
               [ value |-> [newconf |-> {s1, s2, s3}, learners |-> {}],
                 term |-> 1,
                 type |-> ConfigEntry ],
               [ value |->
                     [ newconf |-> {s3},
                       learners |-> {},
                       enterJoint |-> TRUE,
                       oldconf |-> {s1, s2, s3} ],
                 term |-> 2,
                 type |-> ConfigEntry ],
               [value |-> [val |-> v1], term |-> 2, type |-> ValueEntry],
               [value |-> [val |-> v2], term |-> 2, type |-> ValueEntry] >>,
        snapshotIndex |-> 0,
        snapshotTerm |-> 0 ] @@
  s3 :>
      [ offset |-> 3,
        entries |->
            << [ value |-> [newconf |-> {s1, s2, s3}, learners |-> {}],
                 term |-> 1,
                 type |-> ConfigEntry ] >>,
        snapshotIndex |-> 2,
        snapshotTerm |-> 1 ] )
/\ partitions = (s1 :> 0 @@ s2 :> 0 @@ s3 :> 0)
/\ votesGranted = (s1 :> {s1, s2} @@ s2 :> {} @@ s3 :> {})
/\ pendingConfChangeIndex = (s1 :> 4 @@ s2 :> 0 @@ s3 :> 0)

@!@!@ENDMSG 2217 @!@!@
@!@!@STARTMSG 2217:4 @!@!@
47: <MCDynamicConfigActions line 426, col 8 to line 436, col 29 of module MCetcdraft>
/\ progressState = ( s1 :> (s1 :> StateReplicate @@ s2 :> StateReplicate @@ s3 :> StateProbe) @@
  s2 :> (s1 :> StateProbe @@ s2 :> StateProbe @@ s3 :> StateProbe) @@
  s3 :> (s1 :> StateProbe @@ s2 :> StateProbe @@ s3 :> StateProbe) )
/\ msgSeqCounter = 23
/\ constraintCounters = [ timeout |-> 2,
  request |-> 2,
  restart |-> 1,
  drop |-> 2,
  duplicate |-> 0,
  heartbeat |-> 4,
  stepDown |-> 1,
  snapshot |-> 1,
  compact |-> 1,
  confChange |-> 1,
  reportUnreachable |-> 1,
  partition |-> 0 ]
/\ pendingMessages = <<>>
/\ appliedConfigIndex = (s1 :> 0 @@ s2 :> 3 @@ s3 :> 3)
/\ reconfigCount = 0
/\ votesResponded = (s1 :> {s1, s2, s3} @@ s2 :> {} @@ s3 :> {})
/\ msgAppFlowPaused = ( s1 :> (s1 :> FALSE @@ s2 :> FALSE @@ s3 :> FALSE) @@
  s2 :> (s1 :> FALSE @@ s2 :> FALSE @@ s3 :> FALSE) @@
  s3 :> (s1 :> FALSE @@ s2 :> FALSE @@ s3 :> FALSE) )
/\ state = (s1 :> Leader @@ s2 :> Follower @@ s3 :> Follower)
/\ pendingSnapshot = ( s1 :> (s1 :> 0 @@ s2 :> 0 @@ s3 :> 0) @@
  s2 :> (s1 :> 0 @@ s2 :> 0 @@ s3 :> 0) @@
  s3 :> (s1 :> 0 @@ s2 :> 0 @@ s3 :> 0) )
/\ config = ( s1 :> [learners |-> {}, jointConfig |-> <<{s3}, {}>>, autoLeave |-> FALSE] @@
  s2 :>
      [ learners |-> {},
        jointConfig |-> <<{s1, s2, s3}, {}>>,
        autoLeave |-> FALSE ] @@
  s3 :>
      [ learners |-> {},
        jointConfig |-> <<{s1, s2, s3}, {}>>,
        autoLeave |-> FALSE ] )
/\ matchIndex = ( s1 :> (s1 :> 7 @@ s2 :> 6 @@ s3 :> 0) @@
  s2 :> (s1 :> 0 @@ s2 :> 0 @@ s3 :> 0) @@
  s3 :> (s1 :> 0 @@ s2 :> 0 @@ s3 :> 0) )
/\ applied = (s1 :> 3 @@ s2 :> 0 @@ s3 :> 3)
/\ votedFor = (s1 :> s1 @@ s2 :> s1 @@ s3 :> s3)
/\ durableState = ( s1 :>
      [ currentTerm |-> 2,
        votedFor |-> s1,
        log |-> 8,
        entries |->
            << [ value |-> [newconf |-> {s1}, learners |-> {}],
                 term |-> 1,
                 type |-> ConfigEntry ],
               [ value |-> [newconf |-> {s1, s2}, learners |-> {}],
                 term |-> 1,
                 type |-> ConfigEntry ],
               [ value |-> [newconf |-> {s1, s2, s3}, learners |-> {}],
                 term |-> 1,
                 type |-> ConfigEntry ],
               [ value |->
                     [ newconf |-> {s3},
                       learners |-> {},
                       enterJoint |-> TRUE,
                       oldconf |-> {s1, s2, s3} ],
                 term |-> 2,
                 type |-> ConfigEntry ],
               [value |-> [val |-> v1], term |-> 2, type |-> ValueEntry],
               [value |-> [val |-> v2], term |-> 2, type |-> ValueEntry],
               [value |-> [val |-> 0], term |-> 2, type |-> ValueEntry],
               [value |-> [val |-> 0], term |-> 2, type |-> ValueEntry] >>,
        snapshotIndex |-> 0,
        snapshotTerm |-> 0,
        commitIndex |-> 6,
        config |->
            [ learners |-> {},
              jointConfig |-> <<{s1, s2, s3}, {}>>,
              autoLeave |-> FALSE ],
        snapshotHistory |-> <<>> ] @@
  s2 :>
      [ currentTerm |-> 2,
        votedFor |-> s1,
        log |-> 6,
        entries |->
            << [ value |-> [newconf |-> {s1}, learners |-> {}],
                 term |-> 1,
                 type |-> ConfigEntry ],
               [ value |-> [newconf |-> {s1, s2}, learners |-> {}],
                 term |-> 1,
                 type |-> ConfigEntry ],
               [ value |-> [newconf |-> {s1, s2, s3}, learners |-> {}],
                 term |-> 1,
                 type |-> ConfigEntry ],
               [ value |->
                     [ newconf |-> {s3},
                       learners |-> {},
                       enterJoint |-> TRUE,
                       oldconf |-> {s1, s2, s3} ],
                 term |-> 2,
                 type |-> ConfigEntry ],
               [value |-> [val |-> v1], term |-> 2, type |-> ValueEntry],
               [value |-> [val |-> v2], term |-> 2, type |-> ValueEntry] >>,
        snapshotIndex |-> 0,
        snapshotTerm |-> 0,
        commitIndex |-> 3,
        config |->
            [ learners |-> {},
              jointConfig |-> <<{s1, s2, s3}, {}>>,
              autoLeave |-> FALSE ],
        snapshotHistory |-> <<>> ] @@
  s3 :>
      [ currentTerm |-> 2,
        votedFor |-> s3,
        log |-> 3,
        entries |->
            << [ value |-> [newconf |-> {s1, s2, s3}, learners |-> {}],
                 term |-> 1,
                 type |-> ConfigEntry ] >>,
        snapshotIndex |-> 2,
        snapshotTerm |-> 1,
        commitIndex |-> 3,
        config |->
            [ learners |-> {},
              jointConfig |-> <<{s1, s2, s3}, {}>>,
              autoLeave |-> FALSE ],
        snapshotHistory |->
            << [ value |-> [newconf |-> {s1}, learners |-> {}],
                 term |-> 1,
                 type |-> ConfigEntry ],
               [ value |-> [newconf |-> {s1, s2}, learners |-> {}],
                 term |-> 1,
                 type |-> ConfigEntry ] >> ] )
/\ historyLog = ( s1 :>
      << [ value |-> [newconf |-> {s1}, learners |-> {}],
           term |-> 1,
           type |-> ConfigEntry ],
         [ value |-> [newconf |-> {s1, s2}, learners |-> {}],
           term |-> 1,
           type |-> ConfigEntry ],
         [ value |-> [newconf |-> {s1, s2, s3}, learners |-> {}],
           term |-> 1,
           type |-> ConfigEntry ],
         [ value |->
               [ newconf |-> {s3},
                 learners |-> {},
                 enterJoint |-> TRUE,
                 oldconf |-> {s1, s2, s3} ],
           term |-> 2,
           type |-> ConfigEntry ],
         [value |-> [val |-> v1], term |-> 2, type |-> ValueEntry],
         [value |-> [val |-> v2], term |-> 2, type |-> ValueEntry],
         [value |-> [val |-> 0], term |-> 2, type |-> ValueEntry],
         [value |-> [val |-> 0], term |-> 2, type |-> ValueEntry] >> @@
  s2 :>
      << [ value |-> [newconf |-> {s1}, learners |-> {}],
           term |-> 1,
           type |-> ConfigEntry ],
         [ value |-> [newconf |-> {s1, s2}, learners |-> {}],
           term |-> 1,
           type |-> ConfigEntry ],
         [ value |-> [newconf |-> {s1, s2, s3}, learners |-> {}],
           term |-> 1,
           type |-> ConfigEntry ],
         [ value |->
               [ newconf |-> {s3},
                 learners |-> {},
                 enterJoint |-> TRUE,
                 oldconf |-> {s1, s2, s3} ],
           term |-> 2,
           type |-> ConfigEntry ],
         [value |-> [val |-> v1], term |-> 2, type |-> ValueEntry],
         [value |-> [val |-> v2], term |-> 2, type |-> ValueEntry] >> @@
  s3 :>
      << [ value |-> [newconf |-> {s1}, learners |-> {}],
           term |-> 1,
           type |-> ConfigEntry ],
         [ value |-> [newconf |-> {s1, s2}, learners |-> {}],
           term |-> 1,
           type |-> ConfigEntry ],
         [ value |-> [newconf |-> {s1, s2, s3}, learners |-> {}],
           term |-> 1,
           type |-> ConfigEntry ] >> )
/\ nextIndex = ( s1 :> (s1 :> 8 @@ s2 :> 7 @@ s3 :> 4) @@
  s2 :> (s1 :> 1 @@ s2 :> 1 @@ s3 :> 1) @@
  s3 :> (s1 :> 1 @@ s2 :> 1 @@ s3 :> 1) )
/\ commitIndex = (s1 :> 6 @@ s2 :> 3 @@ s3 :> 3)
/\ inflights = ( s1 :> (s1 :> {} @@ s2 :> {} @@ s3 :> {}) @@
  s2 :> (s1 :> {} @@ s2 :> {} @@ s3 :> {}) @@
  s3 :> (s1 :> {} @@ s2 :> {} @@ s3 :> {}) )
/\ messages = ( [ mdest |-> s1,
    msource |-> s1,
    mterm |-> 2,
    mtype |-> AppendEntriesResponse,
    mseq |-> 20,
    msubtype |-> "app",
    msuccess |-> TRUE,
    mmatchIndex |-> 8,
    mrejectHint |-> 0,
    mlogTerm |-> 0 ] :>
      1 @@
  [ mdest |-> s1,
    msource |-> s2,
    mterm |-> 2,
    mtype |-> AppendEntriesResponse,
    mseq |-> 22,
    msubtype |-> "heartbeat",
    msuccess |-> TRUE,
    mmatchIndex |-> 0,
    mrejectHint |-> 0,
    mlogTerm |-> 0 ] :>
      1 @@
  [ mdest |-> s1,
    msource |-> s3,
    mterm |-> 2,
    mtype |-> AppendEntriesResponse,
    mseq |-> 12,
    msubtype |-> "heartbeat",
    msuccess |-> TRUE,
    mmatchIndex |-> 0,
    mrejectHint |-> 0,
    mlogTerm |-> 0 ] :>
      1 )
/\ currentTerm = (s1 :> 2 @@ s2 :> 2 @@ s3 :> 2)
/\ log = ( s1 :>
      [ offset |-> 1,
        entries |->
            << [ value |-> [newconf |-> {s1}, learners |-> {}],
                 term |-> 1,
                 type |-> ConfigEntry ],
               [ value |-> [newconf |-> {s1, s2}, learners |-> {}],
                 term |-> 1,
                 type |-> ConfigEntry ],
               [ value |-> [newconf |-> {s1, s2, s3}, learners |-> {}],
                 term |-> 1,
                 type |-> ConfigEntry ],
               [ value |->
                     [ newconf |-> {s3},
                       learners |-> {},
                       enterJoint |-> TRUE,
                       oldconf |-> {s1, s2, s3} ],
                 term |-> 2,
                 type |-> ConfigEntry ],
               [value |-> [val |-> v1], term |-> 2, type |-> ValueEntry],
               [value |-> [val |-> v2], term |-> 2, type |-> ValueEntry],
               [value |-> [val |-> 0], term |-> 2, type |-> ValueEntry],
               [value |-> [val |-> 0], term |-> 2, type |-> ValueEntry] >>,
        snapshotIndex |-> 0,
        snapshotTerm |-> 0 ] @@
  s2 :>
      [ offset |-> 1,
        entries |->
            << [ value |-> [newconf |-> {s1}, learners |-> {}],
                 term |-> 1,
                 type |-> ConfigEntry ],
               [ value |-> [newconf |-> {s1, s2}, learners |-> {}],
                 term |-> 1,
                 type |-> ConfigEntry ],
               [ value |-> [newconf |-> {s1, s2, s3}, learners |-> {}],
                 term |-> 1,
                 type |-> ConfigEntry ],
               [ value |->
                     [ newconf |-> {s3},
                       learners |-> {},
                       enterJoint |-> TRUE,
                       oldconf |-> {s1, s2, s3} ],
                 term |-> 2,
                 type |-> ConfigEntry ],
               [value |-> [val |-> v1], term |-> 2, type |-> ValueEntry],
               [value |-> [val |-> v2], term |-> 2, type |-> ValueEntry] >>,
        snapshotIndex |-> 0,
        snapshotTerm |-> 0 ] @@
  s3 :>
      [ offset |-> 3,
        entries |->
            << [ value |-> [newconf |-> {s1, s2, s3}, learners |-> {}],
                 term |-> 1,
                 type |-> ConfigEntry ] >>,
        snapshotIndex |-> 2,
        snapshotTerm |-> 1 ] )
/\ partitions = (s1 :> 0 @@ s2 :> 0 @@ s3 :> 0)
/\ votesGranted = (s1 :> {s1, s2} @@ s2 :> {} @@ s3 :> {})
/\ pendingConfChangeIndex = (s1 :> 4 @@ s2 :> 0 @@ s3 :> 0)

@!@!@ENDMSG 2217 @!@!@
@!@!@STARTMSG 2217:4 @!@!@
48: <MCNextAsyncWithReady(s1) line 362, col 5 to line 362, col 35 of module MCetcdraft>
/\ progressState = ( s1 :> (s1 :> StateReplicate @@ s2 :> StateReplicate @@ s3 :> StateProbe) @@
  s2 :> (s1 :> StateProbe @@ s2 :> StateProbe @@ s3 :> StateProbe) @@
  s3 :> (s1 :> StateProbe @@ s2 :> StateProbe @@ s3 :> StateProbe) )
/\ msgSeqCounter = 23
/\ constraintCounters = [ timeout |-> 2,
  request |-> 3,
  restart |-> 1,
  drop |-> 2,
  duplicate |-> 0,
  heartbeat |-> 4,
  stepDown |-> 1,
  snapshot |-> 1,
  compact |-> 1,
  confChange |-> 1,
  reportUnreachable |-> 1,
  partition |-> 0 ]
/\ pendingMessages = <<>>
/\ appliedConfigIndex = (s1 :> 0 @@ s2 :> 3 @@ s3 :> 3)
/\ reconfigCount = 0
/\ votesResponded = (s1 :> {s1, s2, s3} @@ s2 :> {} @@ s3 :> {})
/\ msgAppFlowPaused = ( s1 :> (s1 :> FALSE @@ s2 :> FALSE @@ s3 :> FALSE) @@
  s2 :> (s1 :> FALSE @@ s2 :> FALSE @@ s3 :> FALSE) @@
  s3 :> (s1 :> FALSE @@ s2 :> FALSE @@ s3 :> FALSE) )
/\ state = (s1 :> Leader @@ s2 :> Follower @@ s3 :> Follower)
/\ pendingSnapshot = ( s1 :> (s1 :> 0 @@ s2 :> 0 @@ s3 :> 0) @@
  s2 :> (s1 :> 0 @@ s2 :> 0 @@ s3 :> 0) @@
  s3 :> (s1 :> 0 @@ s2 :> 0 @@ s3 :> 0) )
/\ config = ( s1 :> [learners |-> {}, jointConfig |-> <<{s3}, {}>>, autoLeave |-> FALSE] @@
  s2 :>
      [ learners |-> {},
        jointConfig |-> <<{s1, s2, s3}, {}>>,
        autoLeave |-> FALSE ] @@
  s3 :>
      [ learners |-> {},
        jointConfig |-> <<{s1, s2, s3}, {}>>,
        autoLeave |-> FALSE ] )
/\ matchIndex = ( s1 :> (s1 :> 7 @@ s2 :> 6 @@ s3 :> 0) @@
  s2 :> (s1 :> 0 @@ s2 :> 0 @@ s3 :> 0) @@
  s3 :> (s1 :> 0 @@ s2 :> 0 @@ s3 :> 0) )
/\ applied = (s1 :> 3 @@ s2 :> 0 @@ s3 :> 3)
/\ votedFor = (s1 :> s1 @@ s2 :> s1 @@ s3 :> s3)
/\ durableState = ( s1 :>
      [ currentTerm |-> 2,
        votedFor |-> s1,
        log |-> 9,
        entries |->
            << [ value |-> [newconf |-> {s1}, learners |-> {}],
                 term |-> 1,
                 type |-> ConfigEntry ],
               [ value |-> [newconf |-> {s1, s2}, learners |-> {}],
                 term |-> 1,
                 type |-> ConfigEntry ],
               [ value |-> [newconf |-> {s1, s2, s3}, learners |-> {}],
                 term |-> 1,
                 type |-> ConfigEntry ],
               [ value |->
                     [ newconf |-> {s3},
                       learners |-> {},
                       enterJoint |-> TRUE,
                       oldconf |-> {s1, s2, s3} ],
                 term |-> 2,
                 type |-> ConfigEntry ],
               [value |-> [val |-> v1], term |-> 2, type |-> ValueEntry],
               [value |-> [val |-> v2], term |-> 2, type |-> ValueEntry],
               [value |-> [val |-> 0], term |-> 2, type |-> ValueEntry],
               [value |-> [val |-> 0], term |-> 2, type |-> ValueEntry],
               [value |-> [val |-> v2], term |-> 2, type |-> ValueEntry] >>,
        snapshotIndex |-> 0,
        snapshotTerm |-> 0,
        commitIndex |-> 6,
        config |->
            [ learners |-> {},
              jointConfig |-> <<{s3}, {}>>,
              autoLeave |-> FALSE ],
        snapshotHistory |-> <<>> ] @@
  s2 :>
      [ currentTerm |-> 2,
        votedFor |-> s1,
        log |-> 6,
        entries |->
            << [ value |-> [newconf |-> {s1}, learners |-> {}],
                 term |-> 1,
                 type |-> ConfigEntry ],
               [ value |-> [newconf |-> {s1, s2}, learners |-> {}],
                 term |-> 1,
                 type |-> ConfigEntry ],
               [ value |-> [newconf |-> {s1, s2, s3}, learners |-> {}],
                 term |-> 1,
                 type |-> ConfigEntry ],
               [ value |->
                     [ newconf |-> {s3},
                       learners |-> {},
                       enterJoint |-> TRUE,
                       oldconf |-> {s1, s2, s3} ],
                 term |-> 2,
                 type |-> ConfigEntry ],
               [value |-> [val |-> v1], term |-> 2, type |-> ValueEntry],
               [value |-> [val |-> v2], term |-> 2, type |-> ValueEntry] >>,
        snapshotIndex |-> 0,
        snapshotTerm |-> 0,
        commitIndex |-> 3,
        config |->
            [ learners |-> {},
              jointConfig |-> <<{s1, s2, s3}, {}>>,
              autoLeave |-> FALSE ],
        snapshotHistory |-> <<>> ] @@
  s3 :>
      [ currentTerm |-> 2,
        votedFor |-> s3,
        log |-> 3,
        entries |->
            << [ value |-> [newconf |-> {s1, s2, s3}, learners |-> {}],
                 term |-> 1,
                 type |-> ConfigEntry ] >>,
        snapshotIndex |-> 2,
        snapshotTerm |-> 1,
        commitIndex |-> 3,
        config |->
            [ learners |-> {},
              jointConfig |-> <<{s1, s2, s3}, {}>>,
              autoLeave |-> FALSE ],
        snapshotHistory |->
            << [ value |-> [newconf |-> {s1}, learners |-> {}],
                 term |-> 1,
                 type |-> ConfigEntry ],
               [ value |-> [newconf |-> {s1, s2}, learners |-> {}],
                 term |-> 1,
                 type |-> ConfigEntry ] >> ] )
/\ historyLog = ( s1 :>
      << [ value |-> [newconf |-> {s1}, learners |-> {}],
           term |-> 1,
           type |-> ConfigEntry ],
         [ value |-> [newconf |-> {s1, s2}, learners |-> {}],
           term |-> 1,
           type |-> ConfigEntry ],
         [ value |-> [newconf |-> {s1, s2, s3}, learners |-> {}],
           term |-> 1,
           type |-> ConfigEntry ],
         [ value |->
               [ newconf |-> {s3},
                 learners |-> {},
                 enterJoint |-> TRUE,
                 oldconf |-> {s1, s2, s3} ],
           term |-> 2,
           type |-> ConfigEntry ],
         [value |-> [val |-> v1], term |-> 2, type |-> ValueEntry],
         [value |-> [val |-> v2], term |-> 2, type |-> ValueEntry],
         [value |-> [val |-> 0], term |-> 2, type |-> ValueEntry],
         [value |-> [val |-> 0], term |-> 2, type |-> ValueEntry],
         [value |-> [val |-> v2], term |-> 2, type |-> ValueEntry] >> @@
  s2 :>
      << [ value |-> [newconf |-> {s1}, learners |-> {}],
           term |-> 1,
           type |-> ConfigEntry ],
         [ value |-> [newconf |-> {s1, s2}, learners |-> {}],
           term |-> 1,
           type |-> ConfigEntry ],
         [ value |-> [newconf |-> {s1, s2, s3}, learners |-> {}],
           term |-> 1,
           type |-> ConfigEntry ],
         [ value |->
               [ newconf |-> {s3},
                 learners |-> {},
                 enterJoint |-> TRUE,
                 oldconf |-> {s1, s2, s3} ],
           term |-> 2,
           type |-> ConfigEntry ],
         [value |-> [val |-> v1], term |-> 2, type |-> ValueEntry],
         [value |-> [val |-> v2], term |-> 2, type |-> ValueEntry] >> @@
  s3 :>
      << [ value |-> [newconf |-> {s1}, learners |-> {}],
           term |-> 1,
           type |-> ConfigEntry ],
         [ value |-> [newconf |-> {s1, s2}, learners |-> {}],
           term |-> 1,
           type |-> ConfigEntry ],
         [ value |-> [newconf |-> {s1, s2, s3}, learners |-> {}],
           term |-> 1,
           type |-> ConfigEntry ] >> )
/\ nextIndex = ( s1 :> (s1 :> 8 @@ s2 :> 7 @@ s3 :> 4) @@
  s2 :> (s1 :> 1 @@ s2 :> 1 @@ s3 :> 1) @@
  s3 :> (s1 :> 1 @@ s2 :> 1 @@ s3 :> 1) )
/\ commitIndex = (s1 :> 6 @@ s2 :> 3 @@ s3 :> 3)
/\ inflights = ( s1 :> (s1 :> {} @@ s2 :> {} @@ s3 :> {}) @@
  s2 :> (s1 :> {} @@ s2 :> {} @@ s3 :> {}) @@
  s3 :> (s1 :> {} @@ s2 :> {} @@ s3 :> {}) )
/\ messages = ( [ mdest |-> s1,
    msource |-> s1,
    mterm |-> 2,
    mtype |-> AppendEntriesResponse,
    mseq |-> 20,
    msubtype |-> "app",
    msuccess |-> TRUE,
    mmatchIndex |-> 8,
    mrejectHint |-> 0,
    mlogTerm |-> 0 ] :>
      1 @@
  [ mdest |-> s1,
    msource |-> s2,
    mterm |-> 2,
    mtype |-> AppendEntriesResponse,
    mseq |-> 22,
    msubtype |-> "heartbeat",
    msuccess |-> TRUE,
    mmatchIndex |-> 0,
    mrejectHint |-> 0,
    mlogTerm |-> 0 ] :>
      1 @@
  [ mdest |-> s1,
    msource |-> s3,
    mterm |-> 2,
    mtype |-> AppendEntriesResponse,
    mseq |-> 12,
    msubtype |-> "heartbeat",
    msuccess |-> TRUE,
    mmatchIndex |-> 0,
    mrejectHint |-> 0,
    mlogTerm |-> 0 ] :>
      1 )
/\ currentTerm = (s1 :> 2 @@ s2 :> 2 @@ s3 :> 2)
/\ log = ( s1 :>
      [ offset |-> 1,
        entries |->
            << [ value |-> [newconf |-> {s1}, learners |-> {}],
                 term |-> 1,
                 type |-> ConfigEntry ],
               [ value |-> [newconf |-> {s1, s2}, learners |-> {}],
                 term |-> 1,
                 type |-> ConfigEntry ],
               [ value |-> [newconf |-> {s1, s2, s3}, learners |-> {}],
                 term |-> 1,
                 type |-> ConfigEntry ],
               [ value |->
                     [ newconf |-> {s3},
                       learners |-> {},
                       enterJoint |-> TRUE,
                       oldconf |-> {s1, s2, s3} ],
                 term |-> 2,
                 type |-> ConfigEntry ],
               [value |-> [val |-> v1], term |-> 2, type |-> ValueEntry],
               [value |-> [val |-> v2], term |-> 2, type |-> ValueEntry],
               [value |-> [val |-> 0], term |-> 2, type |-> ValueEntry],
               [value |-> [val |-> 0], term |-> 2, type |-> ValueEntry],
               [value |-> [val |-> v2], term |-> 2, type |-> ValueEntry] >>,
        snapshotIndex |-> 0,
        snapshotTerm |-> 0 ] @@
  s2 :>
      [ offset |-> 1,
        entries |->
            << [ value |-> [newconf |-> {s1}, learners |-> {}],
                 term |-> 1,
                 type |-> ConfigEntry ],
               [ value |-> [newconf |-> {s1, s2}, learners |-> {}],
                 term |-> 1,
                 type |-> ConfigEntry ],
               [ value |-> [newconf |-> {s1, s2, s3}, learners |-> {}],
                 term |-> 1,
                 type |-> ConfigEntry ],
               [ value |->
                     [ newconf |-> {s3},
                       learners |-> {},
                       enterJoint |-> TRUE,
                       oldconf |-> {s1, s2, s3} ],
                 term |-> 2,
                 type |-> ConfigEntry ],
               [value |-> [val |-> v1], term |-> 2, type |-> ValueEntry],
               [value |-> [val |-> v2], term |-> 2, type |-> ValueEntry] >>,
        snapshotIndex |-> 0,
        snapshotTerm |-> 0 ] @@
  s3 :>
      [ offset |-> 3,
        entries |->
            << [ value |-> [newconf |-> {s1, s2, s3}, learners |-> {}],
                 term |-> 1,
                 type |-> ConfigEntry ] >>,
        snapshotIndex |-> 2,
        snapshotTerm |-> 1 ] )
/\ partitions = (s1 :> 0 @@ s2 :> 0 @@ s3 :> 0)
/\ votesGranted = (s1 :> {s1, s2} @@ s2 :> {} @@ s3 :> {})
/\ pendingConfChangeIndex = (s1 :> 4 @@ s2 :> 0 @@ s3 :> 0)

@!@!@ENDMSG 2217 @!@!@
@!@!@STARTMSG 2217:4 @!@!@
49: <MCDynamicConfigActions line 417, col 8 to line 418, col 29 of module MCetcdraft>
/\ progressState = ( s1 :> (s1 :> StateReplicate @@ s2 :> StateReplicate @@ s3 :> StateProbe) @@
  s2 :> (s1 :> StateProbe @@ s2 :> StateProbe @@ s3 :> StateProbe) @@
  s3 :> (s1 :> StateProbe @@ s2 :> StateProbe @@ s3 :> StateProbe) )
/\ msgSeqCounter = 23
/\ constraintCounters = [ timeout |-> 2,
  request |-> 3,
  restart |-> 1,
  drop |-> 2,
  duplicate |-> 0,
  heartbeat |-> 4,
  stepDown |-> 1,
  snapshot |-> 1,
  compact |-> 1,
  confChange |-> 1,
  reportUnreachable |-> 1,
  partition |-> 0 ]
/\ pendingMessages = <<>>
/\ appliedConfigIndex = (s1 :> 1 @@ s2 :> 3 @@ s3 :> 3)
/\ reconfigCount = 1
/\ votesResponded = (s1 :> {s1, s2, s3} @@ s2 :> {} @@ s3 :> {})
/\ msgAppFlowPaused = ( s1 :> (s1 :> FALSE @@ s2 :> FALSE @@ s3 :> FALSE) @@
  s2 :> (s1 :> FALSE @@ s2 :> FALSE @@ s3 :> FALSE) @@
  s3 :> (s1 :> FALSE @@ s2 :> FALSE @@ s3 :> FALSE) )
/\ state = (s1 :> Leader @@ s2 :> Follower @@ s3 :> Follower)
/\ pendingSnapshot = ( s1 :> (s1 :> 0 @@ s2 :> 0 @@ s3 :> 0) @@
  s2 :> (s1 :> 0 @@ s2 :> 0 @@ s3 :> 0) @@
  s3 :> (s1 :> 0 @@ s2 :> 0 @@ s3 :> 0) )
/\ config = ( s1 :> [jointConfig |-> <<{s1}, {}>>, learners |-> {}, autoLeave |-> FALSE] @@
  s2 :>
      [ learners |-> {},
        jointConfig |-> <<{s1, s2, s3}, {}>>,
        autoLeave |-> FALSE ] @@
  s3 :>
      [ learners |-> {},
        jointConfig |-> <<{s1, s2, s3}, {}>>,
        autoLeave |-> FALSE ] )
/\ matchIndex = ( s1 :> (s1 :> 7 @@ s2 :> 6 @@ s3 :> 0) @@
  s2 :> (s1 :> 0 @@ s2 :> 0 @@ s3 :> 0) @@
  s3 :> (s1 :> 0 @@ s2 :> 0 @@ s3 :> 0) )
/\ applied = (s1 :> 3 @@ s2 :> 0 @@ s3 :> 3)
/\ votedFor = (s1 :> s1 @@ s2 :> s1 @@ s3 :> s3)
/\ durableState = ( s1 :>
      [ currentTerm |-> 2,
        votedFor |-> s1,
        log |-> 9,
        entries |->
            << [ value |-> [newconf |-> {s1}, learners |-> {}],
                 term |-> 1,
                 type |-> ConfigEntry ],
               [ value |-> [newconf |-> {s1, s2}, learners |-> {}],
                 term |-> 1,
                 type |-> ConfigEntry ],
               [ value |-> [newconf |-> {s1, s2, s3}, learners |-> {}],
                 term |-> 1,
                 type |-> ConfigEntry ],
               [ value |->
                     [ newconf |-> {s3},
                       learners |-> {},
                       enterJoint |-> TRUE,
                       oldconf |-> {s1, s2, s3} ],
                 term |-> 2,
                 type |-> ConfigEntry ],
               [value |-> [val |-> v1], term |-> 2, type |-> ValueEntry],
               [value |-> [val |-> v2], term |-> 2, type |-> ValueEntry],
               [value |-> [val |-> 0], term |-> 2, type |-> ValueEntry],
               [value |-> [val |-> 0], term |-> 2, type |-> ValueEntry],
               [value |-> [val |-> v2], term |-> 2, type |-> ValueEntry] >>,
        snapshotIndex |-> 0,
        snapshotTerm |-> 0,
        commitIndex |-> 6,
        config |->
            [ learners |-> {},
              jointConfig |-> <<{s3}, {}>>,
              autoLeave |-> FALSE ],
        snapshotHistory |-> <<>> ] @@
  s2 :>
      [ currentTerm |-> 2,
        votedFor |-> s1,
        log |-> 6,
        entries |->
            << [ value |-> [newconf |-> {s1}, learners |-> {}],
                 term |-> 1,
                 type |-> ConfigEntry ],
               [ value |-> [newconf |-> {s1, s2}, learners |-> {}],
                 term |-> 1,
                 type |-> ConfigEntry ],
               [ value |-> [newconf |-> {s1, s2, s3}, learners |-> {}],
                 term |-> 1,
                 type |-> ConfigEntry ],
               [ value |->
                     [ newconf |-> {s3},
                       learners |-> {},
                       enterJoint |-> TRUE,
                       oldconf |-> {s1, s2, s3} ],
                 term |-> 2,
                 type |-> ConfigEntry ],
               [value |-> [val |-> v1], term |-> 2, type |-> ValueEntry],
               [value |-> [val |-> v2], term |-> 2, type |-> ValueEntry] >>,
        snapshotIndex |-> 0,
        snapshotTerm |-> 0,
        commitIndex |-> 3,
        config |->
            [ learners |-> {},
              jointConfig |-> <<{s1, s2, s3}, {}>>,
              autoLeave |-> FALSE ],
        snapshotHistory |-> <<>> ] @@
  s3 :>
      [ currentTerm |-> 2,
        votedFor |-> s3,
        log |-> 3,
        entries |->
            << [ value |-> [newconf |-> {s1, s2, s3}, learners |-> {}],
                 term |-> 1,
                 type |-> ConfigEntry ] >>,
        snapshotIndex |-> 2,
        snapshotTerm |-> 1,
        commitIndex |-> 3,
        config |->
            [ learners |-> {},
              jointConfig |-> <<{s1, s2, s3}, {}>>,
              autoLeave |-> FALSE ],
        snapshotHistory |->
            << [ value |-> [newconf |-> {s1}, learners |-> {}],
                 term |-> 1,
                 type |-> ConfigEntry ],
               [ value |-> [newconf |-> {s1, s2}, learners |-> {}],
                 term |-> 1,
                 type |-> ConfigEntry ] >> ] )
/\ historyLog = ( s1 :>
      << [ value |-> [newconf |-> {s1}, learners |-> {}],
           term |-> 1,
           type |-> ConfigEntry ],
         [ value |-> [newconf |-> {s1, s2}, learners |-> {}],
           term |-> 1,
           type |-> ConfigEntry ],
         [ value |-> [newconf |-> {s1, s2, s3}, learners |-> {}],
           term |-> 1,
           type |-> ConfigEntry ],
         [ value |->
               [ newconf |-> {s3},
                 learners |-> {},
                 enterJoint |-> TRUE,
                 oldconf |-> {s1, s2, s3} ],
           term |-> 2,
           type |-> ConfigEntry ],
         [value |-> [val |-> v1], term |-> 2, type |-> ValueEntry],
         [value |-> [val |-> v2], term |-> 2, type |-> ValueEntry],
         [value |-> [val |-> 0], term |-> 2, type |-> ValueEntry],
         [value |-> [val |-> 0], term |-> 2, type |-> ValueEntry],
         [value |-> [val |-> v2], term |-> 2, type |-> ValueEntry] >> @@
  s2 :>
      << [ value |-> [newconf |-> {s1}, learners |-> {}],
           term |-> 1,
           type |-> ConfigEntry ],
         [ value |-> [newconf |-> {s1, s2}, learners |-> {}],
           term |-> 1,
           type |-> ConfigEntry ],
         [ value |-> [newconf |-> {s1, s2, s3}, learners |-> {}],
           term |-> 1,
           type |-> ConfigEntry ],
         [ value |->
               [ newconf |-> {s3},
                 learners |-> {},
                 enterJoint |-> TRUE,
                 oldconf |-> {s1, s2, s3} ],
           term |-> 2,
           type |-> ConfigEntry ],
         [value |-> [val |-> v1], term |-> 2, type |-> ValueEntry],
         [value |-> [val |-> v2], term |-> 2, type |-> ValueEntry] >> @@
  s3 :>
      << [ value |-> [newconf |-> {s1}, learners |-> {}],
           term |-> 1,
           type |-> ConfigEntry ],
         [ value |-> [newconf |-> {s1, s2}, learners |-> {}],
           term |-> 1,
           type |-> ConfigEntry ],
         [ value |-> [newconf |-> {s1, s2, s3}, learners |-> {}],
           term |-> 1,
           type |-> ConfigEntry ] >> )
/\ nextIndex = ( s1 :> (s1 :> 9 @@ s2 :> 7 @@ s3 :> 4) @@
  s2 :> (s1 :> 1 @@ s2 :> 1 @@ s3 :> 1) @@
  s3 :> (s1 :> 1 @@ s2 :> 1 @@ s3 :> 1) )
/\ commitIndex = (s1 :> 6 @@ s2 :> 3 @@ s3 :> 3)
/\ inflights = ( s1 :> (s1 :> {} @@ s2 :> {} @@ s3 :> {}) @@
  s2 :> (s1 :> {} @@ s2 :> {} @@ s3 :> {}) @@
  s3 :> (s1 :> {} @@ s2 :> {} @@ s3 :> {}) )
/\ messages = ( [ mdest |-> s1,
    msource |-> s1,
    mterm |-> 2,
    mtype |-> AppendEntriesResponse,
    mseq |-> 20,
    msubtype |-> "app",
    msuccess |-> TRUE,
    mmatchIndex |-> 8,
    mrejectHint |-> 0,
    mlogTerm |-> 0 ] :>
      1 @@
  [ mdest |-> s1,
    msource |-> s2,
    mterm |-> 2,
    mtype |-> AppendEntriesResponse,
    mseq |-> 22,
    msubtype |-> "heartbeat",
    msuccess |-> TRUE,
    mmatchIndex |-> 0,
    mrejectHint |-> 0,
    mlogTerm |-> 0 ] :>
      1 @@
  [ mdest |-> s1,
    msource |-> s3,
    mterm |-> 2,
    mtype |-> AppendEntriesResponse,
    mseq |-> 12,
    msubtype |-> "heartbeat",
    msuccess |-> TRUE,
    mmatchIndex |-> 0,
    mrejectHint |-> 0,
    mlogTerm |-> 0 ] :>
      1 )
/\ currentTerm = (s1 :> 2 @@ s2 :> 2 @@ s3 :> 2)
/\ log = ( s1 :>
      [ offset |-> 1,
        entries |->
            << [ value |-> [newconf |-> {s1}, learners |-> {}],
                 term |-> 1,
                 type |-> ConfigEntry ],
               [ value |-> [newconf |-> {s1, s2}, learners |-> {}],
                 term |-> 1,
                 type |-> ConfigEntry ],
               [ value |-> [newconf |-> {s1, s2, s3}, learners |-> {}],
                 term |-> 1,
                 type |-> ConfigEntry ],
               [ value |->
                     [ newconf |-> {s3},
                       learners |-> {},
                       enterJoint |-> TRUE,
                       oldconf |-> {s1, s2, s3} ],
                 term |-> 2,
                 type |-> ConfigEntry ],
               [value |-> [val |-> v1], term |-> 2, type |-> ValueEntry],
               [value |-> [val |-> v2], term |-> 2, type |-> ValueEntry],
               [value |-> [val |-> 0], term |-> 2, type |-> ValueEntry],
               [value |-> [val |-> 0], term |-> 2, type |-> ValueEntry],
               [value |-> [val |-> v2], term |-> 2, type |-> ValueEntry] >>,
        snapshotIndex |-> 0,
        snapshotTerm |-> 0 ] @@
  s2 :>
      [ offset |-> 1,
        entries |->
            << [ value |-> [newconf |-> {s1}, learners |-> {}],
                 term |-> 1,
                 type |-> ConfigEntry ],
               [ value |-> [newconf |-> {s1, s2}, learners |-> {}],
                 term |-> 1,
                 type |-> ConfigEntry ],
               [ value |-> [newconf |-> {s1, s2, s3}, learners |-> {}],
                 term |-> 1,
                 type |-> ConfigEntry ],
               [ value |->
                     [ newconf |-> {s3},
                       learners |-> {},
                       enterJoint |-> TRUE,
                       oldconf |-> {s1, s2, s3} ],
                 term |-> 2,
                 type |-> ConfigEntry ],
               [value |-> [val |-> v1], term |-> 2, type |-> ValueEntry],
               [value |-> [val |-> v2], term |-> 2, type |-> ValueEntry] >>,
        snapshotIndex |-> 0,
        snapshotTerm |-> 0 ] @@
  s3 :>
      [ offset |-> 3,
        entries |->
            << [ value |-> [newconf |-> {s1, s2, s3}, learners |-> {}],
                 term |-> 1,
                 type |-> ConfigEntry ] >>,
        snapshotIndex |-> 2,
        snapshotTerm |-> 1 ] )
/\ partitions = (s1 :> 0 @@ s2 :> 0 @@ s3 :> 0)
/\ votesGranted = (s1 :> {s1, s2} @@ s2 :> {} @@ s3 :> {})
/\ pendingConfChangeIndex = (s1 :> 0 @@ s2 :> 0 @@ s3 :> 0)

@!@!@ENDMSG 2217 @!@!@
@!@!@STARTMSG 2217:4 @!@!@
50: <MCDynamicConfigActions line 417, col 8 to line 418, col 29 of module MCetcdraft>
/\ progressState = ( s1 :> (s1 :> StateReplicate @@ s2 :> StateProbe @@ s3 :> StateProbe) @@
  s2 :> (s1 :> StateProbe @@ s2 :> StateProbe @@ s3 :> StateProbe) @@
  s3 :> (s1 :> StateProbe @@ s2 :> StateProbe @@ s3 :> StateProbe) )
/\ msgSeqCounter = 23
/\ constraintCounters = [ timeout |-> 2,
  request |-> 3,
  restart |-> 1,
  drop |-> 2,
  duplicate |-> 0,
  heartbeat |-> 4,
  stepDown |-> 1,
  snapshot |-> 1,
  compact |-> 1,
  confChange |-> 1,
  reportUnreachable |-> 1,
  partition |-> 0 ]
/\ pendingMessages = <<>>
/\ appliedConfigIndex = (s1 :> 2 @@ s2 :> 3 @@ s3 :> 3)
/\ reconfigCount = 1
/\ votesResponded = (s1 :> {s1, s2, s3} @@ s2 :> {} @@ s3 :> {})
/\ msgAppFlowPaused = ( s1 :> (s1 :> FALSE @@ s2 :> FALSE @@ s3 :> FALSE) @@
  s2 :> (s1 :> FALSE @@ s2 :> FALSE @@ s3 :> FALSE) @@
  s3 :> (s1 :> FALSE @@ s2 :> FALSE @@ s3 :> FALSE) )
/\ state = (s1 :> Leader @@ s2 :> Follower @@ s3 :> Follower)
/\ pendingSnapshot = ( s1 :> (s1 :> 0 @@ s2 :> 0 @@ s3 :> 0) @@
  s2 :> (s1 :> 0 @@ s2 :> 0 @@ s3 :> 0) @@
  s3 :> (s1 :> 0 @@ s2 :> 0 @@ s3 :> 0) )
/\ config = ( s1 :>
      [ learners |-> {},
        jointConfig |-> <<{s1, s2}, {}>>,
        autoLeave |-> FALSE ] @@
  s2 :>
      [ learners |-> {},
        jointConfig |-> <<{s1, s2, s3}, {}>>,
        autoLeave |-> FALSE ] @@
  s3 :>
      [ learners |-> {},
        jointConfig |-> <<{s1, s2, s3}, {}>>,
        autoLeave |-> FALSE ] )
/\ matchIndex = ( s1 :> (s1 :> 7 @@ s2 :> 0 @@ s3 :> 0) @@
  s2 :> (s1 :> 0 @@ s2 :> 0 @@ s3 :> 0) @@
  s3 :> (s1 :> 0 @@ s2 :> 0 @@ s3 :> 0) )
/\ applied = (s1 :> 3 @@ s2 :> 0 @@ s3 :> 3)
/\ votedFor = (s1 :> s1 @@ s2 :> s1 @@ s3 :> s3)
/\ durableState = ( s1 :>
      [ currentTerm |-> 2,
        votedFor |-> s1,
        log |-> 9,
        entries |->
            << [ value |-> [newconf |-> {s1}, learners |-> {}],
                 term |-> 1,
                 type |-> ConfigEntry ],
               [ value |-> [newconf |-> {s1, s2}, learners |-> {}],
                 term |-> 1,
                 type |-> ConfigEntry ],
               [ value |-> [newconf |-> {s1, s2, s3}, learners |-> {}],
                 term |-> 1,
                 type |-> ConfigEntry ],
               [ value |->
                     [ newconf |-> {s3},
                       learners |-> {},
                       enterJoint |-> TRUE,
                       oldconf |-> {s1, s2, s3} ],
                 term |-> 2,
                 type |-> ConfigEntry ],
               [value |-> [val |-> v1], term |-> 2, type |-> ValueEntry],
               [value |-> [val |-> v2], term |-> 2, type |-> ValueEntry],
               [value |-> [val |-> 0], term |-> 2, type |-> ValueEntry],
               [value |-> [val |-> 0], term |-> 2, type |-> ValueEntry],
               [value |-> [val |-> v2], term |-> 2, type |-> ValueEntry] >>,
        snapshotIndex |-> 0,
        snapshotTerm |-> 0,
        commitIndex |-> 6,
        config |->
            [ learners |-> {},
              jointConfig |-> <<{s3}, {}>>,
              autoLeave |-> FALSE ],
        snapshotHistory |-> <<>> ] @@
  s2 :>
      [ currentTerm |-> 2,
        votedFor |-> s1,
        log |-> 6,
        entries |->
            << [ value |-> [newconf |-> {s1}, learners |-> {}],
                 term |-> 1,
                 type |-> ConfigEntry ],
               [ value |-> [newconf |-> {s1, s2}, learners |-> {}],
                 term |-> 1,
                 type |-> ConfigEntry ],
               [ value |-> [newconf |-> {s1, s2, s3}, learners |-> {}],
                 term |-> 1,
                 type |-> ConfigEntry ],
               [ value |->
                     [ newconf |-> {s3},
                       learners |-> {},
                       enterJoint |-> TRUE,
                       oldconf |-> {s1, s2, s3} ],
                 term |-> 2,
                 type |-> ConfigEntry ],
               [value |-> [val |-> v1], term |-> 2, type |-> ValueEntry],
               [value |-> [val |-> v2], term |-> 2, type |-> ValueEntry] >>,
        snapshotIndex |-> 0,
        snapshotTerm |-> 0,
        commitIndex |-> 3,
        config |->
            [ learners |-> {},
              jointConfig |-> <<{s1, s2, s3}, {}>>,
              autoLeave |-> FALSE ],
        snapshotHistory |-> <<>> ] @@
  s3 :>
      [ currentTerm |-> 2,
        votedFor |-> s3,
        log |-> 3,
        entries |->
            << [ value |-> [newconf |-> {s1, s2, s3}, learners |-> {}],
                 term |-> 1,
                 type |-> ConfigEntry ] >>,
        snapshotIndex |-> 2,
        snapshotTerm |-> 1,
        commitIndex |-> 3,
        config |->
            [ learners |-> {},
              jointConfig |-> <<{s1, s2, s3}, {}>>,
              autoLeave |-> FALSE ],
        snapshotHistory |->
            << [ value |-> [newconf |-> {s1}, learners |-> {}],
                 term |-> 1,
                 type |-> ConfigEntry ],
               [ value |-> [newconf |-> {s1, s2}, learners |-> {}],
                 term |-> 1,
                 type |-> ConfigEntry ] >> ] )
/\ historyLog = ( s1 :>
      << [ value |-> [newconf |-> {s1}, learners |-> {}],
           term |-> 1,
           type |-> ConfigEntry ],
         [ value |-> [newconf |-> {s1, s2}, learners |-> {}],
           term |-> 1,
           type |-> ConfigEntry ],
         [ value |-> [newconf |-> {s1, s2, s3}, learners |-> {}],
           term |-> 1,
           type |-> ConfigEntry ],
         [ value |->
               [ newconf |-> {s3},
                 learners |-> {},
                 enterJoint |-> TRUE,
                 oldconf |-> {s1, s2, s3} ],
           term |-> 2,
           type |-> ConfigEntry ],
         [value |-> [val |-> v1], term |-> 2, type |-> ValueEntry],
         [value |-> [val |-> v2], term |-> 2, type |-> ValueEntry],
         [value |-> [val |-> 0], term |-> 2, type |-> ValueEntry],
         [value |-> [val |-> 0], term |-> 2, type |-> ValueEntry],
         [value |-> [val |-> v2], term |-> 2, type |-> ValueEntry] >> @@
  s2 :>
      << [ value |-> [newconf |-> {s1}, learners |-> {}],
           term |-> 1,
           type |-> ConfigEntry ],
         [ value |-> [newconf |-> {s1, s2}, learners |-> {}],
           term |-> 1,
           type |-> ConfigEntry ],
         [ value |-> [newconf |-> {s1, s2, s3}, learners |-> {}],
           term |-> 1,
           type |-> ConfigEntry ],
         [ value |->
               [ newconf |-> {s3},
                 learners |-> {},
                 enterJoint |-> TRUE,
                 oldconf |-> {s1, s2, s3} ],
           term |-> 2,
           type |-> ConfigEntry ],
         [value |-> [val |-> v1], term |-> 2, type |-> ValueEntry],
         [value |-> [val |-> v2], term |-> 2, type |-> ValueEntry] >> @@
  s3 :>
      << [ value |-> [newconf |-> {s1}, learners |-> {}],
           term |-> 1,
           type |-> ConfigEntry ],
         [ value |-> [newconf |-> {s1, s2}, learners |-> {}],
           term |-> 1,
           type |-> ConfigEntry ],
         [ value |-> [newconf |-> {s1, s2, s3}, learners |-> {}],
           term |-> 1,
           type |-> ConfigEntry ] >> )
/\ nextIndex = ( s1 :> (s1 :> 9 @@ s2 :> 9 @@ s3 :> 4) @@
  s2 :> (s1 :> 1 @@ s2 :> 1 @@ s3 :> 1) @@
  s3 :> (s1 :> 1 @@ s2 :> 1 @@ s3 :> 1) )
/\ commitIndex = (s1 :> 6 @@ s2 :> 3 @@ s3 :> 3)
/\ inflights = ( s1 :> (s1 :> {} @@ s2 :> {} @@ s3 :> {}) @@
  s2 :> (s1 :> {} @@ s2 :> {} @@ s3 :> {}) @@
  s3 :> (s1 :> {} @@ s2 :> {} @@ s3 :> {}) )
/\ messages = ( [ mdest |-> s1,
    msource |-> s1,
    mterm |-> 2,
    mtype |-> AppendEntriesResponse,
    mseq |-> 20,
    msubtype |-> "app",
    msuccess |-> TRUE,
    mmatchIndex |-> 8,
    mrejectHint |-> 0,
    mlogTerm |-> 0 ] :>
      1 @@
  [ mdest |-> s1,
    msource |-> s2,
    mterm |-> 2,
    mtype |-> AppendEntriesResponse,
    mseq |-> 22,
    msubtype |-> "heartbeat",
    msuccess |-> TRUE,
    mmatchIndex |-> 0,
    mrejectHint |-> 0,
    mlogTerm |-> 0 ] :>
      1 @@
  [ mdest |-> s1,
    msource |-> s3,
    mterm |-> 2,
    mtype |-> AppendEntriesResponse,
    mseq |-> 12,
    msubtype |-> "heartbeat",
    msuccess |-> TRUE,
    mmatchIndex |-> 0,
    mrejectHint |-> 0,
    mlogTerm |-> 0 ] :>
      1 )
/\ currentTerm = (s1 :> 2 @@ s2 :> 2 @@ s3 :> 2)
/\ log = ( s1 :>
      [ offset |-> 1,
        entries |->
            << [ value |-> [newconf |-> {s1}, learners |-> {}],
                 term |-> 1,
                 type |-> ConfigEntry ],
               [ value |-> [newconf |-> {s1, s2}, learners |-> {}],
                 term |-> 1,
                 type |-> ConfigEntry ],
               [ value |-> [newconf |-> {s1, s2, s3}, learners |-> {}],
                 term |-> 1,
                 type |-> ConfigEntry ],
               [ value |->
                     [ newconf |-> {s3},
                       learners |-> {},
                       enterJoint |-> TRUE,
                       oldconf |-> {s1, s2, s3} ],
                 term |-> 2,
                 type |-> ConfigEntry ],
               [value |-> [val |-> v1], term |-> 2, type |-> ValueEntry],
               [value |-> [val |-> v2], term |-> 2, type |-> ValueEntry],
               [value |-> [val |-> 0], term |-> 2, type |-> ValueEntry],
               [value |-> [val |-> 0], term |-> 2, type |-> ValueEntry],
               [value |-> [val |-> v2], term |-> 2, type |-> ValueEntry] >>,
        snapshotIndex |-> 0,
        snapshotTerm |-> 0 ] @@
  s2 :>
      [ offset |-> 1,
        entries |->
            << [ value |-> [newconf |-> {s1}, learners |-> {}],
                 term |-> 1,
                 type |-> ConfigEntry ],
               [ value |-> [newconf |-> {s1, s2}, learners |-> {}],
                 term |-> 1,
                 type |-> ConfigEntry ],
               [ value |-> [newconf |-> {s1, s2, s3}, learners |-> {}],
                 term |-> 1,
                 type |-> ConfigEntry ],
               [ value |->
                     [ newconf |-> {s3},
                       learners |-> {},
                       enterJoint |-> TRUE,
                       oldconf |-> {s1, s2, s3} ],
                 term |-> 2,
                 type |-> ConfigEntry ],
               [value |-> [val |-> v1], term |-> 2, type |-> ValueEntry],
               [value |-> [val |-> v2], term |-> 2, type |-> ValueEntry] >>,
        snapshotIndex |-> 0,
        snapshotTerm |-> 0 ] @@
  s3 :>
      [ offset |-> 3,
        entries |->
            << [ value |-> [newconf |-> {s1, s2, s3}, learners |-> {}],
                 term |-> 1,
                 type |-> ConfigEntry ] >>,
        snapshotIndex |-> 2,
        snapshotTerm |-> 1 ] )
/\ partitions = (s1 :> 0 @@ s2 :> 0 @@ s3 :> 0)
/\ votesGranted = (s1 :> {s1, s2} @@ s2 :> {} @@ s3 :> {})
/\ pendingConfChangeIndex = (s1 :> 0 @@ s2 :> 0 @@ s3 :> 0)

@!@!@ENDMSG 2217 @!@!@
@!@!@STARTMSG 2217:4 @!@!@
51: <MCDynamicConfigActions line 417, col 8 to line 418, col 29 of module MCetcdraft>
/\ progressState = ( s1 :> (s1 :> StateReplicate @@ s2 :> StateProbe @@ s3 :> StateProbe) @@
  s2 :> (s1 :> StateProbe @@ s2 :> StateProbe @@ s3 :> StateProbe) @@
  s3 :> (s1 :> StateProbe @@ s2 :> StateProbe @@ s3 :> StateProbe) )
/\ msgSeqCounter = 23
/\ constraintCounters = [ timeout |-> 2,
  request |-> 3,
  restart |-> 1,
  drop |-> 2,
  duplicate |-> 0,
  heartbeat |-> 4,
  stepDown |-> 1,
  snapshot |-> 1,
  compact |-> 1,
  confChange |-> 1,
  reportUnreachable |-> 1,
  partition |-> 0 ]
/\ pendingMessages = <<>>
/\ appliedConfigIndex = (s1 :> 3 @@ s2 :> 3 @@ s3 :> 3)
/\ reconfigCount = 1
/\ votesResponded = (s1 :> {s1, s2, s3} @@ s2 :> {} @@ s3 :> {})
/\ msgAppFlowPaused = ( s1 :> (s1 :> FALSE @@ s2 :> FALSE @@ s3 :> FALSE) @@
  s2 :> (s1 :> FALSE @@ s2 :> FALSE @@ s3 :> FALSE) @@
  s3 :> (s1 :> FALSE @@ s2 :> FALSE @@ s3 :> FALSE) )
/\ state = (s1 :> Leader @@ s2 :> Follower @@ s3 :> Follower)
/\ pendingSnapshot = ( s1 :> (s1 :> 0 @@ s2 :> 0 @@ s3 :> 0) @@
  s2 :> (s1 :> 0 @@ s2 :> 0 @@ s3 :> 0) @@
  s3 :> (s1 :> 0 @@ s2 :> 0 @@ s3 :> 0) )
/\ config = ( s1 :>
      [ learners |-> {},
        jointConfig |-> <<{s1, s2, s3}, {}>>,
        autoLeave |-> FALSE ] @@
  s2 :>
      [ learners |-> {},
        jointConfig |-> <<{s1, s2, s3}, {}>>,
        autoLeave |-> FALSE ] @@
  s3 :>
      [ learners |-> {},
        jointConfig |-> <<{s1, s2, s3}, {}>>,
        autoLeave |-> FALSE ] )
/\ matchIndex = ( s1 :> (s1 :> 7 @@ s2 :> 0 @@ s3 :> 0) @@
  s2 :> (s1 :> 0 @@ s2 :> 0 @@ s3 :> 0) @@
  s3 :> (s1 :> 0 @@ s2 :> 0 @@ s3 :> 0) )
/\ applied = (s1 :> 3 @@ s2 :> 0 @@ s3 :> 3)
/\ votedFor = (s1 :> s1 @@ s2 :> s1 @@ s3 :> s3)
/\ durableState = ( s1 :>
      [ currentTerm |-> 2,
        votedFor |-> s1,
        log |-> 9,
        entries |->
            << [ value |-> [newconf |-> {s1}, learners |-> {}],
                 term |-> 1,
                 type |-> ConfigEntry ],
               [ value |-> [newconf |-> {s1, s2}, learners |-> {}],
                 term |-> 1,
                 type |-> ConfigEntry ],
               [ value |-> [newconf |-> {s1, s2, s3}, learners |-> {}],
                 term |-> 1,
                 type |-> ConfigEntry ],
               [ value |->
                     [ newconf |-> {s3},
                       learners |-> {},
                       enterJoint |-> TRUE,
                       oldconf |-> {s1, s2, s3} ],
                 term |-> 2,
                 type |-> ConfigEntry ],
               [value |-> [val |-> v1], term |-> 2, type |-> ValueEntry],
               [value |-> [val |-> v2], term |-> 2, type |-> ValueEntry],
               [value |-> [val |-> 0], term |-> 2, type |-> ValueEntry],
               [value |-> [val |-> 0], term |-> 2, type |-> ValueEntry],
               [value |-> [val |-> v2], term |-> 2, type |-> ValueEntry] >>,
        snapshotIndex |-> 0,
        snapshotTerm |-> 0,
        commitIndex |-> 6,
        config |->
            [ learners |-> {},
              jointConfig |-> <<{s3}, {}>>,
              autoLeave |-> FALSE ],
        snapshotHistory |-> <<>> ] @@
  s2 :>
      [ currentTerm |-> 2,
        votedFor |-> s1,
        log |-> 6,
        entries |->
            << [ value |-> [newconf |-> {s1}, learners |-> {}],
                 term |-> 1,
                 type |-> ConfigEntry ],
               [ value |-> [newconf |-> {s1, s2}, learners |-> {}],
                 term |-> 1,
                 type |-> ConfigEntry ],
               [ value |-> [newconf |-> {s1, s2, s3}, learners |-> {}],
                 term |-> 1,
                 type |-> ConfigEntry ],
               [ value |->
                     [ newconf |-> {s3},
                       learners |-> {},
                       enterJoint |-> TRUE,
                       oldconf |-> {s1, s2, s3} ],
                 term |-> 2,
                 type |-> ConfigEntry ],
               [value |-> [val |-> v1], term |-> 2, type |-> ValueEntry],
               [value |-> [val |-> v2], term |-> 2, type |-> ValueEntry] >>,
        snapshotIndex |-> 0,
        snapshotTerm |-> 0,
        commitIndex |-> 3,
        config |->
            [ learners |-> {},
              jointConfig |-> <<{s1, s2, s3}, {}>>,
              autoLeave |-> FALSE ],
        snapshotHistory |-> <<>> ] @@
  s3 :>
      [ currentTerm |-> 2,
        votedFor |-> s3,
        log |-> 3,
        entries |->
            << [ value |-> [newconf |-> {s1, s2, s3}, learners |-> {}],
                 term |-> 1,
                 type |-> ConfigEntry ] >>,
        snapshotIndex |-> 2,
        snapshotTerm |-> 1,
        commitIndex |-> 3,
        config |->
            [ learners |-> {},
              jointConfig |-> <<{s1, s2, s3}, {}>>,
              autoLeave |-> FALSE ],
        snapshotHistory |->
            << [ value |-> [newconf |-> {s1}, learners |-> {}],
                 term |-> 1,
                 type |-> ConfigEntry ],
               [ value |-> [newconf |-> {s1, s2}, learners |-> {}],
                 term |-> 1,
                 type |-> ConfigEntry ] >> ] )
/\ historyLog = ( s1 :>
      << [ value |-> [newconf |-> {s1}, learners |-> {}],
           term |-> 1,
           type |-> ConfigEntry ],
         [ value |-> [newconf |-> {s1, s2}, learners |-> {}],
           term |-> 1,
           type |-> ConfigEntry ],
         [ value |-> [newconf |-> {s1, s2, s3}, learners |-> {}],
           term |-> 1,
           type |-> ConfigEntry ],
         [ value |->
               [ newconf |-> {s3},
                 learners |-> {},
                 enterJoint |-> TRUE,
                 oldconf |-> {s1, s2, s3} ],
           term |-> 2,
           type |-> ConfigEntry ],
         [value |-> [val |-> v1], term |-> 2, type |-> ValueEntry],
         [value |-> [val |-> v2], term |-> 2, type |-> ValueEntry],
         [value |-> [val |-> 0], term |-> 2, type |-> ValueEntry],
         [value |-> [val |-> 0], term |-> 2, type |-> ValueEntry],
         [value |-> [val |-> v2], term |-> 2, type |-> ValueEntry] >> @@
  s2 :>
      << [ value |-> [newconf |-> {s1}, learners |-> {}],
           term |-> 1,
           type |-> ConfigEntry ],
         [ value |-> [newconf |-> {s1, s2}, learners |-> {}],
           term |-> 1,
           type |-> ConfigEntry ],
         [ value |-> [newconf |-> {s1, s2, s3}, learners |-> {}],
           term |-> 1,
           type |-> ConfigEntry ],
         [ value |->
               [ newconf |-> {s3},
                 learners |-> {},
                 enterJoint |-> TRUE,
                 oldconf |-> {s1, s2, s3} ],
           term |-> 2,
           type |-> ConfigEntry ],
         [value |-> [val |-> v1], term |-> 2, type |-> ValueEntry],
         [value |-> [val |-> v2], term |-> 2, type |-> ValueEntry] >> @@
  s3 :>
      << [ value |-> [newconf |-> {s1}, learners |-> {}],
           term |-> 1,
           type |-> ConfigEntry ],
         [ value |-> [newconf |-> {s1, s2}, learners |-> {}],
           term |-> 1,
           type |-> ConfigEntry ],
         [ value |-> [newconf |-> {s1, s2, s3}, learners |-> {}],
           term |-> 1,
           type |-> ConfigEntry ] >> )
/\ nextIndex = ( s1 :> (s1 :> 9 @@ s2 :> 9 @@ s3 :> 9) @@
  s2 :> (s1 :> 1 @@ s2 :> 1 @@ s3 :> 1) @@
  s3 :> (s1 :> 1 @@ s2 :> 1 @@ s3 :> 1) )
/\ commitIndex = (s1 :> 6 @@ s2 :> 3 @@ s3 :> 3)
/\ inflights = ( s1 :> (s1 :> {} @@ s2 :> {} @@ s3 :> {}) @@
  s2 :> (s1 :> {} @@ s2 :> {} @@ s3 :> {}) @@
  s3 :> (s1 :> {} @@ s2 :> {} @@ s3 :> {}) )
/\ messages = ( [ mdest |-> s1,
    msource |-> s1,
    mterm |-> 2,
    mtype |-> AppendEntriesResponse,
    mseq |-> 20,
    msubtype |-> "app",
    msuccess |-> TRUE,
    mmatchIndex |-> 8,
    mrejectHint |-> 0,
    mlogTerm |-> 0 ] :>
      1 @@
  [ mdest |-> s1,
    msource |-> s2,
    mterm |-> 2,
    mtype |-> AppendEntriesResponse,
    mseq |-> 22,
    msubtype |-> "heartbeat",
    msuccess |-> TRUE,
    mmatchIndex |-> 0,
    mrejectHint |-> 0,
    mlogTerm |-> 0 ] :>
      1 @@
  [ mdest |-> s1,
    msource |-> s3,
    mterm |-> 2,
    mtype |-> AppendEntriesResponse,
    mseq |-> 12,
    msubtype |-> "heartbeat",
    msuccess |-> TRUE,
    mmatchIndex |-> 0,
    mrejectHint |-> 0,
    mlogTerm |-> 0 ] :>
      1 )
/\ currentTerm = (s1 :> 2 @@ s2 :> 2 @@ s3 :> 2)
/\ log = ( s1 :>
      [ offset |-> 1,
        entries |->
            << [ value |-> [newconf |-> {s1}, learners |-> {}],
                 term |-> 1,
                 type |-> ConfigEntry ],
               [ value |-> [newconf |-> {s1, s2}, learners |-> {}],
                 term |-> 1,
                 type |-> ConfigEntry ],
               [ value |-> [newconf |-> {s1, s2, s3}, learners |-> {}],
                 term |-> 1,
                 type |-> ConfigEntry ],
               [ value |->
                     [ newconf |-> {s3},
                       learners |-> {},
                       enterJoint |-> TRUE,
                       oldconf |-> {s1, s2, s3} ],
                 term |-> 2,
                 type |-> ConfigEntry ],
               [value |-> [val |-> v1], term |-> 2, type |-> ValueEntry],
               [value |-> [val |-> v2], term |-> 2, type |-> ValueEntry],
               [value |-> [val |-> 0], term |-> 2, type |-> ValueEntry],
               [value |-> [val |-> 0], term |-> 2, type |-> ValueEntry],
               [value |-> [val |-> v2], term |-> 2, type |-> ValueEntry] >>,
        snapshotIndex |-> 0,
        snapshotTerm |-> 0 ] @@
  s2 :>
      [ offset |-> 1,
        entries |->
            << [ value |-> [newconf |-> {s1}, learners |-> {}],
                 term |-> 1,
                 type |-> ConfigEntry ],
               [ value |-> [newconf |-> {s1, s2}, learners |-> {}],
                 term |-> 1,
                 type |-> ConfigEntry ],
               [ value |-> [newconf |-> {s1, s2, s3}, learners |-> {}],
                 term |-> 1,
                 type |-> ConfigEntry ],
               [ value |->
                     [ newconf |-> {s3},
                       learners |-> {},
                       enterJoint |-> TRUE,
                       oldconf |-> {s1, s2, s3} ],
                 term |-> 2,
                 type |-> ConfigEntry ],
               [value |-> [val |-> v1], term |-> 2, type |-> ValueEntry],
               [value |-> [val |-> v2], term |-> 2, type |-> ValueEntry] >>,
        snapshotIndex |-> 0,
        snapshotTerm |-> 0 ] @@
  s3 :>
      [ offset |-> 3,
        entries |->
            << [ value |-> [newconf |-> {s1, s2, s3}, learners |-> {}],
                 term |-> 1,
                 type |-> ConfigEntry ] >>,
        snapshotIndex |-> 2,
        snapshotTerm |-> 1 ] )
/\ partitions = (s1 :> 0 @@ s2 :> 0 @@ s3 :> 0)
/\ votesGranted = (s1 :> {s1, s2} @@ s2 :> {} @@ s3 :> {})
/\ pendingConfChangeIndex = (s1 :> 0 @@ s2 :> 0 @@ s3 :> 0)

@!@!@ENDMSG 2217 @!@!@
@!@!@STARTMSG 2217:4 @!@!@
52: <MCNextAsyncWithReady(s1) line 362, col 5 to line 362, col 35 of module MCetcdraft>
/\ progressState = ( s1 :> (s1 :> StateReplicate @@ s2 :> StateProbe @@ s3 :> StateProbe) @@
  s2 :> (s1 :> StateProbe @@ s2 :> StateProbe @@ s3 :> StateProbe) @@
  s3 :> (s1 :> StateProbe @@ s2 :> StateProbe @@ s3 :> StateProbe) )
/\ msgSeqCounter = 23
/\ constraintCounters = [ timeout |-> 2,
  request |-> 3,
  restart |-> 1,
  drop |-> 2,
  duplicate |-> 0,
  heartbeat |-> 4,
  stepDown |-> 1,
  snapshot |-> 1,
  compact |-> 1,
  confChange |-> 1,
  reportUnreachable |-> 1,
  partition |-> 0 ]
/\ pendingMessages = <<>>
/\ appliedConfigIndex = (s1 :> 3 @@ s2 :> 3 @@ s3 :> 3)
/\ reconfigCount = 1
/\ votesResponded = (s1 :> {s1, s2, s3} @@ s2 :> {} @@ s3 :> {})
/\ msgAppFlowPaused = ( s1 :> (s1 :> FALSE @@ s2 :> FALSE @@ s3 :> FALSE) @@
  s2 :> (s1 :> FALSE @@ s2 :> FALSE @@ s3 :> FALSE) @@
  s3 :> (s1 :> FALSE @@ s2 :> FALSE @@ s3 :> FALSE) )
/\ state = (s1 :> Leader @@ s2 :> Follower @@ s3 :> Follower)
/\ pendingSnapshot = ( s1 :> (s1 :> 0 @@ s2 :> 0 @@ s3 :> 0) @@
  s2 :> (s1 :> 0 @@ s2 :> 0 @@ s3 :> 0) @@
  s3 :> (s1 :> 0 @@ s2 :> 0 @@ s3 :> 0) )
/\ config = ( s1 :>
      [ learners |-> {},
        jointConfig |-> <<{s1, s2, s3}, {}>>,
        autoLeave |-> FALSE ] @@
  s2 :>
      [ learners |-> {},
        jointConfig |-> <<{s1, s2, s3}, {}>>,
        autoLeave |-> FALSE ] @@
  s3 :>
      [ learners |-> {},
        jointConfig |-> <<{s1, s2, s3}, {}>>,
        autoLeave |-> FALSE ] )
/\ matchIndex = ( s1 :> (s1 :> 7 @@ s2 :> 0 @@ s3 :> 0) @@
  s2 :> (s1 :> 0 @@ s2 :> 0 @@ s3 :> 0) @@
  s3 :> (s1 :> 0 @@ s2 :> 0 @@ s3 :> 0) )
/\ applied = (s1 :> 3 @@ s2 :> 0 @@ s3 :> 3)
/\ votedFor = (s1 :> s1 @@ s2 :> s1 @@ s3 :> s3)
/\ durableState = ( s1 :>
      [ currentTerm |-> 2,
        votedFor |-> s1,
        log |-> 9,
        entries |->
            << [ value |-> [newconf |-> {s1}, learners |-> {}],
                 term |-> 1,
                 type |-> ConfigEntry ],
               [ value |-> [newconf |-> {s1, s2}, learners |-> {}],
                 term |-> 1,
                 type |-> ConfigEntry ],
               [ value |-> [newconf |-> {s1, s2, s3}, learners |-> {}],
                 term |-> 1,
                 type |-> ConfigEntry ],
               [ value |->
                     [ newconf |-> {s3},
                       learners |-> {},
                       enterJoint |-> TRUE,
                       oldconf |-> {s1, s2, s3} ],
                 term |-> 2,
                 type |-> ConfigEntry ],
               [value |-> [val |-> v1], term |-> 2, type |-> ValueEntry],
               [value |-> [val |-> v2], term |-> 2, type |-> ValueEntry],
               [value |-> [val |-> 0], term |-> 2, type |-> ValueEntry],
               [value |-> [val |-> 0], term |-> 2, type |-> ValueEntry],
               [value |-> [val |-> v2], term |-> 2, type |-> ValueEntry] >>,
        snapshotIndex |-> 0,
        snapshotTerm |-> 0,
        commitIndex |-> 6,
        config |->
            [ learners |-> {},
              jointConfig |-> <<{s1, s2, s3}, {}>>,
              autoLeave |-> FALSE ],
        snapshotHistory |-> <<>> ] @@
  s2 :>
      [ currentTerm |-> 2,
        votedFor |-> s1,
        log |-> 6,
        entries |->
            << [ value |-> [newconf |-> {s1}, learners |-> {}],
                 term |-> 1,
                 type |-> ConfigEntry ],
               [ value |-> [newconf |-> {s1, s2}, learners |-> {}],
                 term |-> 1,
                 type |-> ConfigEntry ],
               [ value |-> [newconf |-> {s1, s2, s3}, learners |-> {}],
                 term |-> 1,
                 type |-> ConfigEntry ],
               [ value |->
                     [ newconf |-> {s3},
                       learners |-> {},
                       enterJoint |-> TRUE,
                       oldconf |-> {s1, s2, s3} ],
                 term |-> 2,
                 type |-> ConfigEntry ],
               [value |-> [val |-> v1], term |-> 2, type |-> ValueEntry],
               [value |-> [val |-> v2], term |-> 2, type |-> ValueEntry] >>,
        snapshotIndex |-> 0,
        snapshotTerm |-> 0,
        commitIndex |-> 3,
        config |->
            [ learners |-> {},
              jointConfig |-> <<{s1, s2, s3}, {}>>,
              autoLeave |-> FALSE ],
        snapshotHistory |-> <<>> ] @@
  s3 :>
      [ currentTerm |-> 2,
        votedFor |-> s3,
        log |-> 3,
        entries |->
            << [ value |-> [newconf |-> {s1, s2, s3}, learners |-> {}],
                 term |-> 1,
                 type |-> ConfigEntry ] >>,
        snapshotIndex |-> 2,
        snapshotTerm |-> 1,
        commitIndex |-> 3,
        config |->
            [ learners |-> {},
              jointConfig |-> <<{s1, s2, s3}, {}>>,
              autoLeave |-> FALSE ],
        snapshotHistory |->
            << [ value |-> [newconf |-> {s1}, learners |-> {}],
                 term |-> 1,
                 type |-> ConfigEntry ],
               [ value |-> [newconf |-> {s1, s2}, learners |-> {}],
                 term |-> 1,
                 type |-> ConfigEntry ] >> ] )
/\ historyLog = ( s1 :>
      << [ value |-> [newconf |-> {s1}, learners |-> {}],
           term |-> 1,
           type |-> ConfigEntry ],
         [ value |-> [newconf |-> {s1, s2}, learners |-> {}],
           term |-> 1,
           type |-> ConfigEntry ],
         [ value |-> [newconf |-> {s1, s2, s3}, learners |-> {}],
           term |-> 1,
           type |-> ConfigEntry ],
         [ value |->
               [ newconf |-> {s3},
                 learners |-> {},
                 enterJoint |-> TRUE,
                 oldconf |-> {s1, s2, s3} ],
           term |-> 2,
           type |-> ConfigEntry ],
         [value |-> [val |-> v1], term |-> 2, type |-> ValueEntry],
         [value |-> [val |-> v2], term |-> 2, type |-> ValueEntry],
         [value |-> [val |-> 0], term |-> 2, type |-> ValueEntry],
         [value |-> [val |-> 0], term |-> 2, type |-> ValueEntry],
         [value |-> [val |-> v2], term |-> 2, type |-> ValueEntry] >> @@
  s2 :>
      << [ value |-> [newconf |-> {s1}, learners |-> {}],
           term |-> 1,
           type |-> ConfigEntry ],
         [ value |-> [newconf |-> {s1, s2}, learners |-> {}],
           term |-> 1,
           type |-> ConfigEntry ],
         [ value |-> [newconf |-> {s1, s2, s3}, learners |-> {}],
           term |-> 1,
           type |-> ConfigEntry ],
         [ value |->
               [ newconf |-> {s3},
                 learners |-> {},
                 enterJoint |-> TRUE,
                 oldconf |-> {s1, s2, s3} ],
           term |-> 2,
           type |-> ConfigEntry ],
         [value |-> [val |-> v1], term |-> 2, type |-> ValueEntry],
         [value |-> [val |-> v2], term |-> 2, type |-> ValueEntry] >> @@
  s3 :>
      << [ value |-> [newconf |-> {s1}, learners |-> {}],
           term |-> 1,
           type |-> ConfigEntry ],
         [ value |-> [newconf |-> {s1, s2}, learners |-> {}],
           term |-> 1,
           type |-> ConfigEntry ],
         [ value |-> [newconf |-> {s1, s2, s3}, learners |-> {}],
           term |-> 1,
           type |-> ConfigEntry ] >> )
/\ nextIndex = ( s1 :> (s1 :> 9 @@ s2 :> 9 @@ s3 :> 9) @@
  s2 :> (s1 :> 1 @@ s2 :> 1 @@ s3 :> 1) @@
  s3 :> (s1 :> 1 @@ s2 :> 1 @@ s3 :> 1) )
/\ commitIndex = (s1 :> 6 @@ s2 :> 3 @@ s3 :> 3)
/\ inflights = ( s1 :> (s1 :> {} @@ s2 :> {} @@ s3 :> {}) @@
  s2 :> (s1 :> {} @@ s2 :> {} @@ s3 :> {}) @@
  s3 :> (s1 :> {} @@ s2 :> {} @@ s3 :> {}) )
/\ messages = ( [ mdest |-> s1,
    msource |-> s1,
    mterm |-> 2,
    mtype |-> AppendEntriesResponse,
    mseq |-> 20,
    msubtype |-> "app",
    msuccess |-> TRUE,
    mmatchIndex |-> 8,
    mrejectHint |-> 0,
    mlogTerm |-> 0 ] :>
      1 @@
  [ mdest |-> s1,
    msource |-> s2,
    mterm |-> 2,
    mtype |-> AppendEntriesResponse,
    mseq |-> 22,
    msubtype |-> "heartbeat",
    msuccess |-> TRUE,
    mmatchIndex |-> 0,
    mrejectHint |-> 0,
    mlogTerm |-> 0 ] :>
      1 )
/\ currentTerm = (s1 :> 2 @@ s2 :> 2 @@ s3 :> 2)
/\ log = ( s1 :>
      [ offset |-> 1,
        entries |->
            << [ value |-> [newconf |-> {s1}, learners |-> {}],
                 term |-> 1,
                 type |-> ConfigEntry ],
               [ value |-> [newconf |-> {s1, s2}, learners |-> {}],
                 term |-> 1,
                 type |-> ConfigEntry ],
               [ value |-> [newconf |-> {s1, s2, s3}, learners |-> {}],
                 term |-> 1,
                 type |-> ConfigEntry ],
               [ value |->
                     [ newconf |-> {s3},
                       learners |-> {},
                       enterJoint |-> TRUE,
                       oldconf |-> {s1, s2, s3} ],
                 term |-> 2,
                 type |-> ConfigEntry ],
               [value |-> [val |-> v1], term |-> 2, type |-> ValueEntry],
               [value |-> [val |-> v2], term |-> 2, type |-> ValueEntry],
               [value |-> [val |-> 0], term |-> 2, type |-> ValueEntry],
               [value |-> [val |-> 0], term |-> 2, type |-> ValueEntry],
               [value |-> [val |-> v2], term |-> 2, type |-> ValueEntry] >>,
        snapshotIndex |-> 0,
        snapshotTerm |-> 0 ] @@
  s2 :>
      [ offset |-> 1,
        entries |->
            << [ value |-> [newconf |-> {s1}, learners |-> {}],
                 term |-> 1,
                 type |-> ConfigEntry ],
               [ value |-> [newconf |-> {s1, s2}, learners |-> {}],
                 term |-> 1,
                 type |-> ConfigEntry ],
               [ value |-> [newconf |-> {s1, s2, s3}, learners |-> {}],
                 term |-> 1,
                 type |-> ConfigEntry ],
               [ value |->
                     [ newconf |-> {s3},
                       learners |-> {},
                       enterJoint |-> TRUE,
                       oldconf |-> {s1, s2, s3} ],
                 term |-> 2,
                 type |-> ConfigEntry ],
               [value |-> [val |-> v1], term |-> 2, type |-> ValueEntry],
               [value |-> [val |-> v2], term |-> 2, type |-> ValueEntry] >>,
        snapshotIndex |-> 0,
        snapshotTerm |-> 0 ] @@
  s3 :>
      [ offset |-> 3,
        entries |->
            << [ value |-> [newconf |-> {s1, s2, s3}, learners |-> {}],
                 term |-> 1,
                 type |-> ConfigEntry ] >>,
        snapshotIndex |-> 2,
        snapshotTerm |-> 1 ] )
/\ partitions = (s1 :> 0 @@ s2 :> 0 @@ s3 :> 0)
/\ votesGranted = (s1 :> {s1, s2} @@ s2 :> {} @@ s3 :> {})
/\ pendingConfChangeIndex = (s1 :> 0 @@ s2 :> 0 @@ s3 :> 0)

@!@!@ENDMSG 2217 @!@!@
@!@!@STARTMSG 2217:4 @!@!@
53: <MCNextAsyncWithReady(s1) line 362, col 5 to line 362, col 35 of module MCetcdraft>
/\ progressState = ( s1 :> (s1 :> StateReplicate @@ s2 :> StateProbe @@ s3 :> StateProbe) @@
  s2 :> (s1 :> StateProbe @@ s2 :> StateProbe @@ s3 :> StateProbe) @@
  s3 :> (s1 :> StateProbe @@ s2 :> StateProbe @@ s3 :> StateProbe) )
/\ msgSeqCounter = 23
/\ constraintCounters = [ timeout |-> 2,
  request |-> 3,
  restart |-> 1,
  drop |-> 2,
  duplicate |-> 0,
  heartbeat |-> 4,
  stepDown |-> 1,
  snapshot |-> 1,
  compact |-> 1,
  confChange |-> 1,
  reportUnreachable |-> 1,
  partition |-> 0 ]
/\ pendingMessages = <<>>
/\ appliedConfigIndex = (s1 :> 3 @@ s2 :> 3 @@ s3 :> 3)
/\ reconfigCount = 1
/\ votesResponded = (s1 :> {s1, s2, s3} @@ s2 :> {} @@ s3 :> {})
/\ msgAppFlowPaused = ( s1 :> (s1 :> FALSE @@ s2 :> FALSE @@ s3 :> FALSE) @@
  s2 :> (s1 :> FALSE @@ s2 :> FALSE @@ s3 :> FALSE) @@
  s3 :> (s1 :> FALSE @@ s2 :> FALSE @@ s3 :> FALSE) )
/\ state = (s1 :> Leader @@ s2 :> Follower @@ s3 :> Follower)
/\ pendingSnapshot = ( s1 :> (s1 :> 0 @@ s2 :> 0 @@ s3 :> 0) @@
  s2 :> (s1 :> 0 @@ s2 :> 0 @@ s3 :> 0) @@
  s3 :> (s1 :> 0 @@ s2 :> 0 @@ s3 :> 0) )
/\ config = ( s1 :>
      [ learners |-> {},
        jointConfig |-> <<{s1, s2, s3}, {}>>,
        autoLeave |-> FALSE ] @@
  s2 :>
      [ learners |-> {},
        jointConfig |-> <<{s1, s2, s3}, {}>>,
        autoLeave |-> FALSE ] @@
  s3 :>
      [ learners |-> {},
        jointConfig |-> <<{s1, s2, s3}, {}>>,
        autoLeave |-> FALSE ] )
/\ matchIndex = ( s1 :> (s1 :> 7 @@ s2 :> 0 @@ s3 :> 0) @@
  s2 :> (s1 :> 0 @@ s2 :> 0 @@ s3 :> 0) @@
  s3 :> (s1 :> 0 @@ s2 :> 0 @@ s3 :> 0) )
/\ applied = (s1 :> 3 @@ s2 :> 0 @@ s3 :> 3)
/\ votedFor = (s1 :> s1 @@ s2 :> s1 @@ s3 :> s3)
/\ durableState = ( s1 :>
      [ currentTerm |-> 2,
        votedFor |-> s1,
        log |-> 9,
        entries |->
            << [ value |-> [newconf |-> {s1}, learners |-> {}],
                 term |-> 1,
                 type |-> ConfigEntry ],
               [ value |-> [newconf |-> {s1, s2}, learners |-> {}],
                 term |-> 1,
                 type |-> ConfigEntry ],
               [ value |-> [newconf |-> {s1, s2, s3}, learners |-> {}],
                 term |-> 1,
                 type |-> ConfigEntry ],
               [ value |->
                     [ newconf |-> {s3},
                       learners |-> {},
                       enterJoint |-> TRUE,
                       oldconf |-> {s1, s2, s3} ],
                 term |-> 2,
                 type |-> ConfigEntry ],
               [value |-> [val |-> v1], term |-> 2, type |-> ValueEntry],
               [value |-> [val |-> v2], term |-> 2, type |-> ValueEntry],
               [value |-> [val |-> 0], term |-> 2, type |-> ValueEntry],
               [value |-> [val |-> 0], term |-> 2, type |-> ValueEntry],
               [value |-> [val |-> v2], term |-> 2, type |-> ValueEntry] >>,
        snapshotIndex |-> 0,
        snapshotTerm |-> 0,
        commitIndex |-> 6,
        config |->
            [ learners |-> {},
              jointConfig |-> <<{s1, s2, s3}, {}>>,
              autoLeave |-> FALSE ],
        snapshotHistory |-> <<>> ] @@
  s2 :>
      [ currentTerm |-> 2,
        votedFor |-> s1,
        log |-> 6,
        entries |->
            << [ value |-> [newconf |-> {s1}, learners |-> {}],
                 term |-> 1,
                 type |-> ConfigEntry ],
               [ value |-> [newconf |-> {s1, s2}, learners |-> {}],
                 term |-> 1,
                 type |-> ConfigEntry ],
               [ value |-> [newconf |-> {s1, s2, s3}, learners |-> {}],
                 term |-> 1,
                 type |-> ConfigEntry ],
               [ value |->
                     [ newconf |-> {s3},
                       learners |-> {},
                       enterJoint |-> TRUE,
                       oldconf |-> {s1, s2, s3} ],
                 term |-> 2,
                 type |-> ConfigEntry ],
               [value |-> [val |-> v1], term |-> 2, type |-> ValueEntry],
               [value |-> [val |-> v2], term |-> 2, type |-> ValueEntry] >>,
        snapshotIndex |-> 0,
        snapshotTerm |-> 0,
        commitIndex |-> 3,
        config |->
            [ learners |-> {},
              jointConfig |-> <<{s1, s2, s3}, {}>>,
              autoLeave |-> FALSE ],
        snapshotHistory |-> <<>> ] @@
  s3 :>
      [ currentTerm |-> 2,
        votedFor |-> s3,
        log |-> 3,
        entries |->
            << [ value |-> [newconf |-> {s1, s2, s3}, learners |-> {}],
                 term |-> 1,
                 type |-> ConfigEntry ] >>,
        snapshotIndex |-> 2,
        snapshotTerm |-> 1,
        commitIndex |-> 3,
        config |->
            [ learners |-> {},
              jointConfig |-> <<{s1, s2, s3}, {}>>,
              autoLeave |-> FALSE ],
        snapshotHistory |->
            << [ value |-> [newconf |-> {s1}, learners |-> {}],
                 term |-> 1,
                 type |-> ConfigEntry ],
               [ value |-> [newconf |-> {s1, s2}, learners |-> {}],
                 term |-> 1,
                 type |-> ConfigEntry ] >> ] )
/\ historyLog = ( s1 :>
      << [ value |-> [newconf |-> {s1}, learners |-> {}],
           term |-> 1,
           type |-> ConfigEntry ],
         [ value |-> [newconf |-> {s1, s2}, learners |-> {}],
           term |-> 1,
           type |-> ConfigEntry ],
         [ value |-> [newconf |-> {s1, s2, s3}, learners |-> {}],
           term |-> 1,
           type |-> ConfigEntry ],
         [ value |->
               [ newconf |-> {s3},
                 learners |-> {},
                 enterJoint |-> TRUE,
                 oldconf |-> {s1, s2, s3} ],
           term |-> 2,
           type |-> ConfigEntry ],
         [value |-> [val |-> v1], term |-> 2, type |-> ValueEntry],
         [value |-> [val |-> v2], term |-> 2, type |-> ValueEntry],
         [value |-> [val |-> 0], term |-> 2, type |-> ValueEntry],
         [value |-> [val |-> 0], term |-> 2, type |-> ValueEntry],
         [value |-> [val |-> v2], term |-> 2, type |-> ValueEntry] >> @@
  s2 :>
      << [ value |-> [newconf |-> {s1}, learners |-> {}],
           term |-> 1,
           type |-> ConfigEntry ],
         [ value |-> [newconf |-> {s1, s2}, learners |-> {}],
           term |-> 1,
           type |-> ConfigEntry ],
         [ value |-> [newconf |-> {s1, s2, s3}, learners |-> {}],
           term |-> 1,
           type |-> ConfigEntry ],
         [ value |->
               [ newconf |-> {s3},
                 learners |-> {},
                 enterJoint |-> TRUE,
                 oldconf |-> {s1, s2, s3} ],
           term |-> 2,
           type |-> ConfigEntry ],
         [value |-> [val |-> v1], term |-> 2, type |-> ValueEntry],
         [value |-> [val |-> v2], term |-> 2, type |-> ValueEntry] >> @@
  s3 :>
      << [ value |-> [newconf |-> {s1}, learners |-> {}],
           term |-> 1,
           type |-> ConfigEntry ],
         [ value |-> [newconf |-> {s1, s2}, learners |-> {}],
           term |-> 1,
           type |-> ConfigEntry ],
         [ value |-> [newconf |-> {s1, s2, s3}, learners |-> {}],
           term |-> 1,
           type |-> ConfigEntry ] >> )
/\ nextIndex = ( s1 :> (s1 :> 9 @@ s2 :> 9 @@ s3 :> 9) @@
  s2 :> (s1 :> 1 @@ s2 :> 1 @@ s3 :> 1) @@
  s3 :> (s1 :> 1 @@ s2 :> 1 @@ s3 :> 1) )
/\ commitIndex = (s1 :> 6 @@ s2 :> 3 @@ s3 :> 3)
/\ inflights = ( s1 :> (s1 :> {} @@ s2 :> {} @@ s3 :> {}) @@
  s2 :> (s1 :> {} @@ s2 :> {} @@ s3 :> {}) @@
  s3 :> (s1 :> {} @@ s2 :> {} @@ s3 :> {}) )
/\ messages = ( [ mdest |-> s1,
    msource |-> s1,
    mterm |-> 2,
    mtype |-> AppendEntriesResponse,
    mseq |-> 20,
    msubtype |-> "app",
    msuccess |-> TRUE,
    mmatchIndex |-> 8,
    mrejectHint |-> 0,
    mlogTerm |-> 0 ] :>
      1 )
/\ currentTerm = (s1 :> 2 @@ s2 :> 2 @@ s3 :> 2)
/\ log = ( s1 :>
      [ offset |-> 1,
        entries |->
            << [ value |-> [newconf |-> {s1}, learners |-> {}],
                 term |-> 1,
                 type |-> ConfigEntry ],
               [ value |-> [newconf |-> {s1, s2}, learners |-> {}],
                 term |-> 1,
                 type |-> ConfigEntry ],
               [ value |-> [newconf |-> {s1, s2, s3}, learners |-> {}],
                 term |-> 1,
                 type |-> ConfigEntry ],
               [ value |->
                     [ newconf |-> {s3},
                       learners |-> {},
                       enterJoint |-> TRUE,
                       oldconf |-> {s1, s2, s3} ],
                 term |-> 2,
                 type |-> ConfigEntry ],
               [value |-> [val |-> v1], term |-> 2, type |-> ValueEntry],
               [value |-> [val |-> v2], term |-> 2, type |-> ValueEntry],
               [value |-> [val |-> 0], term |-> 2, type |-> ValueEntry],
               [value |-> [val |-> 0], term |-> 2, type |-> ValueEntry],
               [value |-> [val |-> v2], term |-> 2, type |-> ValueEntry] >>,
        snapshotIndex |-> 0,
        snapshotTerm |-> 0 ] @@
  s2 :>
      [ offset |-> 1,
        entries |->
            << [ value |-> [newconf |-> {s1}, learners |-> {}],
                 term |-> 1,
                 type |-> ConfigEntry ],
               [ value |-> [newconf |-> {s1, s2}, learners |-> {}],
                 term |-> 1,
                 type |-> ConfigEntry ],
               [ value |-> [newconf |-> {s1, s2, s3}, learners |-> {}],
                 term |-> 1,
                 type |-> ConfigEntry ],
               [ value |->
                     [ newconf |-> {s3},
                       learners |-> {},
                       enterJoint |-> TRUE,
                       oldconf |-> {s1, s2, s3} ],
                 term |-> 2,
                 type |-> ConfigEntry ],
               [value |-> [val |-> v1], term |-> 2, type |-> ValueEntry],
               [value |-> [val |-> v2], term |-> 2, type |-> ValueEntry] >>,
        snapshotIndex |-> 0,
        snapshotTerm |-> 0 ] @@
  s3 :>
      [ offset |-> 3,
        entries |->
            << [ value |-> [newconf |-> {s1, s2, s3}, learners |-> {}],
                 term |-> 1,
                 type |-> ConfigEntry ] >>,
        snapshotIndex |-> 2,
        snapshotTerm |-> 1 ] )
/\ partitions = (s1 :> 0 @@ s2 :> 0 @@ s3 :> 0)
/\ votesGranted = (s1 :> {s1, s2} @@ s2 :> {} @@ s3 :> {})
/\ pendingConfChangeIndex = (s1 :> 0 @@ s2 :> 0 @@ s3 :> 0)

@!@!@ENDMSG 2217 @!@!@
@!@!@STARTMSG 2217:4 @!@!@
54: <MCDynamicConfigActions line 426, col 8 to line 436, col 29 of module MCetcdraft>
/\ progressState = ( s1 :> (s1 :> StateReplicate @@ s2 :> StateProbe @@ s3 :> StateProbe) @@
  s2 :> (s1 :> StateProbe @@ s2 :> StateProbe @@ s3 :> StateProbe) @@
  s3 :> (s1 :> StateProbe @@ s2 :> StateProbe @@ s3 :> StateProbe) )
/\ msgSeqCounter = 23
/\ constraintCounters = [ timeout |-> 2,
  request |-> 3,
  restart |-> 1,
  drop |-> 2,
  duplicate |-> 0,
  heartbeat |-> 4,
  stepDown |-> 1,
  snapshot |-> 1,
  compact |-> 1,
  confChange |-> 1,
  reportUnreachable |-> 1,
  partition |-> 0 ]
/\ pendingMessages = <<>>
/\ appliedConfigIndex = (s1 :> 0 @@ s2 :> 3 @@ s3 :> 3)
/\ reconfigCount = 1
/\ votesResponded = (s1 :> {s1, s2, s3} @@ s2 :> {} @@ s3 :> {})
/\ msgAppFlowPaused = ( s1 :> (s1 :> FALSE @@ s2 :> FALSE @@ s3 :> FALSE) @@
  s2 :> (s1 :> FALSE @@ s2 :> FALSE @@ s3 :> FALSE) @@
  s3 :> (s1 :> FALSE @@ s2 :> FALSE @@ s3 :> FALSE) )
/\ state = (s1 :> Leader @@ s2 :> Follower @@ s3 :> Follower)
/\ pendingSnapshot = ( s1 :> (s1 :> 0 @@ s2 :> 0 @@ s3 :> 0) @@
  s2 :> (s1 :> 0 @@ s2 :> 0 @@ s3 :> 0) @@
  s3 :> (s1 :> 0 @@ s2 :> 0 @@ s3 :> 0) )
/\ config = ( s1 :> [learners |-> {}, jointConfig |-> <<{s3}, {}>>, autoLeave |-> FALSE] @@
  s2 :>
      [ learners |-> {},
        jointConfig |-> <<{s1, s2, s3}, {}>>,
        autoLeave |-> FALSE ] @@
  s3 :>
      [ learners |-> {},
        jointConfig |-> <<{s1, s2, s3}, {}>>,
        autoLeave |-> FALSE ] )
/\ matchIndex = ( s1 :> (s1 :> 7 @@ s2 :> 0 @@ s3 :> 0) @@
  s2 :> (s1 :> 0 @@ s2 :> 0 @@ s3 :> 0) @@
  s3 :> (s1 :> 0 @@ s2 :> 0 @@ s3 :> 0) )
/\ applied = (s1 :> 3 @@ s2 :> 0 @@ s3 :> 3)
/\ votedFor = (s1 :> s1 @@ s2 :> s1 @@ s3 :> s3)
/\ durableState = ( s1 :>
      [ currentTerm |-> 2,
        votedFor |-> s1,
        log |-> 9,
        entries |->
            << [ value |-> [newconf |-> {s1}, learners |-> {}],
                 term |-> 1,
                 type |-> ConfigEntry ],
               [ value |-> [newconf |-> {s1, s2}, learners |-> {}],
                 term |-> 1,
                 type |-> ConfigEntry ],
               [ value |-> [newconf |-> {s1, s2, s3}, learners |-> {}],
                 term |-> 1,
                 type |-> ConfigEntry ],
               [ value |->
                     [ newconf |-> {s3},
                       learners |-> {},
                       enterJoint |-> TRUE,
                       oldconf |-> {s1, s2, s3} ],
                 term |-> 2,
                 type |-> ConfigEntry ],
               [value |-> [val |-> v1], term |-> 2, type |-> ValueEntry],
               [value |-> [val |-> v2], term |-> 2, type |-> ValueEntry],
               [value |-> [val |-> 0], term |-> 2, type |-> ValueEntry],
               [value |-> [val |-> 0], term |-> 2, type |-> ValueEntry],
               [value |-> [val |-> v2], term |-> 2, type |-> ValueEntry] >>,
        snapshotIndex |-> 0,
        snapshotTerm |-> 0,
        commitIndex |-> 6,
        config |->
            [ learners |-> {},
              jointConfig |-> <<{s1, s2, s3}, {}>>,
              autoLeave |-> FALSE ],
        snapshotHistory |-> <<>> ] @@
  s2 :>
      [ currentTerm |-> 2,
        votedFor |-> s1,
        log |-> 6,
        entries |->
            << [ value |-> [newconf |-> {s1}, learners |-> {}],
                 term |-> 1,
                 type |-> ConfigEntry ],
               [ value |-> [newconf |-> {s1, s2}, learners |-> {}],
                 term |-> 1,
                 type |-> ConfigEntry ],
               [ value |-> [newconf |-> {s1, s2, s3}, learners |-> {}],
                 term |-> 1,
                 type |-> ConfigEntry ],
               [ value |->
                     [ newconf |-> {s3},
                       learners |-> {},
                       enterJoint |-> TRUE,
                       oldconf |-> {s1, s2, s3} ],
                 term |-> 2,
                 type |-> ConfigEntry ],
               [value |-> [val |-> v1], term |-> 2, type |-> ValueEntry],
               [value |-> [val |-> v2], term |-> 2, type |-> ValueEntry] >>,
        snapshotIndex |-> 0,
        snapshotTerm |-> 0,
        commitIndex |-> 3,
        config |->
            [ learners |-> {},
              jointConfig |-> <<{s1, s2, s3}, {}>>,
              autoLeave |-> FALSE ],
        snapshotHistory |-> <<>> ] @@
  s3 :>
      [ currentTerm |-> 2,
        votedFor |-> s3,
        log |-> 3,
        entries |->
            << [ value |-> [newconf |-> {s1, s2, s3}, learners |-> {}],
                 term |-> 1,
                 type |-> ConfigEntry ] >>,
        snapshotIndex |-> 2,
        snapshotTerm |-> 1,
        commitIndex |-> 3,
        config |->
            [ learners |-> {},
              jointConfig |-> <<{s1, s2, s3}, {}>>,
              autoLeave |-> FALSE ],
        snapshotHistory |->
            << [ value |-> [newconf |-> {s1}, learners |-> {}],
                 term |-> 1,
                 type |-> ConfigEntry ],
               [ value |-> [newconf |-> {s1, s2}, learners |-> {}],
                 term |-> 1,
                 type |-> ConfigEntry ] >> ] )
/\ historyLog = ( s1 :>
      << [ value |-> [newconf |-> {s1}, learners |-> {}],
           term |-> 1,
           type |-> ConfigEntry ],
         [ value |-> [newconf |-> {s1, s2}, learners |-> {}],
           term |-> 1,
           type |-> ConfigEntry ],
         [ value |-> [newconf |-> {s1, s2, s3}, learners |-> {}],
           term |-> 1,
           type |-> ConfigEntry ],
         [ value |->
               [ newconf |-> {s3},
                 learners |-> {},
                 enterJoint |-> TRUE,
                 oldconf |-> {s1, s2, s3} ],
           term |-> 2,
           type |-> ConfigEntry ],
         [value |-> [val |-> v1], term |-> 2, type |-> ValueEntry],
         [value |-> [val |-> v2], term |-> 2, type |-> ValueEntry],
         [value |-> [val |-> 0], term |-> 2, type |-> ValueEntry],
         [value |-> [val |-> 0], term |-> 2, type |-> ValueEntry],
         [value |-> [val |-> v2], term |-> 2, type |-> ValueEntry] >> @@
  s2 :>
      << [ value |-> [newconf |-> {s1}, learners |-> {}],
           term |-> 1,
           type |-> ConfigEntry ],
         [ value |-> [newconf |-> {s1, s2}, learners |-> {}],
           term |-> 1,
           type |-> ConfigEntry ],
         [ value |-> [newconf |-> {s1, s2, s3}, learners |-> {}],
           term |-> 1,
           type |-> ConfigEntry ],
         [ value |->
               [ newconf |-> {s3},
                 learners |-> {},
                 enterJoint |-> TRUE,
                 oldconf |-> {s1, s2, s3} ],
           term |-> 2,
           type |-> ConfigEntry ],
         [value |-> [val |-> v1], term |-> 2, type |-> ValueEntry],
         [value |-> [val |-> v2], term |-> 2, type |-> ValueEntry] >> @@
  s3 :>
      << [ value |-> [newconf |-> {s1}, learners |-> {}],
           term |-> 1,
           type |-> ConfigEntry ],
         [ value |-> [newconf |-> {s1, s2}, learners |-> {}],
           term |-> 1,
           type |-> ConfigEntry ],
         [ value |-> [newconf |-> {s1, s2, s3}, learners |-> {}],
           term |-> 1,
           type |-> ConfigEntry ] >> )
/\ nextIndex = ( s1 :> (s1 :> 9 @@ s2 :> 9 @@ s3 :> 9) @@
  s2 :> (s1 :> 1 @@ s2 :> 1 @@ s3 :> 1) @@
  s3 :> (s1 :> 1 @@ s2 :> 1 @@ s3 :> 1) )
/\ commitIndex = (s1 :> 6 @@ s2 :> 3 @@ s3 :> 3)
/\ inflights = ( s1 :> (s1 :> {} @@ s2 :> {} @@ s3 :> {}) @@
  s2 :> (s1 :> {} @@ s2 :> {} @@ s3 :> {}) @@
  s3 :> (s1 :> {} @@ s2 :> {} @@ s3 :> {}) )
/\ messages = ( [ mdest |-> s1,
    msource |-> s1,
    mterm |-> 2,
    mtype |-> AppendEntriesResponse,
    mseq |-> 20,
    msubtype |-> "app",
    msuccess |-> TRUE,
    mmatchIndex |-> 8,
    mrejectHint |-> 0,
    mlogTerm |-> 0 ] :>
      1 )
/\ currentTerm = (s1 :> 2 @@ s2 :> 2 @@ s3 :> 2)
/\ log = ( s1 :>
      [ offset |-> 1,
        entries |->
            << [ value |-> [newconf |-> {s1}, learners |-> {}],
                 term |-> 1,
                 type |-> ConfigEntry ],
               [ value |-> [newconf |-> {s1, s2}, learners |-> {}],
                 term |-> 1,
                 type |-> ConfigEntry ],
               [ value |-> [newconf |-> {s1, s2, s3}, learners |-> {}],
                 term |-> 1,
                 type |-> ConfigEntry ],
               [ value |->
                     [ newconf |-> {s3},
                       learners |-> {},
                       enterJoint |-> TRUE,
                       oldconf |-> {s1, s2, s3} ],
                 term |-> 2,
                 type |-> ConfigEntry ],
               [value |-> [val |-> v1], term |-> 2, type |-> ValueEntry],
               [value |-> [val |-> v2], term |-> 2, type |-> ValueEntry],
               [value |-> [val |-> 0], term |-> 2, type |-> ValueEntry],
               [value |-> [val |-> 0], term |-> 2, type |-> ValueEntry],
               [value |-> [val |-> v2], term |-> 2, type |-> ValueEntry] >>,
        snapshotIndex |-> 0,
        snapshotTerm |-> 0 ] @@
  s2 :>
      [ offset |-> 1,
        entries |->
            << [ value |-> [newconf |-> {s1}, learners |-> {}],
                 term |-> 1,
                 type |-> ConfigEntry ],
               [ value |-> [newconf |-> {s1, s2}, learners |-> {}],
                 term |-> 1,
                 type |-> ConfigEntry ],
               [ value |-> [newconf |-> {s1, s2, s3}, learners |-> {}],
                 term |-> 1,
                 type |-> ConfigEntry ],
               [ value |->
                     [ newconf |-> {s3},
                       learners |-> {},
                       enterJoint |-> TRUE,
                       oldconf |-> {s1, s2, s3} ],
                 term |-> 2,
                 type |-> ConfigEntry ],
               [value |-> [val |-> v1], term |-> 2, type |-> ValueEntry],
               [value |-> [val |-> v2], term |-> 2, type |-> ValueEntry] >>,
        snapshotIndex |-> 0,
        snapshotTerm |-> 0 ] @@
  s3 :>
      [ offset |-> 3,
        entries |->
            << [ value |-> [newconf |-> {s1, s2, s3}, learners |-> {}],
                 term |-> 1,
                 type |-> ConfigEntry ] >>,
        snapshotIndex |-> 2,
        snapshotTerm |-> 1 ] )
/\ partitions = (s1 :> 0 @@ s2 :> 0 @@ s3 :> 0)
/\ votesGranted = (s1 :> {s1, s2} @@ s2 :> {} @@ s3 :> {})
/\ pendingConfChangeIndex = (s1 :> 0 @@ s2 :> 0 @@ s3 :> 0)

@!@!@ENDMSG 2217 @!@!@
@!@!@STARTMSG 2217:4 @!@!@
55: <MCNextAsyncWithReady(s1) line 362, col 5 to line 362, col 35 of module MCetcdraft>
/\ progressState = ( s1 :> (s1 :> StateReplicate @@ s2 :> StateProbe @@ s3 :> StateProbe) @@
  s2 :> (s1 :> StateProbe @@ s2 :> StateProbe @@ s3 :> StateProbe) @@
  s3 :> (s1 :> StateProbe @@ s2 :> StateProbe @@ s3 :> StateProbe) )
/\ msgSeqCounter = 24
/\ constraintCounters = [ timeout |-> 2,
  request |-> 3,
  restart |-> 1,
  drop |-> 2,
  duplicate |-> 0,
  heartbeat |-> 4,
  stepDown |-> 1,
  snapshot |-> 1,
  compact |-> 1,
  confChange |-> 1,
  reportUnreachable |-> 1,
  partition |-> 0 ]
/\ pendingMessages = <<>>
/\ appliedConfigIndex = (s1 :> 0 @@ s2 :> 3 @@ s3 :> 3)
/\ reconfigCount = 1
/\ votesResponded = (s1 :> {s1, s2, s3} @@ s2 :> {} @@ s3 :> {})
/\ msgAppFlowPaused = ( s1 :> (s1 :> FALSE @@ s2 :> FALSE @@ s3 :> FALSE) @@
  s2 :> (s1 :> FALSE @@ s2 :> FALSE @@ s3 :> FALSE) @@
  s3 :> (s1 :> FALSE @@ s2 :> FALSE @@ s3 :> FALSE) )
/\ state = (s1 :> Leader @@ s2 :> Follower @@ s3 :> Follower)
/\ pendingSnapshot = ( s1 :> (s1 :> 0 @@ s2 :> 0 @@ s3 :> 0) @@
  s2 :> (s1 :> 0 @@ s2 :> 0 @@ s3 :> 0) @@
  s3 :> (s1 :> 0 @@ s2 :> 0 @@ s3 :> 0) )
/\ config = ( s1 :> [learners |-> {}, jointConfig |-> <<{s3}, {}>>, autoLeave |-> FALSE] @@
  s2 :>
      [ learners |-> {},
        jointConfig |-> <<{s1, s2, s3}, {}>>,
        autoLeave |-> FALSE ] @@
  s3 :>
      [ learners |-> {},
        jointConfig |-> <<{s1, s2, s3}, {}>>,
        autoLeave |-> FALSE ] )
/\ matchIndex = ( s1 :> (s1 :> 7 @@ s2 :> 0 @@ s3 :> 0) @@
  s2 :> (s1 :> 0 @@ s2 :> 0 @@ s3 :> 0) @@
  s3 :> (s1 :> 0 @@ s2 :> 0 @@ s3 :> 0) )
/\ applied = (s1 :> 3 @@ s2 :> 0 @@ s3 :> 3)
/\ votedFor = (s1 :> s1 @@ s2 :> s1 @@ s3 :> s3)
/\ durableState = ( s1 :>
      [ currentTerm |-> 2,
        votedFor |-> s1,
        log |-> 9,
        entries |->
            << [ value |-> [newconf |-> {s1}, learners |-> {}],
                 term |-> 1,
                 type |-> ConfigEntry ],
               [ value |-> [newconf |-> {s1, s2}, learners |-> {}],
                 term |-> 1,
                 type |-> ConfigEntry ],
               [ value |-> [newconf |-> {s1, s2, s3}, learners |-> {}],
                 term |-> 1,
                 type |-> ConfigEntry ],
               [ value |->
                     [ newconf |-> {s3},
                       learners |-> {},
                       enterJoint |-> TRUE,
                       oldconf |-> {s1, s2, s3} ],
                 term |-> 2,
                 type |-> ConfigEntry ],
               [value |-> [val |-> v1], term |-> 2, type |-> ValueEntry],
               [value |-> [val |-> v2], term |-> 2, type |-> ValueEntry],
               [value |-> [val |-> 0], term |-> 2, type |-> ValueEntry],
               [value |-> [val |-> 0], term |-> 2, type |-> ValueEntry],
               [value |-> [val |-> v2], term |-> 2, type |-> ValueEntry] >>,
        snapshotIndex |-> 0,
        snapshotTerm |-> 0,
        commitIndex |-> 6,
        config |->
            [ learners |-> {},
              jointConfig |-> <<{s3}, {}>>,
              autoLeave |-> FALSE ],
        snapshotHistory |-> <<>> ] @@
  s2 :>
      [ currentTerm |-> 2,
        votedFor |-> s1,
        log |-> 6,
        entries |->
            << [ value |-> [newconf |-> {s1}, learners |-> {}],
                 term |-> 1,
                 type |-> ConfigEntry ],
               [ value |-> [newconf |-> {s1, s2}, learners |-> {}],
                 term |-> 1,
                 type |-> ConfigEntry ],
               [ value |-> [newconf |-> {s1, s2, s3}, learners |-> {}],
                 term |-> 1,
                 type |-> ConfigEntry ],
               [ value |->
                     [ newconf |-> {s3},
                       learners |-> {},
                       enterJoint |-> TRUE,
                       oldconf |-> {s1, s2, s3} ],
                 term |-> 2,
                 type |-> ConfigEntry ],
               [value |-> [val |-> v1], term |-> 2, type |-> ValueEntry],
               [value |-> [val |-> v2], term |-> 2, type |-> ValueEntry] >>,
        snapshotIndex |-> 0,
        snapshotTerm |-> 0,
        commitIndex |-> 3,
        config |->
            [ learners |-> {},
              jointConfig |-> <<{s1, s2, s3}, {}>>,
              autoLeave |-> FALSE ],
        snapshotHistory |-> <<>> ] @@
  s3 :>
      [ currentTerm |-> 2,
        votedFor |-> s3,
        log |-> 3,
        entries |->
            << [ value |-> [newconf |-> {s1, s2, s3}, learners |-> {}],
                 term |-> 1,
                 type |-> ConfigEntry ] >>,
        snapshotIndex |-> 2,
        snapshotTerm |-> 1,
        commitIndex |-> 3,
        config |->
            [ learners |-> {},
              jointConfig |-> <<{s1, s2, s3}, {}>>,
              autoLeave |-> FALSE ],
        snapshotHistory |->
            << [ value |-> [newconf |-> {s1}, learners |-> {}],
                 term |-> 1,
                 type |-> ConfigEntry ],
               [ value |-> [newconf |-> {s1, s2}, learners |-> {}],
                 term |-> 1,
                 type |-> ConfigEntry ] >> ] )
/\ historyLog = ( s1 :>
      << [ value |-> [newconf |-> {s1}, learners |-> {}],
           term |-> 1,
           type |-> ConfigEntry ],
         [ value |-> [newconf |-> {s1, s2}, learners |-> {}],
           term |-> 1,
           type |-> ConfigEntry ],
         [ value |-> [newconf |-> {s1, s2, s3}, learners |-> {}],
           term |-> 1,
           type |-> ConfigEntry ],
         [ value |->
               [ newconf |-> {s3},
                 learners |-> {},
                 enterJoint |-> TRUE,
                 oldconf |-> {s1, s2, s3} ],
           term |-> 2,
           type |-> ConfigEntry ],
         [value |-> [val |-> v1], term |-> 2, type |-> ValueEntry],
         [value |-> [val |-> v2], term |-> 2, type |-> ValueEntry],
         [value |-> [val |-> 0], term |-> 2, type |-> ValueEntry],
         [value |-> [val |-> 0], term |-> 2, type |-> ValueEntry],
         [value |-> [val |-> v2], term |-> 2, type |-> ValueEntry] >> @@
  s2 :>
      << [ value |-> [newconf |-> {s1}, learners |-> {}],
           term |-> 1,
           type |-> ConfigEntry ],
         [ value |-> [newconf |-> {s1, s2}, learners |-> {}],
           term |-> 1,
           type |-> ConfigEntry ],
         [ value |-> [newconf |-> {s1, s2, s3}, learners |-> {}],
           term |-> 1,
           type |-> ConfigEntry ],
         [ value |->
               [ newconf |-> {s3},
                 learners |-> {},
                 enterJoint |-> TRUE,
                 oldconf |-> {s1, s2, s3} ],
           term |-> 2,
           type |-> ConfigEntry ],
         [value |-> [val |-> v1], term |-> 2, type |-> ValueEntry],
         [value |-> [val |-> v2], term |-> 2, type |-> ValueEntry] >> @@
  s3 :>
      << [ value |-> [newconf |-> {s1}, learners |-> {}],
           term |-> 1,
           type |-> ConfigEntry ],
         [ value |-> [newconf |-> {s1, s2}, learners |-> {}],
           term |-> 1,
           type |-> ConfigEntry ],
         [ value |-> [newconf |-> {s1, s2, s3}, learners |-> {}],
           term |-> 1,
           type |-> ConfigEntry ] >> )
/\ nextIndex = ( s1 :> (s1 :> 9 @@ s2 :> 9 @@ s3 :> 9) @@
  s2 :> (s1 :> 1 @@ s2 :> 1 @@ s3 :> 1) @@
  s3 :> (s1 :> 1 @@ s2 :> 1 @@ s3 :> 1) )
/\ commitIndex = (s1 :> 6 @@ s2 :> 3 @@ s3 :> 3)
/\ inflights = ( s1 :> (s1 :> {} @@ s2 :> {} @@ s3 :> {}) @@
  s2 :> (s1 :> {} @@ s2 :> {} @@ s3 :> {}) @@
  s3 :> (s1 :> {} @@ s2 :> {} @@ s3 :> {}) )
/\ messages = ( [ mdest |-> s1,
    msource |-> s1,
    mterm |-> 2,
    mtype |-> AppendEntriesResponse,
    mseq |-> 20,
    msubtype |-> "app",
    msuccess |-> TRUE,
    mmatchIndex |-> 8,
    mrejectHint |-> 0,
    mlogTerm |-> 0 ] :>
      1 @@
  [ mdest |-> s1,
    msource |-> s1,
    mterm |-> 2,
    mtype |-> AppendEntriesResponse,
    mseq |-> 23,
    msubtype |-> "app",
    msuccess |-> TRUE,
    mmatchIndex |-> 9,
    mrejectHint |-> 0,
    mlogTerm |-> 0 ] :>
      1 )
/\ currentTerm = (s1 :> 2 @@ s2 :> 2 @@ s3 :> 2)
/\ log = ( s1 :>
      [ offset |-> 1,
        entries |->
            << [ value |-> [newconf |-> {s1}, learners |-> {}],
                 term |-> 1,
                 type |-> ConfigEntry ],
               [ value |-> [newconf |-> {s1, s2}, learners |-> {}],
                 term |-> 1,
                 type |-> ConfigEntry ],
               [ value |-> [newconf |-> {s1, s2, s3}, learners |-> {}],
                 term |-> 1,
                 type |-> ConfigEntry ],
               [ value |->
                     [ newconf |-> {s3},
                       learners |-> {},
                       enterJoint |-> TRUE,
                       oldconf |-> {s1, s2, s3} ],
                 term |-> 2,
                 type |-> ConfigEntry ],
               [value |-> [val |-> v1], term |-> 2, type |-> ValueEntry],
               [value |-> [val |-> v2], term |-> 2, type |-> ValueEntry],
               [value |-> [val |-> 0], term |-> 2, type |-> ValueEntry],
               [value |-> [val |-> 0], term |-> 2, type |-> ValueEntry],
               [value |-> [val |-> v2], term |-> 2, type |-> ValueEntry] >>,
        snapshotIndex |-> 0,
        snapshotTerm |-> 0 ] @@
  s2 :>
      [ offset |-> 1,
        entries |->
            << [ value |-> [newconf |-> {s1}, learners |-> {}],
                 term |-> 1,
                 type |-> ConfigEntry ],
               [ value |-> [newconf |-> {s1, s2}, learners |-> {}],
                 term |-> 1,
                 type |-> ConfigEntry ],
               [ value |-> [newconf |-> {s1, s2, s3}, learners |-> {}],
                 term |-> 1,
                 type |-> ConfigEntry ],
               [ value |->
                     [ newconf |-> {s3},
                       learners |-> {},
                       enterJoint |-> TRUE,
                       oldconf |-> {s1, s2, s3} ],
                 term |-> 2,
                 type |-> ConfigEntry ],
               [value |-> [val |-> v1], term |-> 2, type |-> ValueEntry],
               [value |-> [val |-> v2], term |-> 2, type |-> ValueEntry] >>,
        snapshotIndex |-> 0,
        snapshotTerm |-> 0 ] @@
  s3 :>
      [ offset |-> 3,
        entries |->
            << [ value |-> [newconf |-> {s1, s2, s3}, learners |-> {}],
                 term |-> 1,
                 type |-> ConfigEntry ] >>,
        snapshotIndex |-> 2,
        snapshotTerm |-> 1 ] )
/\ partitions = (s1 :> 0 @@ s2 :> 0 @@ s3 :> 0)
/\ votesGranted = (s1 :> {s1, s2} @@ s2 :> {} @@ s3 :> {})
/\ pendingConfChangeIndex = (s1 :> 0 @@ s2 :> 0 @@ s3 :> 0)

@!@!@ENDMSG 2217 @!@!@
@!@!@STARTMSG 2217:4 @!@!@
56: <MCDynamicConfigActions line 417, col 8 to line 418, col 29 of module MCetcdraft>
/\ progressState = ( s1 :> (s1 :> StateReplicate @@ s2 :> StateProbe @@ s3 :> StateProbe) @@
  s2 :> (s1 :> StateProbe @@ s2 :> StateProbe @@ s3 :> StateProbe) @@
  s3 :> (s1 :> StateProbe @@ s2 :> StateProbe @@ s3 :> StateProbe) )
/\ msgSeqCounter = 24
/\ constraintCounters = [ timeout |-> 2,
  request |-> 3,
  restart |-> 1,
  drop |-> 2,
  duplicate |-> 0,
  heartbeat |-> 4,
  stepDown |-> 1,
  snapshot |-> 1,
  compact |-> 1,
  confChange |-> 1,
  reportUnreachable |-> 1,
  partition |-> 0 ]
/\ pendingMessages = <<>>
/\ appliedConfigIndex = (s1 :> 1 @@ s2 :> 3 @@ s3 :> 3)
/\ reconfigCount = 1
/\ votesResponded = (s1 :> {s1, s2, s3} @@ s2 :> {} @@ s3 :> {})
/\ msgAppFlowPaused = ( s1 :> (s1 :> FALSE @@ s2 :> FALSE @@ s3 :> FALSE) @@
  s2 :> (s1 :> FALSE @@ s2 :> FALSE @@ s3 :> FALSE) @@
  s3 :> (s1 :> FALSE @@ s2 :> FALSE @@ s3 :> FALSE) )
/\ state = (s1 :> Leader @@ s2 :> Follower @@ s3 :> Follower)
/\ pendingSnapshot = ( s1 :> (s1 :> 0 @@ s2 :> 0 @@ s3 :> 0) @@
  s2 :> (s1 :> 0 @@ s2 :> 0 @@ s3 :> 0) @@
  s3 :> (s1 :> 0 @@ s2 :> 0 @@ s3 :> 0) )
/\ config = ( s1 :> [learners |-> {}, jointConfig |-> <<{s1}, {}>>, autoLeave |-> FALSE] @@
  s2 :>
      [ learners |-> {},
        jointConfig |-> <<{s1, s2, s3}, {}>>,
        autoLeave |-> FALSE ] @@
  s3 :>
      [ learners |-> {},
        jointConfig |-> <<{s1, s2, s3}, {}>>,
        autoLeave |-> FALSE ] )
/\ matchIndex = ( s1 :> (s1 :> 7 @@ s2 :> 0 @@ s3 :> 0) @@
  s2 :> (s1 :> 0 @@ s2 :> 0 @@ s3 :> 0) @@
  s3 :> (s1 :> 0 @@ s2 :> 0 @@ s3 :> 0) )
/\ applied = (s1 :> 3 @@ s2 :> 0 @@ s3 :> 3)
/\ votedFor = (s1 :> s1 @@ s2 :> s1 @@ s3 :> s3)
/\ durableState = ( s1 :>
      [ currentTerm |-> 2,
        votedFor |-> s1,
        log |-> 9,
        entries |->
            << [ value |-> [newconf |-> {s1}, learners |-> {}],
                 term |-> 1,
                 type |-> ConfigEntry ],
               [ value |-> [newconf |-> {s1, s2}, learners |-> {}],
                 term |-> 1,
                 type |-> ConfigEntry ],
               [ value |-> [newconf |-> {s1, s2, s3}, learners |-> {}],
                 term |-> 1,
                 type |-> ConfigEntry ],
               [ value |->
                     [ newconf |-> {s3},
                       learners |-> {},
                       enterJoint |-> TRUE,
                       oldconf |-> {s1, s2, s3} ],
                 term |-> 2,
                 type |-> ConfigEntry ],
               [value |-> [val |-> v1], term |-> 2, type |-> ValueEntry],
               [value |-> [val |-> v2], term |-> 2, type |-> ValueEntry],
               [value |-> [val |-> 0], term |-> 2, type |-> ValueEntry],
               [value |-> [val |-> 0], term |-> 2, type |-> ValueEntry],
               [value |-> [val |-> v2], term |-> 2, type |-> ValueEntry] >>,
        snapshotIndex |-> 0,
        snapshotTerm |-> 0,
        commitIndex |-> 6,
        config |->
            [ learners |-> {},
              jointConfig |-> <<{s3}, {}>>,
              autoLeave |-> FALSE ],
        snapshotHistory |-> <<>> ] @@
  s2 :>
      [ currentTerm |-> 2,
        votedFor |-> s1,
        log |-> 6,
        entries |->
            << [ value |-> [newconf |-> {s1}, learners |-> {}],
                 term |-> 1,
                 type |-> ConfigEntry ],
               [ value |-> [newconf |-> {s1, s2}, learners |-> {}],
                 term |-> 1,
                 type |-> ConfigEntry ],
               [ value |-> [newconf |-> {s1, s2, s3}, learners |-> {}],
                 term |-> 1,
                 type |-> ConfigEntry ],
               [ value |->
                     [ newconf |-> {s3},
                       learners |-> {},
                       enterJoint |-> TRUE,
                       oldconf |-> {s1, s2, s3} ],
                 term |-> 2,
                 type |-> ConfigEntry ],
               [value |-> [val |-> v1], term |-> 2, type |-> ValueEntry],
               [value |-> [val |-> v2], term |-> 2, type |-> ValueEntry] >>,
        snapshotIndex |-> 0,
        snapshotTerm |-> 0,
        commitIndex |-> 3,
        config |->
            [ learners |-> {},
              jointConfig |-> <<{s1, s2, s3}, {}>>,
              autoLeave |-> FALSE ],
        snapshotHistory |-> <<>> ] @@
  s3 :>
      [ currentTerm |-> 2,
        votedFor |-> s3,
        log |-> 3,
        entries |->
            << [ value |-> [newconf |-> {s1, s2, s3}, learners |-> {}],
                 term |-> 1,
                 type |-> ConfigEntry ] >>,
        snapshotIndex |-> 2,
        snapshotTerm |-> 1,
        commitIndex |-> 3,
        config |->
            [ learners |-> {},
              jointConfig |-> <<{s1, s2, s3}, {}>>,
              autoLeave |-> FALSE ],
        snapshotHistory |->
            << [ value |-> [newconf |-> {s1}, learners |-> {}],
                 term |-> 1,
                 type |-> ConfigEntry ],
               [ value |-> [newconf |-> {s1, s2}, learners |-> {}],
                 term |-> 1,
                 type |-> ConfigEntry ] >> ] )
/\ historyLog = ( s1 :>
      << [ value |-> [newconf |-> {s1}, learners |-> {}],
           term |-> 1,
           type |-> ConfigEntry ],
         [ value |-> [newconf |-> {s1, s2}, learners |-> {}],
           term |-> 1,
           type |-> ConfigEntry ],
         [ value |-> [newconf |-> {s1, s2, s3}, learners |-> {}],
           term |-> 1,
           type |-> ConfigEntry ],
         [ value |->
               [ newconf |-> {s3},
                 learners |-> {},
                 enterJoint |-> TRUE,
                 oldconf |-> {s1, s2, s3} ],
           term |-> 2,
           type |-> ConfigEntry ],
         [value |-> [val |-> v1], term |-> 2, type |-> ValueEntry],
         [value |-> [val |-> v2], term |-> 2, type |-> ValueEntry],
         [value |-> [val |-> 0], term |-> 2, type |-> ValueEntry],
         [value |-> [val |-> 0], term |-> 2, type |-> ValueEntry],
         [value |-> [val |-> v2], term |-> 2, type |-> ValueEntry] >> @@
  s2 :>
      << [ value |-> [newconf |-> {s1}, learners |-> {}],
           term |-> 1,
           type |-> ConfigEntry ],
         [ value |-> [newconf |-> {s1, s2}, learners |-> {}],
           term |-> 1,
           type |-> ConfigEntry ],
         [ value |-> [newconf |-> {s1, s2, s3}, learners |-> {}],
           term |-> 1,
           type |-> ConfigEntry ],
         [ value |->
               [ newconf |-> {s3},
                 learners |-> {},
                 enterJoint |-> TRUE,
                 oldconf |-> {s1, s2, s3} ],
           term |-> 2,
           type |-> ConfigEntry ],
         [value |-> [val |-> v1], term |-> 2, type |-> ValueEntry],
         [value |-> [val |-> v2], term |-> 2, type |-> ValueEntry] >> @@
  s3 :>
      << [ value |-> [newconf |-> {s1}, learners |-> {}],
           term |-> 1,
           type |-> ConfigEntry ],
         [ value |-> [newconf |-> {s1, s2}, learners |-> {}],
           term |-> 1,
           type |-> ConfigEntry ],
         [ value |-> [newconf |-> {s1, s2, s3}, learners |-> {}],
           term |-> 1,
           type |-> ConfigEntry ] >> )
/\ nextIndex = ( s1 :> (s1 :> 9 @@ s2 :> 9 @@ s3 :> 9) @@
  s2 :> (s1 :> 1 @@ s2 :> 1 @@ s3 :> 1) @@
  s3 :> (s1 :> 1 @@ s2 :> 1 @@ s3 :> 1) )
/\ commitIndex = (s1 :> 6 @@ s2 :> 3 @@ s3 :> 3)
/\ inflights = ( s1 :> (s1 :> {} @@ s2 :> {} @@ s3 :> {}) @@
  s2 :> (s1 :> {} @@ s2 :> {} @@ s3 :> {}) @@
  s3 :> (s1 :> {} @@ s2 :> {} @@ s3 :> {}) )
/\ messages = ( [ mdest |-> s1,
    msource |-> s1,
    mterm |-> 2,
    mtype |-> AppendEntriesResponse,
    mseq |-> 20,
    msubtype |-> "app",
    msuccess |-> TRUE,
    mmatchIndex |-> 8,
    mrejectHint |-> 0,
    mlogTerm |-> 0 ] :>
      1 @@
  [ mdest |-> s1,
    msource |-> s1,
    mterm |-> 2,
    mtype |-> AppendEntriesResponse,
    mseq |-> 23,
    msubtype |-> "app",
    msuccess |-> TRUE,
    mmatchIndex |-> 9,
    mrejectHint |-> 0,
    mlogTerm |-> 0 ] :>
      1 )
/\ currentTerm = (s1 :> 2 @@ s2 :> 2 @@ s3 :> 2)
/\ log = ( s1 :>
      [ offset |-> 1,
        entries |->
            << [ value |-> [newconf |-> {s1}, learners |-> {}],
                 term |-> 1,
                 type |-> ConfigEntry ],
               [ value |-> [newconf |-> {s1, s2}, learners |-> {}],
                 term |-> 1,
                 type |-> ConfigEntry ],
               [ value |-> [newconf |-> {s1, s2, s3}, learners |-> {}],
                 term |-> 1,
                 type |-> ConfigEntry ],
               [ value |->
                     [ newconf |-> {s3},
                       learners |-> {},
                       enterJoint |-> TRUE,
                       oldconf |-> {s1, s2, s3} ],
                 term |-> 2,
                 type |-> ConfigEntry ],
               [value |-> [val |-> v1], term |-> 2, type |-> ValueEntry],
               [value |-> [val |-> v2], term |-> 2, type |-> ValueEntry],
               [value |-> [val |-> 0], term |-> 2, type |-> ValueEntry],
               [value |-> [val |-> 0], term |-> 2, type |-> ValueEntry],
               [value |-> [val |-> v2], term |-> 2, type |-> ValueEntry] >>,
        snapshotIndex |-> 0,
        snapshotTerm |-> 0 ] @@
  s2 :>
      [ offset |-> 1,
        entries |->
            << [ value |-> [newconf |-> {s1}, learners |-> {}],
                 term |-> 1,
                 type |-> ConfigEntry ],
               [ value |-> [newconf |-> {s1, s2}, learners |-> {}],
                 term |-> 1,
                 type |-> ConfigEntry ],
               [ value |-> [newconf |-> {s1, s2, s3}, learners |-> {}],
                 term |-> 1,
                 type |-> ConfigEntry ],
               [ value |->
                     [ newconf |-> {s3},
                       learners |-> {},
                       enterJoint |-> TRUE,
                       oldconf |-> {s1, s2, s3} ],
                 term |-> 2,
                 type |-> ConfigEntry ],
               [value |-> [val |-> v1], term |-> 2, type |-> ValueEntry],
               [value |-> [val |-> v2], term |-> 2, type |-> ValueEntry] >>,
        snapshotIndex |-> 0,
        snapshotTerm |-> 0 ] @@
  s3 :>
      [ offset |-> 3,
        entries |->
            << [ value |-> [newconf |-> {s1, s2, s3}, learners |-> {}],
                 term |-> 1,
                 type |-> ConfigEntry ] >>,
        snapshotIndex |-> 2,
        snapshotTerm |-> 1 ] )
/\ partitions = (s1 :> 0 @@ s2 :> 0 @@ s3 :> 0)
/\ votesGranted = (s1 :> {s1, s2} @@ s2 :> {} @@ s3 :> {})
/\ pendingConfChangeIndex = (s1 :> 0 @@ s2 :> 0 @@ s3 :> 0)

@!@!@ENDMSG 2217 @!@!@
@!@!@STARTMSG 2217:4 @!@!@
57: <MCDynamicConfigActions line 426, col 8 to line 436, col 29 of module MCetcdraft>
/\ progressState = ( s1 :> (s1 :> StateReplicate @@ s2 :> StateProbe @@ s3 :> StateProbe) @@
  s2 :> (s1 :> StateProbe @@ s2 :> StateProbe @@ s3 :> StateProbe) @@
  s3 :> (s1 :> StateProbe @@ s2 :> StateProbe @@ s3 :> StateProbe) )
/\ msgSeqCounter = 24
/\ constraintCounters = [ timeout |-> 2,
  request |-> 3,
  restart |-> 1,
  drop |-> 2,
  duplicate |-> 0,
  heartbeat |-> 4,
  stepDown |-> 1,
  snapshot |-> 1,
  compact |-> 1,
  confChange |-> 1,
  reportUnreachable |-> 1,
  partition |-> 0 ]
/\ pendingMessages = <<>>
/\ appliedConfigIndex = (s1 :> 0 @@ s2 :> 3 @@ s3 :> 3)
/\ reconfigCount = 1
/\ votesResponded = (s1 :> {s1, s2, s3} @@ s2 :> {} @@ s3 :> {})
/\ msgAppFlowPaused = ( s1 :> (s1 :> FALSE @@ s2 :> FALSE @@ s3 :> FALSE) @@
  s2 :> (s1 :> FALSE @@ s2 :> FALSE @@ s3 :> FALSE) @@
  s3 :> (s1 :> FALSE @@ s2 :> FALSE @@ s3 :> FALSE) )
/\ state = (s1 :> Leader @@ s2 :> Follower @@ s3 :> Follower)
/\ pendingSnapshot = ( s1 :> (s1 :> 0 @@ s2 :> 0 @@ s3 :> 0) @@
  s2 :> (s1 :> 0 @@ s2 :> 0 @@ s3 :> 0) @@
  s3 :> (s1 :> 0 @@ s2 :> 0 @@ s3 :> 0) )
/\ config = ( s1 :> [learners |-> {}, jointConfig |-> <<{s3}, {}>>, autoLeave |-> FALSE] @@
  s2 :>
      [ learners |-> {},
        jointConfig |-> <<{s1, s2, s3}, {}>>,
        autoLeave |-> FALSE ] @@
  s3 :>
      [ learners |-> {},
        jointConfig |-> <<{s1, s2, s3}, {}>>,
        autoLeave |-> FALSE ] )
/\ matchIndex = ( s1 :> (s1 :> 7 @@ s2 :> 0 @@ s3 :> 0) @@
  s2 :> (s1 :> 0 @@ s2 :> 0 @@ s3 :> 0) @@
  s3 :> (s1 :> 0 @@ s2 :> 0 @@ s3 :> 0) )
/\ applied = (s1 :> 3 @@ s2 :> 0 @@ s3 :> 3)
/\ votedFor = (s1 :> s1 @@ s2 :> s1 @@ s3 :> s3)
/\ durableState = ( s1 :>
      [ currentTerm |-> 2,
        votedFor |-> s1,
        log |-> 9,
        entries |->
            << [ value |-> [newconf |-> {s1}, learners |-> {}],
                 term |-> 1,
                 type |-> ConfigEntry ],
               [ value |-> [newconf |-> {s1, s2}, learners |-> {}],
                 term |-> 1,
                 type |-> ConfigEntry ],
               [ value |-> [newconf |-> {s1, s2, s3}, learners |-> {}],
                 term |-> 1,
                 type |-> ConfigEntry ],
               [ value |->
                     [ newconf |-> {s3},
                       learners |-> {},
                       enterJoint |-> TRUE,
                       oldconf |-> {s1, s2, s3} ],
                 term |-> 2,
                 type |-> ConfigEntry ],
               [value |-> [val |-> v1], term |-> 2, type |-> ValueEntry],
               [value |-> [val |-> v2], term |-> 2, type |-> ValueEntry],
               [value |-> [val |-> 0], term |-> 2, type |-> ValueEntry],
               [value |-> [val |-> 0], term |-> 2, type |-> ValueEntry],
               [value |-> [val |-> v2], term |-> 2, type |-> ValueEntry] >>,
        snapshotIndex |-> 0,
        snapshotTerm |-> 0,
        commitIndex |-> 6,
        config |->
            [ learners |-> {},
              jointConfig |-> <<{s3}, {}>>,
              autoLeave |-> FALSE ],
        snapshotHistory |-> <<>> ] @@
  s2 :>
      [ currentTerm |-> 2,
        votedFor |-> s1,
        log |-> 6,
        entries |->
            << [ value |-> [newconf |-> {s1}, learners |-> {}],
                 term |-> 1,
                 type |-> ConfigEntry ],
               [ value |-> [newconf |-> {s1, s2}, learners |-> {}],
                 term |-> 1,
                 type |-> ConfigEntry ],
               [ value |-> [newconf |-> {s1, s2, s3}, learners |-> {}],
                 term |-> 1,
                 type |-> ConfigEntry ],
               [ value |->
                     [ newconf |-> {s3},
                       learners |-> {},
                       enterJoint |-> TRUE,
                       oldconf |-> {s1, s2, s3} ],
                 term |-> 2,
                 type |-> ConfigEntry ],
               [value |-> [val |-> v1], term |-> 2, type |-> ValueEntry],
               [value |-> [val |-> v2], term |-> 2, type |-> ValueEntry] >>,
        snapshotIndex |-> 0,
        snapshotTerm |-> 0,
        commitIndex |-> 3,
        config |->
            [ learners |-> {},
              jointConfig |-> <<{s1, s2, s3}, {}>>,
              autoLeave |-> FALSE ],
        snapshotHistory |-> <<>> ] @@
  s3 :>
      [ currentTerm |-> 2,
        votedFor |-> s3,
        log |-> 3,
        entries |->
            << [ value |-> [newconf |-> {s1, s2, s3}, learners |-> {}],
                 term |-> 1,
                 type |-> ConfigEntry ] >>,
        snapshotIndex |-> 2,
        snapshotTerm |-> 1,
        commitIndex |-> 3,
        config |->
            [ learners |-> {},
              jointConfig |-> <<{s1, s2, s3}, {}>>,
              autoLeave |-> FALSE ],
        snapshotHistory |->
            << [ value |-> [newconf |-> {s1}, learners |-> {}],
                 term |-> 1,
                 type |-> ConfigEntry ],
               [ value |-> [newconf |-> {s1, s2}, learners |-> {}],
                 term |-> 1,
                 type |-> ConfigEntry ] >> ] )
/\ historyLog = ( s1 :>
      << [ value |-> [newconf |-> {s1}, learners |-> {}],
           term |-> 1,
           type |-> ConfigEntry ],
         [ value |-> [newconf |-> {s1, s2}, learners |-> {}],
           term |-> 1,
           type |-> ConfigEntry ],
         [ value |-> [newconf |-> {s1, s2, s3}, learners |-> {}],
           term |-> 1,
           type |-> ConfigEntry ],
         [ value |->
               [ newconf |-> {s3},
                 learners |-> {},
                 enterJoint |-> TRUE,
                 oldconf |-> {s1, s2, s3} ],
           term |-> 2,
           type |-> ConfigEntry ],
         [value |-> [val |-> v1], term |-> 2, type |-> ValueEntry],
         [value |-> [val |-> v2], term |-> 2, type |-> ValueEntry],
         [value |-> [val |-> 0], term |-> 2, type |-> ValueEntry],
         [value |-> [val |-> 0], term |-> 2, type |-> ValueEntry],
         [value |-> [val |-> v2], term |-> 2, type |-> ValueEntry] >> @@
  s2 :>
      << [ value |-> [newconf |-> {s1}, learners |-> {}],
           term |-> 1,
           type |-> ConfigEntry ],
         [ value |-> [newconf |-> {s1, s2}, learners |-> {}],
           term |-> 1,
           type |-> ConfigEntry ],
         [ value |-> [newconf |-> {s1, s2, s3}, learners |-> {}],
           term |-> 1,
           type |-> ConfigEntry ],
         [ value |->
               [ newconf |-> {s3},
                 learners |-> {},
                 enterJoint |-> TRUE,
                 oldconf |-> {s1, s2, s3} ],
           term |-> 2,
           type |-> ConfigEntry ],
         [value |-> [val |-> v1], term |-> 2, type |-> ValueEntry],
         [value |-> [val |-> v2], term |-> 2, type |-> ValueEntry] >> @@
  s3 :>
      << [ value |-> [newconf |-> {s1}, learners |-> {}],
           term |-> 1,
           type |-> ConfigEntry ],
         [ value |-> [newconf |-> {s1, s2}, learners |-> {}],
           term |-> 1,
           type |-> ConfigEntry ],
         [ value |-> [newconf |-> {s1, s2, s3}, learners |-> {}],
           term |-> 1,
           type |-> ConfigEntry ] >> )
/\ nextIndex = ( s1 :> (s1 :> 9 @@ s2 :> 9 @@ s3 :> 9) @@
  s2 :> (s1 :> 1 @@ s2 :> 1 @@ s3 :> 1) @@
  s3 :> (s1 :> 1 @@ s2 :> 1 @@ s3 :> 1) )
/\ commitIndex = (s1 :> 6 @@ s2 :> 3 @@ s3 :> 3)
/\ inflights = ( s1 :> (s1 :> {} @@ s2 :> {} @@ s3 :> {}) @@
  s2 :> (s1 :> {} @@ s2 :> {} @@ s3 :> {}) @@
  s3 :> (s1 :> {} @@ s2 :> {} @@ s3 :> {}) )
/\ messages = ( [ mdest |-> s1,
    msource |-> s1,
    mterm |-> 2,
    mtype |-> AppendEntriesResponse,
    mseq |-> 20,
    msubtype |-> "app",
    msuccess |-> TRUE,
    mmatchIndex |-> 8,
    mrejectHint |-> 0,
    mlogTerm |-> 0 ] :>
      1 @@
  [ mdest |-> s1,
    msource |-> s1,
    mterm |-> 2,
    mtype |-> AppendEntriesResponse,
    mseq |-> 23,
    msubtype |-> "app",
    msuccess |-> TRUE,
    mmatchIndex |-> 9,
    mrejectHint |-> 0,
    mlogTerm |-> 0 ] :>
      1 )
/\ currentTerm = (s1 :> 2 @@ s2 :> 2 @@ s3 :> 2)
/\ log = ( s1 :>
      [ offset |-> 1,
        entries |->
            << [ value |-> [newconf |-> {s1}, learners |-> {}],
                 term |-> 1,
                 type |-> ConfigEntry ],
               [ value |-> [newconf |-> {s1, s2}, learners |-> {}],
                 term |-> 1,
                 type |-> ConfigEntry ],
               [ value |-> [newconf |-> {s1, s2, s3}, learners |-> {}],
                 term |-> 1,
                 type |-> ConfigEntry ],
               [ value |->
                     [ newconf |-> {s3},
                       learners |-> {},
                       enterJoint |-> TRUE,
                       oldconf |-> {s1, s2, s3} ],
                 term |-> 2,
                 type |-> ConfigEntry ],
               [value |-> [val |-> v1], term |-> 2, type |-> ValueEntry],
               [value |-> [val |-> v2], term |-> 2, type |-> ValueEntry],
               [value |-> [val |-> 0], term |-> 2, type |-> ValueEntry],
               [value |-> [val |-> 0], term |-> 2, type |-> ValueEntry],
               [value |-> [val |-> v2], term |-> 2, type |-> ValueEntry] >>,
        snapshotIndex |-> 0,
        snapshotTerm |-> 0 ] @@
  s2 :>
      [ offset |-> 1,
        entries |->
            << [ value |-> [newconf |-> {s1}, learners |-> {}],
                 term |-> 1,
                 type |-> ConfigEntry ],
               [ value |-> [newconf |-> {s1, s2}, learners |-> {}],
                 term |-> 1,
                 type |-> ConfigEntry ],
               [ value |-> [newconf |-> {s1, s2, s3}, learners |-> {}],
                 term |-> 1,
                 type |-> ConfigEntry ],
               [ value |->
                     [ newconf |-> {s3},
                       learners |-> {},
                       enterJoint |-> TRUE,
                       oldconf |-> {s1, s2, s3} ],
                 term |-> 2,
                 type |-> ConfigEntry ],
               [value |-> [val |-> v1], term |-> 2, type |-> ValueEntry],
               [value |-> [val |-> v2], term |-> 2, type |-> ValueEntry] >>,
        snapshotIndex |-> 0,
        snapshotTerm |-> 0 ] @@
  s3 :>
      [ offset |-> 3,
        entries |->
            << [ value |-> [newconf |-> {s1, s2, s3}, learners |-> {}],
                 term |-> 1,
                 type |-> ConfigEntry ] >>,
        snapshotIndex |-> 2,
        snapshotTerm |-> 1 ] )
/\ partitions = (s1 :> 0 @@ s2 :> 0 @@ s3 :> 0)
/\ votesGranted = (s1 :> {s1, s2} @@ s2 :> {} @@ s3 :> {})
/\ pendingConfChangeIndex = (s1 :> 0 @@ s2 :> 0 @@ s3 :> 0)

@!@!@ENDMSG 2217 @!@!@
@!@!@STARTMSG 2217:4 @!@!@
58: <MCNextAsyncWithReady(s1) line 362, col 5 to line 362, col 35 of module MCetcdraft>
/\ progressState = ( s1 :> (s1 :> StateReplicate @@ s2 :> StateProbe @@ s3 :> StateProbe) @@
  s2 :> (s1 :> StateProbe @@ s2 :> StateProbe @@ s3 :> StateProbe) @@
  s3 :> (s1 :> StateProbe @@ s2 :> StateProbe @@ s3 :> StateProbe) )
/\ msgSeqCounter = 24
/\ constraintCounters = [ timeout |-> 2,
  request |-> 3,
  restart |-> 1,
  drop |-> 2,
  duplicate |-> 0,
  heartbeat |-> 4,
  stepDown |-> 1,
  snapshot |-> 1,
  compact |-> 1,
  confChange |-> 1,
  reportUnreachable |-> 1,
  partition |-> 0 ]
/\ pendingMessages = <<>>
/\ appliedConfigIndex = (s1 :> 0 @@ s2 :> 3 @@ s3 :> 3)
/\ reconfigCount = 1
/\ votesResponded = (s1 :> {s1, s2, s3} @@ s2 :> {} @@ s3 :> {})
/\ msgAppFlowPaused = ( s1 :> (s1 :> FALSE @@ s2 :> FALSE @@ s3 :> FALSE) @@
  s2 :> (s1 :> FALSE @@ s2 :> FALSE @@ s3 :> FALSE) @@
  s3 :> (s1 :> FALSE @@ s2 :> FALSE @@ s3 :> FALSE) )
/\ state = (s1 :> Leader @@ s2 :> Follower @@ s3 :> Follower)
/\ pendingSnapshot = ( s1 :> (s1 :> 0 @@ s2 :> 0 @@ s3 :> 0) @@
  s2 :> (s1 :> 0 @@ s2 :> 0 @@ s3 :> 0) @@
  s3 :> (s1 :> 0 @@ s2 :> 0 @@ s3 :> 0) )
/\ config = ( s1 :> [learners |-> {}, jointConfig |-> <<{s3}, {}>>, autoLeave |-> FALSE] @@
  s2 :>
      [ learners |-> {},
        jointConfig |-> <<{s1, s2, s3}, {}>>,
        autoLeave |-> FALSE ] @@
  s3 :>
      [ learners |-> {},
        jointConfig |-> <<{s1, s2, s3}, {}>>,
        autoLeave |-> FALSE ] )
/\ matchIndex = ( s1 :> (s1 :> 8 @@ s2 :> 0 @@ s3 :> 0) @@
  s2 :> (s1 :> 0 @@ s2 :> 0 @@ s3 :> 0) @@
  s3 :> (s1 :> 0 @@ s2 :> 0 @@ s3 :> 0) )
/\ applied = (s1 :> 3 @@ s2 :> 0 @@ s3 :> 3)
/\ votedFor = (s1 :> s1 @@ s2 :> s1 @@ s3 :> s3)
/\ durableState = ( s1 :>
      [ currentTerm |-> 2,
        votedFor |-> s1,
        log |-> 9,
        entries |->
            << [ value |-> [newconf |-> {s1}, learners |-> {}],
                 term |-> 1,
                 type |-> ConfigEntry ],
               [ value |-> [newconf |-> {s1, s2}, learners |-> {}],
                 term |-> 1,
                 type |-> ConfigEntry ],
               [ value |-> [newconf |-> {s1, s2, s3}, learners |-> {}],
                 term |-> 1,
                 type |-> ConfigEntry ],
               [ value |->
                     [ newconf |-> {s3},
                       learners |-> {},
                       enterJoint |-> TRUE,
                       oldconf |-> {s1, s2, s3} ],
                 term |-> 2,
                 type |-> ConfigEntry ],
               [value |-> [val |-> v1], term |-> 2, type |-> ValueEntry],
               [value |-> [val |-> v2], term |-> 2, type |-> ValueEntry],
               [value |-> [val |-> 0], term |-> 2, type |-> ValueEntry],
               [value |-> [val |-> 0], term |-> 2, type |-> ValueEntry],
               [value |-> [val |-> v2], term |-> 2, type |-> ValueEntry] >>,
        snapshotIndex |-> 0,
        snapshotTerm |-> 0,
        commitIndex |-> 6,
        config |->
            [ learners |-> {},
              jointConfig |-> <<{s3}, {}>>,
              autoLeave |-> FALSE ],
        snapshotHistory |-> <<>> ] @@
  s2 :>
      [ currentTerm |-> 2,
        votedFor |-> s1,
        log |-> 6,
        entries |->
            << [ value |-> [newconf |-> {s1}, learners |-> {}],
                 term |-> 1,
                 type |-> ConfigEntry ],
               [ value |-> [newconf |-> {s1, s2}, learners |-> {}],
                 term |-> 1,
                 type |-> ConfigEntry ],
               [ value |-> [newconf |-> {s1, s2, s3}, learners |-> {}],
                 term |-> 1,
                 type |-> ConfigEntry ],
               [ value |->
                     [ newconf |-> {s3},
                       learners |-> {},
                       enterJoint |-> TRUE,
                       oldconf |-> {s1, s2, s3} ],
                 term |-> 2,
                 type |-> ConfigEntry ],
               [value |-> [val |-> v1], term |-> 2, type |-> ValueEntry],
               [value |-> [val |-> v2], term |-> 2, type |-> ValueEntry] >>,
        snapshotIndex |-> 0,
        snapshotTerm |-> 0,
        commitIndex |-> 3,
        config |->
            [ learners |-> {},
              jointConfig |-> <<{s1, s2, s3}, {}>>,
              autoLeave |-> FALSE ],
        snapshotHistory |-> <<>> ] @@
  s3 :>
      [ currentTerm |-> 2,
        votedFor |-> s3,
        log |-> 3,
        entries |->
            << [ value |-> [newconf |-> {s1, s2, s3}, learners |-> {}],
                 term |-> 1,
                 type |-> ConfigEntry ] >>,
        snapshotIndex |-> 2,
        snapshotTerm |-> 1,
        commitIndex |-> 3,
        config |->
            [ learners |-> {},
              jointConfig |-> <<{s1, s2, s3}, {}>>,
              autoLeave |-> FALSE ],
        snapshotHistory |->
            << [ value |-> [newconf |-> {s1}, learners |-> {}],
                 term |-> 1,
                 type |-> ConfigEntry ],
               [ value |-> [newconf |-> {s1, s2}, learners |-> {}],
                 term |-> 1,
                 type |-> ConfigEntry ] >> ] )
/\ historyLog = ( s1 :>
      << [ value |-> [newconf |-> {s1}, learners |-> {}],
           term |-> 1,
           type |-> ConfigEntry ],
         [ value |-> [newconf |-> {s1, s2}, learners |-> {}],
           term |-> 1,
           type |-> ConfigEntry ],
         [ value |-> [newconf |-> {s1, s2, s3}, learners |-> {}],
           term |-> 1,
           type |-> ConfigEntry ],
         [ value |->
               [ newconf |-> {s3},
                 learners |-> {},
                 enterJoint |-> TRUE,
                 oldconf |-> {s1, s2, s3} ],
           term |-> 2,
           type |-> ConfigEntry ],
         [value |-> [val |-> v1], term |-> 2, type |-> ValueEntry],
         [value |-> [val |-> v2], term |-> 2, type |-> ValueEntry],
         [value |-> [val |-> 0], term |-> 2, type |-> ValueEntry],
         [value |-> [val |-> 0], term |-> 2, type |-> ValueEntry],
         [value |-> [val |-> v2], term |-> 2, type |-> ValueEntry] >> @@
  s2 :>
      << [ value |-> [newconf |-> {s1}, learners |-> {}],
           term |-> 1,
           type |-> ConfigEntry ],
         [ value |-> [newconf |-> {s1, s2}, learners |-> {}],
           term |-> 1,
           type |-> ConfigEntry ],
         [ value |-> [newconf |-> {s1, s2, s3}, learners |-> {}],
           term |-> 1,
           type |-> ConfigEntry ],
         [ value |->
               [ newconf |-> {s3},
                 learners |-> {},
                 enterJoint |-> TRUE,
                 oldconf |-> {s1, s2, s3} ],
           term |-> 2,
           type |-> ConfigEntry ],
         [value |-> [val |-> v1], term |-> 2, type |-> ValueEntry],
         [value |-> [val |-> v2], term |-> 2, type |-> ValueEntry] >> @@
  s3 :>
      << [ value |-> [newconf |-> {s1}, learners |-> {}],
           term |-> 1,
           type |-> ConfigEntry ],
         [ value |-> [newconf |-> {s1, s2}, learners |-> {}],
           term |-> 1,
           type |-> ConfigEntry ],
         [ value |-> [newconf |-> {s1, s2, s3}, learners |-> {}],
           term |-> 1,
           type |-> ConfigEntry ] >> )
/\ nextIndex = ( s1 :> (s1 :> 9 @@ s2 :> 9 @@ s3 :> 9) @@
  s2 :> (s1 :> 1 @@ s2 :> 1 @@ s3 :> 1) @@
  s3 :> (s1 :> 1 @@ s2 :> 1 @@ s3 :> 1) )
/\ commitIndex = (s1 :> 6 @@ s2 :> 3 @@ s3 :> 3)
/\ inflights = ( s1 :> (s1 :> {} @@ s2 :> {} @@ s3 :> {}) @@
  s2 :> (s1 :> {} @@ s2 :> {} @@ s3 :> {}) @@
  s3 :> (s1 :> {} @@ s2 :> {} @@ s3 :> {}) )
/\ messages = ( [ mdest |-> s1,
    msource |-> s1,
    mterm |-> 2,
    mtype |-> AppendEntriesResponse,
    mseq |-> 23,
    msubtype |-> "app",
    msuccess |-> TRUE,
    mmatchIndex |-> 9,
    mrejectHint |-> 0,
    mlogTerm |-> 0 ] :>
      1 )
/\ currentTerm = (s1 :> 2 @@ s2 :> 2 @@ s3 :> 2)
/\ log = ( s1 :>
      [ offset |-> 1,
        entries |->
            << [ value |-> [newconf |-> {s1}, learners |-> {}],
                 term |-> 1,
                 type |-> ConfigEntry ],
               [ value |-> [newconf |-> {s1, s2}, learners |-> {}],
                 term |-> 1,
                 type |-> ConfigEntry ],
               [ value |-> [newconf |-> {s1, s2, s3}, learners |-> {}],
                 term |-> 1,
                 type |-> ConfigEntry ],
               [ value |->
                     [ newconf |-> {s3},
                       learners |-> {},
                       enterJoint |-> TRUE,
                       oldconf |-> {s1, s2, s3} ],
                 term |-> 2,
                 type |-> ConfigEntry ],
               [value |-> [val |-> v1], term |-> 2, type |-> ValueEntry],
               [value |-> [val |-> v2], term |-> 2, type |-> ValueEntry],
               [value |-> [val |-> 0], term |-> 2, type |-> ValueEntry],
               [value |-> [val |-> 0], term |-> 2, type |-> ValueEntry],
               [value |-> [val |-> v2], term |-> 2, type |-> ValueEntry] >>,
        snapshotIndex |-> 0,
        snapshotTerm |-> 0 ] @@
  s2 :>
      [ offset |-> 1,
        entries |->
            << [ value |-> [newconf |-> {s1}, learners |-> {}],
                 term |-> 1,
                 type |-> ConfigEntry ],
               [ value |-> [newconf |-> {s1, s2}, learners |-> {}],
                 term |-> 1,
                 type |-> ConfigEntry ],
               [ value |-> [newconf |-> {s1, s2, s3}, learners |-> {}],
                 term |-> 1,
                 type |-> ConfigEntry ],
               [ value |->
                     [ newconf |-> {s3},
                       learners |-> {},
                       enterJoint |-> TRUE,
                       oldconf |-> {s1, s2, s3} ],
                 term |-> 2,
                 type |-> ConfigEntry ],
               [value |-> [val |-> v1], term |-> 2, type |-> ValueEntry],
               [value |-> [val |-> v2], term |-> 2, type |-> ValueEntry] >>,
        snapshotIndex |-> 0,
        snapshotTerm |-> 0 ] @@
  s3 :>
      [ offset |-> 3,
        entries |->
            << [ value |-> [newconf |-> {s1, s2, s3}, learners |-> {}],
                 term |-> 1,
                 type |-> ConfigEntry ] >>,
        snapshotIndex |-> 2,
        snapshotTerm |-> 1 ] )
/\ partitions = (s1 :> 0 @@ s2 :> 0 @@ s3 :> 0)
/\ votesGranted = (s1 :> {s1, s2} @@ s2 :> {} @@ s3 :> {})
/\ pendingConfChangeIndex = (s1 :> 0 @@ s2 :> 0 @@ s3 :> 0)

@!@!@ENDMSG 2217 @!@!@
@!@!@STARTMSG 2217:4 @!@!@
59: <MCDynamicConfigActions line 417, col 8 to line 418, col 29 of module MCetcdraft>
/\ progressState = ( s1 :> (s1 :> StateReplicate @@ s2 :> StateProbe @@ s3 :> StateProbe) @@
  s2 :> (s1 :> StateProbe @@ s2 :> StateProbe @@ s3 :> StateProbe) @@
  s3 :> (s1 :> StateProbe @@ s2 :> StateProbe @@ s3 :> StateProbe) )
/\ msgSeqCounter = 24
/\ constraintCounters = [ timeout |-> 2,
  request |-> 3,
  restart |-> 1,
  drop |-> 2,
  duplicate |-> 0,
  heartbeat |-> 4,
  stepDown |-> 1,
  snapshot |-> 1,
  compact |-> 1,
  confChange |-> 1,
  reportUnreachable |-> 1,
  partition |-> 0 ]
/\ pendingMessages = <<>>
/\ appliedConfigIndex = (s1 :> 1 @@ s2 :> 3 @@ s3 :> 3)
/\ reconfigCount = 1
/\ votesResponded = (s1 :> {s1, s2, s3} @@ s2 :> {} @@ s3 :> {})
/\ msgAppFlowPaused = ( s1 :> (s1 :> FALSE @@ s2 :> FALSE @@ s3 :> FALSE) @@
  s2 :> (s1 :> FALSE @@ s2 :> FALSE @@ s3 :> FALSE) @@
  s3 :> (s1 :> FALSE @@ s2 :> FALSE @@ s3 :> FALSE) )
/\ state = (s1 :> Leader @@ s2 :> Follower @@ s3 :> Follower)
/\ pendingSnapshot = ( s1 :> (s1 :> 0 @@ s2 :> 0 @@ s3 :> 0) @@
  s2 :> (s1 :> 0 @@ s2 :> 0 @@ s3 :> 0) @@
  s3 :> (s1 :> 0 @@ s2 :> 0 @@ s3 :> 0) )
/\ config = ( s1 :> [learners |-> {}, jointConfig |-> <<{s1}, {}>>, autoLeave |-> FALSE] @@
  s2 :>
      [ learners |-> {},
        jointConfig |-> <<{s1, s2, s3}, {}>>,
        autoLeave |-> FALSE ] @@
  s3 :>
      [ learners |-> {},
        jointConfig |-> <<{s1, s2, s3}, {}>>,
        autoLeave |-> FALSE ] )
/\ matchIndex = ( s1 :> (s1 :> 8 @@ s2 :> 0 @@ s3 :> 0) @@
  s2 :> (s1 :> 0 @@ s2 :> 0 @@ s3 :> 0) @@
  s3 :> (s1 :> 0 @@ s2 :> 0 @@ s3 :> 0) )
/\ applied = (s1 :> 3 @@ s2 :> 0 @@ s3 :> 3)
/\ votedFor = (s1 :> s1 @@ s2 :> s1 @@ s3 :> s3)
/\ durableState = ( s1 :>
      [ currentTerm |-> 2,
        votedFor |-> s1,
        log |-> 9,
        entries |->
            << [ value |-> [newconf |-> {s1}, learners |-> {}],
                 term |-> 1,
                 type |-> ConfigEntry ],
               [ value |-> [newconf |-> {s1, s2}, learners |-> {}],
                 term |-> 1,
                 type |-> ConfigEntry ],
               [ value |-> [newconf |-> {s1, s2, s3}, learners |-> {}],
                 term |-> 1,
                 type |-> ConfigEntry ],
               [ value |->
                     [ newconf |-> {s3},
                       learners |-> {},
                       enterJoint |-> TRUE,
                       oldconf |-> {s1, s2, s3} ],
                 term |-> 2,
                 type |-> ConfigEntry ],
               [value |-> [val |-> v1], term |-> 2, type |-> ValueEntry],
               [value |-> [val |-> v2], term |-> 2, type |-> ValueEntry],
               [value |-> [val |-> 0], term |-> 2, type |-> ValueEntry],
               [value |-> [val |-> 0], term |-> 2, type |-> ValueEntry],
               [value |-> [val |-> v2], term |-> 2, type |-> ValueEntry] >>,
        snapshotIndex |-> 0,
        snapshotTerm |-> 0,
        commitIndex |-> 6,
        config |->
            [ learners |-> {},
              jointConfig |-> <<{s3}, {}>>,
              autoLeave |-> FALSE ],
        snapshotHistory |-> <<>> ] @@
  s2 :>
      [ currentTerm |-> 2,
        votedFor |-> s1,
        log |-> 6,
        entries |->
            << [ value |-> [newconf |-> {s1}, learners |-> {}],
                 term |-> 1,
                 type |-> ConfigEntry ],
               [ value |-> [newconf |-> {s1, s2}, learners |-> {}],
                 term |-> 1,
                 type |-> ConfigEntry ],
               [ value |-> [newconf |-> {s1, s2, s3}, learners |-> {}],
                 term |-> 1,
                 type |-> ConfigEntry ],
               [ value |->
                     [ newconf |-> {s3},
                       learners |-> {},
                       enterJoint |-> TRUE,
                       oldconf |-> {s1, s2, s3} ],
                 term |-> 2,
                 type |-> ConfigEntry ],
               [value |-> [val |-> v1], term |-> 2, type |-> ValueEntry],
               [value |-> [val |-> v2], term |-> 2, type |-> ValueEntry] >>,
        snapshotIndex |-> 0,
        snapshotTerm |-> 0,
        commitIndex |-> 3,
        config |->
            [ learners |-> {},
              jointConfig |-> <<{s1, s2, s3}, {}>>,
              autoLeave |-> FALSE ],
        snapshotHistory |-> <<>> ] @@
  s3 :>
      [ currentTerm |-> 2,
        votedFor |-> s3,
        log |-> 3,
        entries |->
            << [ value |-> [newconf |-> {s1, s2, s3}, learners |-> {}],
                 term |-> 1,
                 type |-> ConfigEntry ] >>,
        snapshotIndex |-> 2,
        snapshotTerm |-> 1,
        commitIndex |-> 3,
        config |->
            [ learners |-> {},
              jointConfig |-> <<{s1, s2, s3}, {}>>,
              autoLeave |-> FALSE ],
        snapshotHistory |->
            << [ value |-> [newconf |-> {s1}, learners |-> {}],
                 term |-> 1,
                 type |-> ConfigEntry ],
               [ value |-> [newconf |-> {s1, s2}, learners |-> {}],
                 term |-> 1,
                 type |-> ConfigEntry ] >> ] )
/\ historyLog = ( s1 :>
      << [ value |-> [newconf |-> {s1}, learners |-> {}],
           term |-> 1,
           type |-> ConfigEntry ],
         [ value |-> [newconf |-> {s1, s2}, learners |-> {}],
           term |-> 1,
           type |-> ConfigEntry ],
         [ value |-> [newconf |-> {s1, s2, s3}, learners |-> {}],
           term |-> 1,
           type |-> ConfigEntry ],
         [ value |->
               [ newconf |-> {s3},
                 learners |-> {},
                 enterJoint |-> TRUE,
                 oldconf |-> {s1, s2, s3} ],
           term |-> 2,
           type |-> ConfigEntry ],
         [value |-> [val |-> v1], term |-> 2, type |-> ValueEntry],
         [value |-> [val |-> v2], term |-> 2, type |-> ValueEntry],
         [value |-> [val |-> 0], term |-> 2, type |-> ValueEntry],
         [value |-> [val |-> 0], term |-> 2, type |-> ValueEntry],
         [value |-> [val |-> v2], term |-> 2, type |-> ValueEntry] >> @@
  s2 :>
      << [ value |-> [newconf |-> {s1}, learners |-> {}],
           term |-> 1,
           type |-> ConfigEntry ],
         [ value |-> [newconf |-> {s1, s2}, learners |-> {}],
           term |-> 1,
           type |-> ConfigEntry ],
         [ value |-> [newconf |-> {s1, s2, s3}, learners |-> {}],
           term |-> 1,
           type |-> ConfigEntry ],
         [ value |->
               [ newconf |-> {s3},
                 learners |-> {},
                 enterJoint |-> TRUE,
                 oldconf |-> {s1, s2, s3} ],
           term |-> 2,
           type |-> ConfigEntry ],
         [value |-> [val |-> v1], term |-> 2, type |-> ValueEntry],
         [value |-> [val |-> v2], term |-> 2, type |-> ValueEntry] >> @@
  s3 :>
      << [ value |-> [newconf |-> {s1}, learners |-> {}],
           term |-> 1,
           type |-> ConfigEntry ],
         [ value |-> [newconf |-> {s1, s2}, learners |-> {}],
           term |-> 1,
           type |-> ConfigEntry ],
         [ value |-> [newconf |-> {s1, s2, s3}, learners |-> {}],
           term |-> 1,
           type |-> ConfigEntry ] >> )
/\ nextIndex = ( s1 :> (s1 :> 9 @@ s2 :> 9 @@ s3 :> 9) @@
  s2 :> (s1 :> 1 @@ s2 :> 1 @@ s3 :> 1) @@
  s3 :> (s1 :> 1 @@ s2 :> 1 @@ s3 :> 1) )
/\ commitIndex = (s1 :> 6 @@ s2 :> 3 @@ s3 :> 3)
/\ inflights = ( s1 :> (s1 :> {} @@ s2 :> {} @@ s3 :> {}) @@
  s2 :> (s1 :> {} @@ s2 :> {} @@ s3 :> {}) @@
  s3 :> (s1 :> {} @@ s2 :> {} @@ s3 :> {}) )
/\ messages = ( [ mdest |-> s1,
    msource |-> s1,
    mterm |-> 2,
    mtype |-> AppendEntriesResponse,
    mseq |-> 23,
    msubtype |-> "app",
    msuccess |-> TRUE,
    mmatchIndex |-> 9,
    mrejectHint |-> 0,
    mlogTerm |-> 0 ] :>
      1 )
/\ currentTerm = (s1 :> 2 @@ s2 :> 2 @@ s3 :> 2)
/\ log = ( s1 :>
      [ offset |-> 1,
        entries |->
            << [ value |-> [newconf |-> {s1}, learners |-> {}],
                 term |-> 1,
                 type |-> ConfigEntry ],
               [ value |-> [newconf |-> {s1, s2}, learners |-> {}],
                 term |-> 1,
                 type |-> ConfigEntry ],
               [ value |-> [newconf |-> {s1, s2, s3}, learners |-> {}],
                 term |-> 1,
                 type |-> ConfigEntry ],
               [ value |->
                     [ newconf |-> {s3},
                       learners |-> {},
                       enterJoint |-> TRUE,
                       oldconf |-> {s1, s2, s3} ],
                 term |-> 2,
                 type |-> ConfigEntry ],
               [value |-> [val |-> v1], term |-> 2, type |-> ValueEntry],
               [value |-> [val |-> v2], term |-> 2, type |-> ValueEntry],
               [value |-> [val |-> 0], term |-> 2, type |-> ValueEntry],
               [value |-> [val |-> 0], term |-> 2, type |-> ValueEntry],
               [value |-> [val |-> v2], term |-> 2, type |-> ValueEntry] >>,
        snapshotIndex |-> 0,
        snapshotTerm |-> 0 ] @@
  s2 :>
      [ offset |-> 1,
        entries |->
            << [ value |-> [newconf |-> {s1}, learners |-> {}],
                 term |-> 1,
                 type |-> ConfigEntry ],
               [ value |-> [newconf |-> {s1, s2}, learners |-> {}],
                 term |-> 1,
                 type |-> ConfigEntry ],
               [ value |-> [newconf |-> {s1, s2, s3}, learners |-> {}],
                 term |-> 1,
                 type |-> ConfigEntry ],
               [ value |->
                     [ newconf |-> {s3},
                       learners |-> {},
                       enterJoint |-> TRUE,
                       oldconf |-> {s1, s2, s3} ],
                 term |-> 2,
                 type |-> ConfigEntry ],
               [value |-> [val |-> v1], term |-> 2, type |-> ValueEntry],
               [value |-> [val |-> v2], term |-> 2, type |-> ValueEntry] >>,
        snapshotIndex |-> 0,
        snapshotTerm |-> 0 ] @@
  s3 :>
      [ offset |-> 3,
        entries |->
            << [ value |-> [newconf |-> {s1, s2, s3}, learners |-> {}],
                 term |-> 1,
                 type |-> ConfigEntry ] >>,
        snapshotIndex |-> 2,
        snapshotTerm |-> 1 ] )
/\ partitions = (s1 :> 0 @@ s2 :> 0 @@ s3 :> 0)
/\ votesGranted = (s1 :> {s1, s2} @@ s2 :> {} @@ s3 :> {})
/\ pendingConfChangeIndex = (s1 :> 0 @@ s2 :> 0 @@ s3 :> 0)

@!@!@ENDMSG 2217 @!@!@
@!@!@STARTMSG 2217:4 @!@!@
60: <MCDynamicConfigActions line 417, col 8 to line 418, col 29 of module MCetcdraft>
/\ progressState = ( s1 :> (s1 :> StateReplicate @@ s2 :> StateProbe @@ s3 :> StateProbe) @@
  s2 :> (s1 :> StateProbe @@ s2 :> StateProbe @@ s3 :> StateProbe) @@
  s3 :> (s1 :> StateProbe @@ s2 :> StateProbe @@ s3 :> StateProbe) )
/\ msgSeqCounter = 24
/\ constraintCounters = [ timeout |-> 2,
  request |-> 3,
  restart |-> 1,
  drop |-> 2,
  duplicate |-> 0,
  heartbeat |-> 4,
  stepDown |-> 1,
  snapshot |-> 1,
  compact |-> 1,
  confChange |-> 1,
  reportUnreachable |-> 1,
  partition |-> 0 ]
/\ pendingMessages = <<>>
/\ appliedConfigIndex = (s1 :> 2 @@ s2 :> 3 @@ s3 :> 3)
/\ reconfigCount = 1
/\ votesResponded = (s1 :> {s1, s2, s3} @@ s2 :> {} @@ s3 :> {})
/\ msgAppFlowPaused = ( s1 :> (s1 :> FALSE @@ s2 :> FALSE @@ s3 :> FALSE) @@
  s2 :> (s1 :> FALSE @@ s2 :> FALSE @@ s3 :> FALSE) @@
  s3 :> (s1 :> FALSE @@ s2 :> FALSE @@ s3 :> FALSE) )
/\ state = (s1 :> Leader @@ s2 :> Follower @@ s3 :> Follower)
/\ pendingSnapshot = ( s1 :> (s1 :> 0 @@ s2 :> 0 @@ s3 :> 0) @@
  s2 :> (s1 :> 0 @@ s2 :> 0 @@ s3 :> 0) @@
  s3 :> (s1 :> 0 @@ s2 :> 0 @@ s3 :> 0) )
/\ config = ( s1 :>
      [ learners |-> {},
        jointConfig |-> <<{s1, s2}, {}>>,
        autoLeave |-> FALSE ] @@
  s2 :>
      [ learners |-> {},
        jointConfig |-> <<{s1, s2, s3}, {}>>,
        autoLeave |-> FALSE ] @@
  s3 :>
      [ learners |-> {},
        jointConfig |-> <<{s1, s2, s3}, {}>>,
        autoLeave |-> FALSE ] )
/\ matchIndex = ( s1 :> (s1 :> 8 @@ s2 :> 0 @@ s3 :> 0) @@
  s2 :> (s1 :> 0 @@ s2 :> 0 @@ s3 :> 0) @@
  s3 :> (s1 :> 0 @@ s2 :> 0 @@ s3 :> 0) )
/\ applied = (s1 :> 3 @@ s2 :> 0 @@ s3 :> 3)
/\ votedFor = (s1 :> s1 @@ s2 :> s1 @@ s3 :> s3)
/\ durableState = ( s1 :>
      [ currentTerm |-> 2,
        votedFor |-> s1,
        log |-> 9,
        entries |->
            << [ value |-> [newconf |-> {s1}, learners |-> {}],
                 term |-> 1,
                 type |-> ConfigEntry ],
               [ value |-> [newconf |-> {s1, s2}, learners |-> {}],
                 term |-> 1,
                 type |-> ConfigEntry ],
               [ value |-> [newconf |-> {s1, s2, s3}, learners |-> {}],
                 term |-> 1,
                 type |-> ConfigEntry ],
               [ value |->
                     [ newconf |-> {s3},
                       learners |-> {},
                       enterJoint |-> TRUE,
                       oldconf |-> {s1, s2, s3} ],
                 term |-> 2,
                 type |-> ConfigEntry ],
               [value |-> [val |-> v1], term |-> 2, type |-> ValueEntry],
               [value |-> [val |-> v2], term |-> 2, type |-> ValueEntry],
               [value |-> [val |-> 0], term |-> 2, type |-> ValueEntry],
               [value |-> [val |-> 0], term |-> 2, type |-> ValueEntry],
               [value |-> [val |-> v2], term |-> 2, type |-> ValueEntry] >>,
        snapshotIndex |-> 0,
        snapshotTerm |-> 0,
        commitIndex |-> 6,
        config |->
            [ learners |-> {},
              jointConfig |-> <<{s3}, {}>>,
              autoLeave |-> FALSE ],
        snapshotHistory |-> <<>> ] @@
  s2 :>
      [ currentTerm |-> 2,
        votedFor |-> s1,
        log |-> 6,
        entries |->
            << [ value |-> [newconf |-> {s1}, learners |-> {}],
                 term |-> 1,
                 type |-> ConfigEntry ],
               [ value |-> [newconf |-> {s1, s2}, learners |-> {}],
                 term |-> 1,
                 type |-> ConfigEntry ],
               [ value |-> [newconf |-> {s1, s2, s3}, learners |-> {}],
                 term |-> 1,
                 type |-> ConfigEntry ],
               [ value |->
                     [ newconf |-> {s3},
                       learners |-> {},
                       enterJoint |-> TRUE,
                       oldconf |-> {s1, s2, s3} ],
                 term |-> 2,
                 type |-> ConfigEntry ],
               [value |-> [val |-> v1], term |-> 2, type |-> ValueEntry],
               [value |-> [val |-> v2], term |-> 2, type |-> ValueEntry] >>,
        snapshotIndex |-> 0,
        snapshotTerm |-> 0,
        commitIndex |-> 3,
        config |->
            [ learners |-> {},
              jointConfig |-> <<{s1, s2, s3}, {}>>,
              autoLeave |-> FALSE ],
        snapshotHistory |-> <<>> ] @@
  s3 :>
      [ currentTerm |-> 2,
        votedFor |-> s3,
        log |-> 3,
        entries |->
            << [ value |-> [newconf |-> {s1, s2, s3}, learners |-> {}],
                 term |-> 1,
                 type |-> ConfigEntry ] >>,
        snapshotIndex |-> 2,
        snapshotTerm |-> 1,
        commitIndex |-> 3,
        config |->
            [ learners |-> {},
              jointConfig |-> <<{s1, s2, s3}, {}>>,
              autoLeave |-> FALSE ],
        snapshotHistory |->
            << [ value |-> [newconf |-> {s1}, learners |-> {}],
                 term |-> 1,
                 type |-> ConfigEntry ],
               [ value |-> [newconf |-> {s1, s2}, learners |-> {}],
                 term |-> 1,
                 type |-> ConfigEntry ] >> ] )
/\ historyLog = ( s1 :>
      << [ value |-> [newconf |-> {s1}, learners |-> {}],
           term |-> 1,
           type |-> ConfigEntry ],
         [ value |-> [newconf |-> {s1, s2}, learners |-> {}],
           term |-> 1,
           type |-> ConfigEntry ],
         [ value |-> [newconf |-> {s1, s2, s3}, learners |-> {}],
           term |-> 1,
           type |-> ConfigEntry ],
         [ value |->
               [ newconf |-> {s3},
                 learners |-> {},
                 enterJoint |-> TRUE,
                 oldconf |-> {s1, s2, s3} ],
           term |-> 2,
           type |-> ConfigEntry ],
         [value |-> [val |-> v1], term |-> 2, type |-> ValueEntry],
         [value |-> [val |-> v2], term |-> 2, type |-> ValueEntry],
         [value |-> [val |-> 0], term |-> 2, type |-> ValueEntry],
         [value |-> [val |-> 0], term |-> 2, type |-> ValueEntry],
         [value |-> [val |-> v2], term |-> 2, type |-> ValueEntry] >> @@
  s2 :>
      << [ value |-> [newconf |-> {s1}, learners |-> {}],
           term |-> 1,
           type |-> ConfigEntry ],
         [ value |-> [newconf |-> {s1, s2}, learners |-> {}],
           term |-> 1,
           type |-> ConfigEntry ],
         [ value |-> [newconf |-> {s1, s2, s3}, learners |-> {}],
           term |-> 1,
           type |-> ConfigEntry ],
         [ value |->
               [ newconf |-> {s3},
                 learners |-> {},
                 enterJoint |-> TRUE,
                 oldconf |-> {s1, s2, s3} ],
           term |-> 2,
           type |-> ConfigEntry ],
         [value |-> [val |-> v1], term |-> 2, type |-> ValueEntry],
         [value |-> [val |-> v2], term |-> 2, type |-> ValueEntry] >> @@
  s3 :>
      << [ value |-> [newconf |-> {s1}, learners |-> {}],
           term |-> 1,
           type |-> ConfigEntry ],
         [ value |-> [newconf |-> {s1, s2}, learners |-> {}],
           term |-> 1,
           type |-> ConfigEntry ],
         [ value |-> [newconf |-> {s1, s2, s3}, learners |-> {}],
           term |-> 1,
           type |-> ConfigEntry ] >> )
/\ nextIndex = ( s1 :> (s1 :> 9 @@ s2 :> 9 @@ s3 :> 9) @@
  s2 :> (s1 :> 1 @@ s2 :> 1 @@ s3 :> 1) @@
  s3 :> (s1 :> 1 @@ s2 :> 1 @@ s3 :> 1) )
/\ commitIndex = (s1 :> 6 @@ s2 :> 3 @@ s3 :> 3)
/\ inflights = ( s1 :> (s1 :> {} @@ s2 :> {} @@ s3 :> {}) @@
  s2 :> (s1 :> {} @@ s2 :> {} @@ s3 :> {}) @@
  s3 :> (s1 :> {} @@ s2 :> {} @@ s3 :> {}) )
/\ messages = ( [ mdest |-> s1,
    msource |-> s1,
    mterm |-> 2,
    mtype |-> AppendEntriesResponse,
    mseq |-> 23,
    msubtype |-> "app",
    msuccess |-> TRUE,
    mmatchIndex |-> 9,
    mrejectHint |-> 0,
    mlogTerm |-> 0 ] :>
      1 )
/\ currentTerm = (s1 :> 2 @@ s2 :> 2 @@ s3 :> 2)
/\ log = ( s1 :>
      [ offset |-> 1,
        entries |->
            << [ value |-> [newconf |-> {s1}, learners |-> {}],
                 term |-> 1,
                 type |-> ConfigEntry ],
               [ value |-> [newconf |-> {s1, s2}, learners |-> {}],
                 term |-> 1,
                 type |-> ConfigEntry ],
               [ value |-> [newconf |-> {s1, s2, s3}, learners |-> {}],
                 term |-> 1,
                 type |-> ConfigEntry ],
               [ value |->
                     [ newconf |-> {s3},
                       learners |-> {},
                       enterJoint |-> TRUE,
                       oldconf |-> {s1, s2, s3} ],
                 term |-> 2,
                 type |-> ConfigEntry ],
               [value |-> [val |-> v1], term |-> 2, type |-> ValueEntry],
               [value |-> [val |-> v2], term |-> 2, type |-> ValueEntry],
               [value |-> [val |-> 0], term |-> 2, type |-> ValueEntry],
               [value |-> [val |-> 0], term |-> 2, type |-> ValueEntry],
               [value |-> [val |-> v2], term |-> 2, type |-> ValueEntry] >>,
        snapshotIndex |-> 0,
        snapshotTerm |-> 0 ] @@
  s2 :>
      [ offset |-> 1,
        entries |->
            << [ value |-> [newconf |-> {s1}, learners |-> {}],
                 term |-> 1,
                 type |-> ConfigEntry ],
               [ value |-> [newconf |-> {s1, s2}, learners |-> {}],
                 term |-> 1,
                 type |-> ConfigEntry ],
               [ value |-> [newconf |-> {s1, s2, s3}, learners |-> {}],
                 term |-> 1,
                 type |-> ConfigEntry ],
               [ value |->
                     [ newconf |-> {s3},
                       learners |-> {},
                       enterJoint |-> TRUE,
                       oldconf |-> {s1, s2, s3} ],
                 term |-> 2,
                 type |-> ConfigEntry ],
               [value |-> [val |-> v1], term |-> 2, type |-> ValueEntry],
               [value |-> [val |-> v2], term |-> 2, type |-> ValueEntry] >>,
        snapshotIndex |-> 0,
        snapshotTerm |-> 0 ] @@
  s3 :>
      [ offset |-> 3,
        entries |->
            << [ value |-> [newconf |-> {s1, s2, s3}, learners |-> {}],
                 term |-> 1,
                 type |-> ConfigEntry ] >>,
        snapshotIndex |-> 2,
        snapshotTerm |-> 1 ] )
/\ partitions = (s1 :> 0 @@ s2 :> 0 @@ s3 :> 0)
/\ votesGranted = (s1 :> {s1, s2} @@ s2 :> {} @@ s3 :> {})
/\ pendingConfChangeIndex = (s1 :> 0 @@ s2 :> 0 @@ s3 :> 0)

@!@!@ENDMSG 2217 @!@!@
@!@!@STARTMSG 2217:4 @!@!@
61: <MCDynamicConfigActions line 426, col 8 to line 436, col 29 of module MCetcdraft>
/\ progressState = ( s1 :> (s1 :> StateReplicate @@ s2 :> StateProbe @@ s3 :> StateProbe) @@
  s2 :> (s1 :> StateProbe @@ s2 :> StateProbe @@ s3 :> StateProbe) @@
  s3 :> (s1 :> StateProbe @@ s2 :> StateProbe @@ s3 :> StateProbe) )
/\ msgSeqCounter = 24
/\ constraintCounters = [ timeout |-> 2,
  request |-> 3,
  restart |-> 1,
  drop |-> 2,
  duplicate |-> 0,
  heartbeat |-> 4,
  stepDown |-> 1,
  snapshot |-> 1,
  compact |-> 1,
  confChange |-> 1,
  reportUnreachable |-> 1,
  partition |-> 0 ]
/\ pendingMessages = <<>>
/\ appliedConfigIndex = (s1 :> 0 @@ s2 :> 3 @@ s3 :> 3)
/\ reconfigCount = 1
/\ votesResponded = (s1 :> {s1, s2, s3} @@ s2 :> {} @@ s3 :> {})
/\ msgAppFlowPaused = ( s1 :> (s1 :> FALSE @@ s2 :> FALSE @@ s3 :> FALSE) @@
  s2 :> (s1 :> FALSE @@ s2 :> FALSE @@ s3 :> FALSE) @@
  s3 :> (s1 :> FALSE @@ s2 :> FALSE @@ s3 :> FALSE) )
/\ state = (s1 :> Leader @@ s2 :> Follower @@ s3 :> Follower)
/\ pendingSnapshot = ( s1 :> (s1 :> 0 @@ s2 :> 0 @@ s3 :> 0) @@
  s2 :> (s1 :> 0 @@ s2 :> 0 @@ s3 :> 0) @@
  s3 :> (s1 :> 0 @@ s2 :> 0 @@ s3 :> 0) )
/\ config = ( s1 :> [learners |-> {}, jointConfig |-> <<{s3}, {}>>, autoLeave |-> FALSE] @@
  s2 :>
      [ learners |-> {},
        jointConfig |-> <<{s1, s2, s3}, {}>>,
        autoLeave |-> FALSE ] @@
  s3 :>
      [ learners |-> {},
        jointConfig |-> <<{s1, s2, s3}, {}>>,
        autoLeave |-> FALSE ] )
/\ matchIndex = ( s1 :> (s1 :> 8 @@ s2 :> 0 @@ s3 :> 0) @@
  s2 :> (s1 :> 0 @@ s2 :> 0 @@ s3 :> 0) @@
  s3 :> (s1 :> 0 @@ s2 :> 0 @@ s3 :> 0) )
/\ applied = (s1 :> 3 @@ s2 :> 0 @@ s3 :> 3)
/\ votedFor = (s1 :> s1 @@ s2 :> s1 @@ s3 :> s3)
/\ durableState = ( s1 :>
      [ currentTerm |-> 2,
        votedFor |-> s1,
        log |-> 9,
        entries |->
            << [ value |-> [newconf |-> {s1}, learners |-> {}],
                 term |-> 1,
                 type |-> ConfigEntry ],
               [ value |-> [newconf |-> {s1, s2}, learners |-> {}],
                 term |-> 1,
                 type |-> ConfigEntry ],
               [ value |-> [newconf |-> {s1, s2, s3}, learners |-> {}],
                 term |-> 1,
                 type |-> ConfigEntry ],
               [ value |->
                     [ newconf |-> {s3},
                       learners |-> {},
                       enterJoint |-> TRUE,
                       oldconf |-> {s1, s2, s3} ],
                 term |-> 2,
                 type |-> ConfigEntry ],
               [value |-> [val |-> v1], term |-> 2, type |-> ValueEntry],
               [value |-> [val |-> v2], term |-> 2, type |-> ValueEntry],
               [value |-> [val |-> 0], term |-> 2, type |-> ValueEntry],
               [value |-> [val |-> 0], term |-> 2, type |-> ValueEntry],
               [value |-> [val |-> v2], term |-> 2, type |-> ValueEntry] >>,
        snapshotIndex |-> 0,
        snapshotTerm |-> 0,
        commitIndex |-> 6,
        config |->
            [ learners |-> {},
              jointConfig |-> <<{s3}, {}>>,
              autoLeave |-> FALSE ],
        snapshotHistory |-> <<>> ] @@
  s2 :>
      [ currentTerm |-> 2,
        votedFor |-> s1,
        log |-> 6,
        entries |->
            << [ value |-> [newconf |-> {s1}, learners |-> {}],
                 term |-> 1,
                 type |-> ConfigEntry ],
               [ value |-> [newconf |-> {s1, s2}, learners |-> {}],
                 term |-> 1,
                 type |-> ConfigEntry ],
               [ value |-> [newconf |-> {s1, s2, s3}, learners |-> {}],
                 term |-> 1,
                 type |-> ConfigEntry ],
               [ value |->
                     [ newconf |-> {s3},
                       learners |-> {},
                       enterJoint |-> TRUE,
                       oldconf |-> {s1, s2, s3} ],
                 term |-> 2,
                 type |-> ConfigEntry ],
               [value |-> [val |-> v1], term |-> 2, type |-> ValueEntry],
               [value |-> [val |-> v2], term |-> 2, type |-> ValueEntry] >>,
        snapshotIndex |-> 0,
        snapshotTerm |-> 0,
        commitIndex |-> 3,
        config |->
            [ learners |-> {},
              jointConfig |-> <<{s1, s2, s3}, {}>>,
              autoLeave |-> FALSE ],
        snapshotHistory |-> <<>> ] @@
  s3 :>
      [ currentTerm |-> 2,
        votedFor |-> s3,
        log |-> 3,
        entries |->
            << [ value |-> [newconf |-> {s1, s2, s3}, learners |-> {}],
                 term |-> 1,
                 type |-> ConfigEntry ] >>,
        snapshotIndex |-> 2,
        snapshotTerm |-> 1,
        commitIndex |-> 3,
        config |->
            [ learners |-> {},
              jointConfig |-> <<{s1, s2, s3}, {}>>,
              autoLeave |-> FALSE ],
        snapshotHistory |->
            << [ value |-> [newconf |-> {s1}, learners |-> {}],
                 term |-> 1,
                 type |-> ConfigEntry ],
               [ value |-> [newconf |-> {s1, s2}, learners |-> {}],
                 term |-> 1,
                 type |-> ConfigEntry ] >> ] )
/\ historyLog = ( s1 :>
      << [ value |-> [newconf |-> {s1}, learners |-> {}],
           term |-> 1,
           type |-> ConfigEntry ],
         [ value |-> [newconf |-> {s1, s2}, learners |-> {}],
           term |-> 1,
           type |-> ConfigEntry ],
         [ value |-> [newconf |-> {s1, s2, s3}, learners |-> {}],
           term |-> 1,
           type |-> ConfigEntry ],
         [ value |->
               [ newconf |-> {s3},
                 learners |-> {},
                 enterJoint |-> TRUE,
                 oldconf |-> {s1, s2, s3} ],
           term |-> 2,
           type |-> ConfigEntry ],
         [value |-> [val |-> v1], term |-> 2, type |-> ValueEntry],
         [value |-> [val |-> v2], term |-> 2, type |-> ValueEntry],
         [value |-> [val |-> 0], term |-> 2, type |-> ValueEntry],
         [value |-> [val |-> 0], term |-> 2, type |-> ValueEntry],
         [value |-> [val |-> v2], term |-> 2, type |-> ValueEntry] >> @@
  s2 :>
      << [ value |-> [newconf |-> {s1}, learners |-> {}],
           term |-> 1,
           type |-> ConfigEntry ],
         [ value |-> [newconf |-> {s1, s2}, learners |-> {}],
           term |-> 1,
           type |-> ConfigEntry ],
         [ value |-> [newconf |-> {s1, s2, s3}, learners |-> {}],
           term |-> 1,
           type |-> ConfigEntry ],
         [ value |->
               [ newconf |-> {s3},
                 learners |-> {},
                 enterJoint |-> TRUE,
                 oldconf |-> {s1, s2, s3} ],
           term |-> 2,
           type |-> ConfigEntry ],
         [value |-> [val |-> v1], term |-> 2, type |-> ValueEntry],
         [value |-> [val |-> v2], term |-> 2, type |-> ValueEntry] >> @@
  s3 :>
      << [ value |-> [newconf |-> {s1}, learners |-> {}],
           term |-> 1,
           type |-> ConfigEntry ],
         [ value |-> [newconf |-> {s1, s2}, learners |-> {}],
           term |-> 1,
           type |-> ConfigEntry ],
         [ value |-> [newconf |-> {s1, s2, s3}, learners |-> {}],
           term |-> 1,
           type |-> ConfigEntry ] >> )
/\ nextIndex = ( s1 :> (s1 :> 9 @@ s2 :> 9 @@ s3 :> 9) @@
  s2 :> (s1 :> 1 @@ s2 :> 1 @@ s3 :> 1) @@
  s3 :> (s1 :> 1 @@ s2 :> 1 @@ s3 :> 1) )
/\ commitIndex = (s1 :> 6 @@ s2 :> 3 @@ s3 :> 3)
/\ inflights = ( s1 :> (s1 :> {} @@ s2 :> {} @@ s3 :> {}) @@
  s2 :> (s1 :> {} @@ s2 :> {} @@ s3 :> {}) @@
  s3 :> (s1 :> {} @@ s2 :> {} @@ s3 :> {}) )
/\ messages = ( [ mdest |-> s1,
    msource |-> s1,
    mterm |-> 2,
    mtype |-> AppendEntriesResponse,
    mseq |-> 23,
    msubtype |-> "app",
    msuccess |-> TRUE,
    mmatchIndex |-> 9,
    mrejectHint |-> 0,
    mlogTerm |-> 0 ] :>
      1 )
/\ currentTerm = (s1 :> 2 @@ s2 :> 2 @@ s3 :> 2)
/\ log = ( s1 :>
      [ offset |-> 1,
        entries |->
            << [ value |-> [newconf |-> {s1}, learners |-> {}],
                 term |-> 1,
                 type |-> ConfigEntry ],
               [ value |-> [newconf |-> {s1, s2}, learners |-> {}],
                 term |-> 1,
                 type |-> ConfigEntry ],
               [ value |-> [newconf |-> {s1, s2, s3}, learners |-> {}],
                 term |-> 1,
                 type |-> ConfigEntry ],
               [ value |->
                     [ newconf |-> {s3},
                       learners |-> {},
                       enterJoint |-> TRUE,
                       oldconf |-> {s1, s2, s3} ],
                 term |-> 2,
                 type |-> ConfigEntry ],
               [value |-> [val |-> v1], term |-> 2, type |-> ValueEntry],
               [value |-> [val |-> v2], term |-> 2, type |-> ValueEntry],
               [value |-> [val |-> 0], term |-> 2, type |-> ValueEntry],
               [value |-> [val |-> 0], term |-> 2, type |-> ValueEntry],
               [value |-> [val |-> v2], term |-> 2, type |-> ValueEntry] >>,
        snapshotIndex |-> 0,
        snapshotTerm |-> 0 ] @@
  s2 :>
      [ offset |-> 1,
        entries |->
            << [ value |-> [newconf |-> {s1}, learners |-> {}],
                 term |-> 1,
                 type |-> ConfigEntry ],
               [ value |-> [newconf |-> {s1, s2}, learners |-> {}],
                 term |-> 1,
                 type |-> ConfigEntry ],
               [ value |-> [newconf |-> {s1, s2, s3}, learners |-> {}],
                 term |-> 1,
                 type |-> ConfigEntry ],
               [ value |->
                     [ newconf |-> {s3},
                       learners |-> {},
                       enterJoint |-> TRUE,
                       oldconf |-> {s1, s2, s3} ],
                 term |-> 2,
                 type |-> ConfigEntry ],
               [value |-> [val |-> v1], term |-> 2, type |-> ValueEntry],
               [value |-> [val |-> v2], term |-> 2, type |-> ValueEntry] >>,
        snapshotIndex |-> 0,
        snapshotTerm |-> 0 ] @@
  s3 :>
      [ offset |-> 3,
        entries |->
            << [ value |-> [newconf |-> {s1, s2, s3}, learners |-> {}],
                 term |-> 1,
                 type |-> ConfigEntry ] >>,
        snapshotIndex |-> 2,
        snapshotTerm |-> 1 ] )
/\ partitions = (s1 :> 0 @@ s2 :> 0 @@ s3 :> 0)
/\ votesGranted = (s1 :> {s1, s2} @@ s2 :> {} @@ s3 :> {})
/\ pendingConfChangeIndex = (s1 :> 0 @@ s2 :> 0 @@ s3 :> 0)

@!@!@ENDMSG 2217 @!@!@
@!@!@STARTMSG 2217:4 @!@!@
62: <MCNextAsyncWithReady(s1) line 362, col 5 to line 362, col 35 of module MCetcdraft>
/\ progressState = ( s1 :> (s1 :> StateReplicate @@ s2 :> StateProbe @@ s3 :> StateProbe) @@
  s2 :> (s1 :> StateProbe @@ s2 :> StateProbe @@ s3 :> StateProbe) @@
  s3 :> (s1 :> StateProbe @@ s2 :> StateProbe @@ s3 :> StateProbe) )
/\ msgSeqCounter = 24
/\ constraintCounters = [ timeout |-> 2,
  request |-> 3,
  restart |-> 1,
  drop |-> 2,
  duplicate |-> 0,
  heartbeat |-> 4,
  stepDown |-> 1,
  snapshot |-> 1,
  compact |-> 1,
  confChange |-> 1,
  reportUnreachable |-> 1,
  partition |-> 0 ]
/\ pendingMessages = <<>>
/\ appliedConfigIndex = (s1 :> 0 @@ s2 :> 3 @@ s3 :> 3)
/\ reconfigCount = 1
/\ votesResponded = (s1 :> {s1, s2, s3} @@ s2 :> {} @@ s3 :> {})
/\ msgAppFlowPaused = ( s1 :> (s1 :> FALSE @@ s2 :> FALSE @@ s3 :> FALSE) @@
  s2 :> (s1 :> FALSE @@ s2 :> FALSE @@ s3 :> FALSE) @@
  s3 :> (s1 :> FALSE @@ s2 :> FALSE @@ s3 :> FALSE) )
/\ state = (s1 :> Leader @@ s2 :> Follower @@ s3 :> Follower)
/\ pendingSnapshot = ( s1 :> (s1 :> 0 @@ s2 :> 0 @@ s3 :> 0) @@
  s2 :> (s1 :> 0 @@ s2 :> 0 @@ s3 :> 0) @@
  s3 :> (s1 :> 0 @@ s2 :> 0 @@ s3 :> 0) )
/\ config = ( s1 :> [learners |-> {}, jointConfig |-> <<{s3}, {}>>, autoLeave |-> FALSE] @@
  s2 :>
      [ learners |-> {},
        jointConfig |-> <<{s1, s2, s3}, {}>>,
        autoLeave |-> FALSE ] @@
  s3 :>
      [ learners |-> {},
        jointConfig |-> <<{s1, s2, s3}, {}>>,
        autoLeave |-> FALSE ] )
/\ matchIndex = ( s1 :> (s1 :> 9 @@ s2 :> 0 @@ s3 :> 0) @@
  s2 :> (s1 :> 0 @@ s2 :> 0 @@ s3 :> 0) @@
  s3 :> (s1 :> 0 @@ s2 :> 0 @@ s3 :> 0) )
/\ applied = (s1 :> 3 @@ s2 :> 0 @@ s3 :> 3)
/\ votedFor = (s1 :> s1 @@ s2 :> s1 @@ s3 :> s3)
/\ durableState = ( s1 :>
      [ currentTerm |-> 2,
        votedFor |-> s1,
        log |-> 9,
        entries |->
            << [ value |-> [newconf |-> {s1}, learners |-> {}],
                 term |-> 1,
                 type |-> ConfigEntry ],
               [ value |-> [newconf |-> {s1, s2}, learners |-> {}],
                 term |-> 1,
                 type |-> ConfigEntry ],
               [ value |-> [newconf |-> {s1, s2, s3}, learners |-> {}],
                 term |-> 1,
                 type |-> ConfigEntry ],
               [ value |->
                     [ newconf |-> {s3},
                       learners |-> {},
                       enterJoint |-> TRUE,
                       oldconf |-> {s1, s2, s3} ],
                 term |-> 2,
                 type |-> ConfigEntry ],
               [value |-> [val |-> v1], term |-> 2, type |-> ValueEntry],
               [value |-> [val |-> v2], term |-> 2, type |-> ValueEntry],
               [value |-> [val |-> 0], term |-> 2, type |-> ValueEntry],
               [value |-> [val |-> 0], term |-> 2, type |-> ValueEntry],
               [value |-> [val |-> v2], term |-> 2, type |-> ValueEntry] >>,
        snapshotIndex |-> 0,
        snapshotTerm |-> 0,
        commitIndex |-> 6,
        config |->
            [ learners |-> {},
              jointConfig |-> <<{s3}, {}>>,
              autoLeave |-> FALSE ],
        snapshotHistory |-> <<>> ] @@
  s2 :>
      [ currentTerm |-> 2,
        votedFor |-> s1,
        log |-> 6,
        entries |->
            << [ value |-> [newconf |-> {s1}, learners |-> {}],
                 term |-> 1,
                 type |-> ConfigEntry ],
               [ value |-> [newconf |-> {s1, s2}, learners |-> {}],
                 term |-> 1,
                 type |-> ConfigEntry ],
               [ value |-> [newconf |-> {s1, s2, s3}, learners |-> {}],
                 term |-> 1,
                 type |-> ConfigEntry ],
               [ value |->
                     [ newconf |-> {s3},
                       learners |-> {},
                       enterJoint |-> TRUE,
                       oldconf |-> {s1, s2, s3} ],
                 term |-> 2,
                 type |-> ConfigEntry ],
               [value |-> [val |-> v1], term |-> 2, type |-> ValueEntry],
               [value |-> [val |-> v2], term |-> 2, type |-> ValueEntry] >>,
        snapshotIndex |-> 0,
        snapshotTerm |-> 0,
        commitIndex |-> 3,
        config |->
            [ learners |-> {},
              jointConfig |-> <<{s1, s2, s3}, {}>>,
              autoLeave |-> FALSE ],
        snapshotHistory |-> <<>> ] @@
  s3 :>
      [ currentTerm |-> 2,
        votedFor |-> s3,
        log |-> 3,
        entries |->
            << [ value |-> [newconf |-> {s1, s2, s3}, learners |-> {}],
                 term |-> 1,
                 type |-> ConfigEntry ] >>,
        snapshotIndex |-> 2,
        snapshotTerm |-> 1,
        commitIndex |-> 3,
        config |->
            [ learners |-> {},
              jointConfig |-> <<{s1, s2, s3}, {}>>,
              autoLeave |-> FALSE ],
        snapshotHistory |->
            << [ value |-> [newconf |-> {s1}, learners |-> {}],
                 term |-> 1,
                 type |-> ConfigEntry ],
               [ value |-> [newconf |-> {s1, s2}, learners |-> {}],
                 term |-> 1,
                 type |-> ConfigEntry ] >> ] )
/\ historyLog = ( s1 :>
      << [ value |-> [newconf |-> {s1}, learners |-> {}],
           term |-> 1,
           type |-> ConfigEntry ],
         [ value |-> [newconf |-> {s1, s2}, learners |-> {}],
           term |-> 1,
           type |-> ConfigEntry ],
         [ value |-> [newconf |-> {s1, s2, s3}, learners |-> {}],
           term |-> 1,
           type |-> ConfigEntry ],
         [ value |->
               [ newconf |-> {s3},
                 learners |-> {},
                 enterJoint |-> TRUE,
                 oldconf |-> {s1, s2, s3} ],
           term |-> 2,
           type |-> ConfigEntry ],
         [value |-> [val |-> v1], term |-> 2, type |-> ValueEntry],
         [value |-> [val |-> v2], term |-> 2, type |-> ValueEntry],
         [value |-> [val |-> 0], term |-> 2, type |-> ValueEntry],
         [value |-> [val |-> 0], term |-> 2, type |-> ValueEntry],
         [value |-> [val |-> v2], term |-> 2, type |-> ValueEntry] >> @@
  s2 :>
      << [ value |-> [newconf |-> {s1}, learners |-> {}],
           term |-> 1,
           type |-> ConfigEntry ],
         [ value |-> [newconf |-> {s1, s2}, learners |-> {}],
           term |-> 1,
           type |-> ConfigEntry ],
         [ value |-> [newconf |-> {s1, s2, s3}, learners |-> {}],
           term |-> 1,
           type |-> ConfigEntry ],
         [ value |->
               [ newconf |-> {s3},
                 learners |-> {},
                 enterJoint |-> TRUE,
                 oldconf |-> {s1, s2, s3} ],
           term |-> 2,
           type |-> ConfigEntry ],
         [value |-> [val |-> v1], term |-> 2, type |-> ValueEntry],
         [value |-> [val |-> v2], term |-> 2, type |-> ValueEntry] >> @@
  s3 :>
      << [ value |-> [newconf |-> {s1}, learners |-> {}],
           term |-> 1,
           type |-> ConfigEntry ],
         [ value |-> [newconf |-> {s1, s2}, learners |-> {}],
           term |-> 1,
           type |-> ConfigEntry ],
         [ value |-> [newconf |-> {s1, s2, s3}, learners |-> {}],
           term |-> 1,
           type |-> ConfigEntry ] >> )
/\ nextIndex = ( s1 :> (s1 :> 10 @@ s2 :> 9 @@ s3 :> 9) @@
  s2 :> (s1 :> 1 @@ s2 :> 1 @@ s3 :> 1) @@
  s3 :> (s1 :> 1 @@ s2 :> 1 @@ s3 :> 1) )
/\ commitIndex = (s1 :> 6 @@ s2 :> 3 @@ s3 :> 3)
/\ inflights = ( s1 :> (s1 :> {} @@ s2 :> {} @@ s3 :> {}) @@
  s2 :> (s1 :> {} @@ s2 :> {} @@ s3 :> {}) @@
  s3 :> (s1 :> {} @@ s2 :> {} @@ s3 :> {}) )
/\ messages = <<>>
/\ currentTerm = (s1 :> 2 @@ s2 :> 2 @@ s3 :> 2)
/\ log = ( s1 :>
      [ offset |-> 1,
        entries |->
            << [ value |-> [newconf |-> {s1}, learners |-> {}],
                 term |-> 1,
                 type |-> ConfigEntry ],
               [ value |-> [newconf |-> {s1, s2}, learners |-> {}],
                 term |-> 1,
                 type |-> ConfigEntry ],
               [ value |-> [newconf |-> {s1, s2, s3}, learners |-> {}],
                 term |-> 1,
                 type |-> ConfigEntry ],
               [ value |->
                     [ newconf |-> {s3},
                       learners |-> {},
                       enterJoint |-> TRUE,
                       oldconf |-> {s1, s2, s3} ],
                 term |-> 2,
                 type |-> ConfigEntry ],
               [value |-> [val |-> v1], term |-> 2, type |-> ValueEntry],
               [value |-> [val |-> v2], term |-> 2, type |-> ValueEntry],
               [value |-> [val |-> 0], term |-> 2, type |-> ValueEntry],
               [value |-> [val |-> 0], term |-> 2, type |-> ValueEntry],
               [value |-> [val |-> v2], term |-> 2, type |-> ValueEntry] >>,
        snapshotIndex |-> 0,
        snapshotTerm |-> 0 ] @@
  s2 :>
      [ offset |-> 1,
        entries |->
            << [ value |-> [newconf |-> {s1}, learners |-> {}],
                 term |-> 1,
                 type |-> ConfigEntry ],
               [ value |-> [newconf |-> {s1, s2}, learners |-> {}],
                 term |-> 1,
                 type |-> ConfigEntry ],
               [ value |-> [newconf |-> {s1, s2, s3}, learners |-> {}],
                 term |-> 1,
                 type |-> ConfigEntry ],
               [ value |->
                     [ newconf |-> {s3},
                       learners |-> {},
                       enterJoint |-> TRUE,
                       oldconf |-> {s1, s2, s3} ],
                 term |-> 2,
                 type |-> ConfigEntry ],
               [value |-> [val |-> v1], term |-> 2, type |-> ValueEntry],
               [value |-> [val |-> v2], term |-> 2, type |-> ValueEntry] >>,
        snapshotIndex |-> 0,
        snapshotTerm |-> 0 ] @@
  s3 :>
      [ offset |-> 3,
        entries |->
            << [ value |-> [newconf |-> {s1, s2, s3}, learners |-> {}],
                 term |-> 1,
                 type |-> ConfigEntry ] >>,
        snapshotIndex |-> 2,
        snapshotTerm |-> 1 ] )
/\ partitions = (s1 :> 0 @@ s2 :> 0 @@ s3 :> 0)
/\ votesGranted = (s1 :> {s1, s2} @@ s2 :> {} @@ s3 :> {})
/\ pendingConfChangeIndex = (s1 :> 0 @@ s2 :> 0 @@ s3 :> 0)

@!@!@ENDMSG 2217 @!@!@
@!@!@STARTMSG 2217:4 @!@!@
63: <MCNextAsyncWithReady(s1) line 362, col 5 to line 362, col 35 of module MCetcdraft>
/\ progressState = ( s1 :> (s1 :> StateReplicate @@ s2 :> StateProbe @@ s3 :> StateProbe) @@
  s2 :> (s1 :> StateProbe @@ s2 :> StateProbe @@ s3 :> StateProbe) @@
  s3 :> (s1 :> StateProbe @@ s2 :> StateProbe @@ s3 :> StateProbe) )
/\ msgSeqCounter = 25
/\ constraintCounters = [ timeout |-> 2,
  request |-> 3,
  restart |-> 1,
  drop |-> 2,
  duplicate |-> 0,
  heartbeat |-> 4,
  stepDown |-> 1,
  snapshot |-> 1,
  compact |-> 1,
  confChange |-> 1,
  reportUnreachable |-> 1,
  partition |-> 0 ]
/\ pendingMessages = <<>>
/\ appliedConfigIndex = (s1 :> 0 @@ s2 :> 3 @@ s3 :> 3)
/\ reconfigCount = 1
/\ votesResponded = (s1 :> {s1, s2, s3} @@ s2 :> {} @@ s3 :> {})
/\ msgAppFlowPaused = ( s1 :> (s1 :> FALSE @@ s2 :> FALSE @@ s3 :> FALSE) @@
  s2 :> (s1 :> FALSE @@ s2 :> FALSE @@ s3 :> FALSE) @@
  s3 :> (s1 :> FALSE @@ s2 :> FALSE @@ s3 :> FALSE) )
/\ state = (s1 :> Leader @@ s2 :> Follower @@ s3 :> Follower)
/\ pendingSnapshot = ( s1 :> (s1 :> 0 @@ s2 :> 0 @@ s3 :> 0) @@
  s2 :> (s1 :> 0 @@ s2 :> 0 @@ s3 :> 0) @@
  s3 :> (s1 :> 0 @@ s2 :> 0 @@ s3 :> 0) )
/\ config = ( s1 :> [learners |-> {}, jointConfig |-> <<{s3}, {}>>, autoLeave |-> FALSE] @@
  s2 :>
      [ learners |-> {},
        jointConfig |-> <<{s1, s2, s3}, {}>>,
        autoLeave |-> FALSE ] @@
  s3 :>
      [ learners |-> {},
        jointConfig |-> <<{s1, s2, s3}, {}>>,
        autoLeave |-> FALSE ] )
/\ matchIndex = ( s1 :> (s1 :> 9 @@ s2 :> 0 @@ s3 :> 0) @@
  s2 :> (s1 :> 0 @@ s2 :> 0 @@ s3 :> 0) @@
  s3 :> (s1 :> 0 @@ s2 :> 0 @@ s3 :> 0) )
/\ applied = (s1 :> 3 @@ s2 :> 0 @@ s3 :> 3)
/\ votedFor = (s1 :> s1 @@ s2 :> s1 @@ s3 :> s3)
/\ durableState = ( s1 :>
      [ currentTerm |-> 2,
        votedFor |-> s1,
        log |-> 9,
        entries |->
            << [ value |-> [newconf |-> {s1}, learners |-> {}],
                 term |-> 1,
                 type |-> ConfigEntry ],
               [ value |-> [newconf |-> {s1, s2}, learners |-> {}],
                 term |-> 1,
                 type |-> ConfigEntry ],
               [ value |-> [newconf |-> {s1, s2, s3}, learners |-> {}],
                 term |-> 1,
                 type |-> ConfigEntry ],
               [ value |->
                     [ newconf |-> {s3},
                       learners |-> {},
                       enterJoint |-> TRUE,
                       oldconf |-> {s1, s2, s3} ],
                 term |-> 2,
                 type |-> ConfigEntry ],
               [value |-> [val |-> v1], term |-> 2, type |-> ValueEntry],
               [value |-> [val |-> v2], term |-> 2, type |-> ValueEntry],
               [value |-> [val |-> 0], term |-> 2, type |-> ValueEntry],
               [value |-> [val |-> 0], term |-> 2, type |-> ValueEntry],
               [value |-> [val |-> v2], term |-> 2, type |-> ValueEntry] >>,
        snapshotIndex |-> 0,
        snapshotTerm |-> 0,
        snapshotHistory |-> <<>>,
        commitIndex |-> 6,
        config |->
            [ learners |-> {},
              jointConfig |-> <<{s3}, {}>>,
              autoLeave |-> FALSE ] ] @@
  s2 :>
      [ currentTerm |-> 2,
        votedFor |-> s1,
        log |-> 6,
        entries |->
            << [ value |-> [newconf |-> {s1}, learners |-> {}],
                 term |-> 1,
                 type |-> ConfigEntry ],
               [ value |-> [newconf |-> {s1, s2}, learners |-> {}],
                 term |-> 1,
                 type |-> ConfigEntry ],
               [ value |-> [newconf |-> {s1, s2, s3}, learners |-> {}],
                 term |-> 1,
                 type |-> ConfigEntry ],
               [ value |->
                     [ newconf |-> {s3},
                       learners |-> {},
                       enterJoint |-> TRUE,
                       oldconf |-> {s1, s2, s3} ],
                 term |-> 2,
                 type |-> ConfigEntry ],
               [value |-> [val |-> v1], term |-> 2, type |-> ValueEntry],
               [value |-> [val |-> v2], term |-> 2, type |-> ValueEntry] >>,
        snapshotIndex |-> 0,
        snapshotTerm |-> 0,
        commitIndex |-> 3,
        config |->
            [ learners |-> {},
              jointConfig |-> <<{s1, s2, s3}, {}>>,
              autoLeave |-> FALSE ],
        snapshotHistory |-> <<>> ] @@
  s3 :>
      [ currentTerm |-> 2,
        votedFor |-> s3,
        log |-> 3,
        entries |->
            << [ value |-> [newconf |-> {s1, s2, s3}, learners |-> {}],
                 term |-> 1,
                 type |-> ConfigEntry ] >>,
        snapshotIndex |-> 2,
        snapshotTerm |-> 1,
        commitIndex |-> 3,
        config |->
            [ learners |-> {},
              jointConfig |-> <<{s1, s2, s3}, {}>>,
              autoLeave |-> FALSE ],
        snapshotHistory |->
            << [ value |-> [newconf |-> {s1}, learners |-> {}],
                 term |-> 1,
                 type |-> ConfigEntry ],
               [ value |-> [newconf |-> {s1, s2}, learners |-> {}],
                 term |-> 1,
                 type |-> ConfigEntry ] >> ] )
/\ historyLog = ( s1 :>
      << [ value |-> [newconf |-> {s1}, learners |-> {}],
           term |-> 1,
           type |-> ConfigEntry ],
         [ value |-> [newconf |-> {s1, s2}, learners |-> {}],
           term |-> 1,
           type |-> ConfigEntry ],
         [ value |-> [newconf |-> {s1, s2, s3}, learners |-> {}],
           term |-> 1,
           type |-> ConfigEntry ],
         [ value |->
               [ newconf |-> {s3},
                 learners |-> {},
                 enterJoint |-> TRUE,
                 oldconf |-> {s1, s2, s3} ],
           term |-> 2,
           type |-> ConfigEntry ],
         [value |-> [val |-> v1], term |-> 2, type |-> ValueEntry],
         [value |-> [val |-> v2], term |-> 2, type |-> ValueEntry],
         [value |-> [val |-> 0], term |-> 2, type |-> ValueEntry],
         [value |-> [val |-> 0], term |-> 2, type |-> ValueEntry],
         [value |-> [val |-> v2], term |-> 2, type |-> ValueEntry] >> @@
  s2 :>
      << [ value |-> [newconf |-> {s1}, learners |-> {}],
           term |-> 1,
           type |-> ConfigEntry ],
         [ value |-> [newconf |-> {s1, s2}, learners |-> {}],
           term |-> 1,
           type |-> ConfigEntry ],
         [ value |-> [newconf |-> {s1, s2, s3}, learners |-> {}],
           term |-> 1,
           type |-> ConfigEntry ],
         [ value |->
               [ newconf |-> {s3},
                 learners |-> {},
                 enterJoint |-> TRUE,
                 oldconf |-> {s1, s2, s3} ],
           term |-> 2,
           type |-> ConfigEntry ],
         [value |-> [val |-> v1], term |-> 2, type |-> ValueEntry],
         [value |-> [val |-> v2], term |-> 2, type |-> ValueEntry] >> @@
  s3 :>
      << [ value |-> [newconf |-> {s1}, learners |-> {}],
           term |-> 1,
           type |-> ConfigEntry ],
         [ value |-> [newconf |-> {s1, s2}, learners |-> {}],
           term |-> 1,
           type |-> ConfigEntry ],
         [ value |-> [newconf |-> {s1, s2, s3}, learners |-> {}],
           term |-> 1,
           type |-> ConfigEntry ] >> )
/\ nextIndex = ( s1 :> (s1 :> 10 @@ s2 :> 9 @@ s3 :> 9) @@
  s2 :> (s1 :> 1 @@ s2 :> 1 @@ s3 :> 1) @@
  s3 :> (s1 :> 1 @@ s2 :> 1 @@ s3 :> 1) )
/\ commitIndex = (s1 :> 6 @@ s2 :> 3 @@ s3 :> 3)
/\ inflights = ( s1 :> (s1 :> {} @@ s2 :> {} @@ s3 :> {}) @@
  s2 :> (s1 :> {} @@ s2 :> {} @@ s3 :> {}) @@
  s3 :> (s1 :> {} @@ s2 :> {} @@ s3 :> {}) )
/\ messages = ( [ mdest |-> s3,
    msource |-> s1,
    mterm |-> 2,
    mtype |-> AppendEntriesRequest,
    mseq |-> 24,
    msubtype |-> "app",
    mprevLogIndex |-> 8,
    mprevLogTerm |-> 2,
    mentries |-> <<>>,
    mcommitIndex |-> 6 ] :>
      1 )
/\ currentTerm = (s1 :> 2 @@ s2 :> 2 @@ s3 :> 2)
/\ log = ( s1 :>
      [ offset |-> 1,
        entries |->
            << [ value |-> [newconf |-> {s1}, learners |-> {}],
                 term |-> 1,
                 type |-> ConfigEntry ],
               [ value |-> [newconf |-> {s1, s2}, learners |-> {}],
                 term |-> 1,
                 type |-> ConfigEntry ],
               [ value |-> [newconf |-> {s1, s2, s3}, learners |-> {}],
                 term |-> 1,
                 type |-> ConfigEntry ],
               [ value |->
                     [ newconf |-> {s3},
                       learners |-> {},
                       enterJoint |-> TRUE,
                       oldconf |-> {s1, s2, s3} ],
                 term |-> 2,
                 type |-> ConfigEntry ],
               [value |-> [val |-> v1], term |-> 2, type |-> ValueEntry],
               [value |-> [val |-> v2], term |-> 2, type |-> ValueEntry],
               [value |-> [val |-> 0], term |-> 2, type |-> ValueEntry],
               [value |-> [val |-> 0], term |-> 2, type |-> ValueEntry],
               [value |-> [val |-> v2], term |-> 2, type |-> ValueEntry] >>,
        snapshotIndex |-> 0,
        snapshotTerm |-> 0 ] @@
  s2 :>
      [ offset |-> 1,
        entries |->
            << [ value |-> [newconf |-> {s1}, learners |-> {}],
                 term |-> 1,
                 type |-> ConfigEntry ],
               [ value |-> [newconf |-> {s1, s2}, learners |-> {}],
                 term |-> 1,
                 type |-> ConfigEntry ],
               [ value |-> [newconf |-> {s1, s2, s3}, learners |-> {}],
                 term |-> 1,
                 type |-> ConfigEntry ],
               [ value |->
                     [ newconf |-> {s3},
                       learners |-> {},
                       enterJoint |-> TRUE,
                       oldconf |-> {s1, s2, s3} ],
                 term |-> 2,
                 type |-> ConfigEntry ],
               [value |-> [val |-> v1], term |-> 2, type |-> ValueEntry],
               [value |-> [val |-> v2], term |-> 2, type |-> ValueEntry] >>,
        snapshotIndex |-> 0,
        snapshotTerm |-> 0 ] @@
  s3 :>
      [ offset |-> 3,
        entries |->
            << [ value |-> [newconf |-> {s1, s2, s3}, learners |-> {}],
                 term |-> 1,
                 type |-> ConfigEntry ] >>,
        snapshotIndex |-> 2,
        snapshotTerm |-> 1 ] )
/\ partitions = (s1 :> 0 @@ s2 :> 0 @@ s3 :> 0)
/\ votesGranted = (s1 :> {s1, s2} @@ s2 :> {} @@ s3 :> {})
/\ pendingConfChangeIndex = (s1 :> 0 @@ s2 :> 0 @@ s3 :> 0)

@!@!@ENDMSG 2217 @!@!@
@!@!@STARTMSG 2217:4 @!@!@
64: <MCDynamicConfigActions line 417, col 8 to line 418, col 29 of module MCetcdraft>
/\ progressState = ( s1 :> (s1 :> StateReplicate @@ s2 :> StateProbe @@ s3 :> StateProbe) @@
  s2 :> (s1 :> StateProbe @@ s2 :> StateProbe @@ s3 :> StateProbe) @@
  s3 :> (s1 :> StateProbe @@ s2 :> StateProbe @@ s3 :> StateProbe) )
/\ msgSeqCounter = 25
/\ constraintCounters = [ timeout |-> 2,
  request |-> 3,
  restart |-> 1,
  drop |-> 2,
  duplicate |-> 0,
  heartbeat |-> 4,
  stepDown |-> 1,
  snapshot |-> 1,
  compact |-> 1,
  confChange |-> 1,
  reportUnreachable |-> 1,
  partition |-> 0 ]
/\ pendingMessages = <<>>
/\ appliedConfigIndex = (s1 :> 1 @@ s2 :> 3 @@ s3 :> 3)
/\ reconfigCount = 1
/\ votesResponded = (s1 :> {s1, s2, s3} @@ s2 :> {} @@ s3 :> {})
/\ msgAppFlowPaused = ( s1 :> (s1 :> FALSE @@ s2 :> FALSE @@ s3 :> FALSE) @@
  s2 :> (s1 :> FALSE @@ s2 :> FALSE @@ s3 :> FALSE) @@
  s3 :> (s1 :> FALSE @@ s2 :> FALSE @@ s3 :> FALSE) )
/\ state = (s1 :> Leader @@ s2 :> Follower @@ s3 :> Follower)
/\ pendingSnapshot = ( s1 :> (s1 :> 0 @@ s2 :> 0 @@ s3 :> 0) @@
  s2 :> (s1 :> 0 @@ s2 :> 0 @@ s3 :> 0) @@
  s3 :> (s1 :> 0 @@ s2 :> 0 @@ s3 :> 0) )
/\ config = ( s1 :> [learners |-> {}, jointConfig |-> <<{s1}, {}>>, autoLeave |-> FALSE] @@
  s2 :>
      [ learners |-> {},
        jointConfig |-> <<{s1, s2, s3}, {}>>,
        autoLeave |-> FALSE ] @@
  s3 :>
      [ learners |-> {},
        jointConfig |-> <<{s1, s2, s3}, {}>>,
        autoLeave |-> FALSE ] )
/\ matchIndex = ( s1 :> (s1 :> 9 @@ s2 :> 0 @@ s3 :> 0) @@
  s2 :> (s1 :> 0 @@ s2 :> 0 @@ s3 :> 0) @@
  s3 :> (s1 :> 0 @@ s2 :> 0 @@ s3 :> 0) )
/\ applied = (s1 :> 3 @@ s2 :> 0 @@ s3 :> 3)
/\ votedFor = (s1 :> s1 @@ s2 :> s1 @@ s3 :> s3)
/\ durableState = ( s1 :>
      [ currentTerm |-> 2,
        votedFor |-> s1,
        log |-> 9,
        entries |->
            << [ value |-> [newconf |-> {s1}, learners |-> {}],
                 term |-> 1,
                 type |-> ConfigEntry ],
               [ value |-> [newconf |-> {s1, s2}, learners |-> {}],
                 term |-> 1,
                 type |-> ConfigEntry ],
               [ value |-> [newconf |-> {s1, s2, s3}, learners |-> {}],
                 term |-> 1,
                 type |-> ConfigEntry ],
               [ value |->
                     [ newconf |-> {s3},
                       learners |-> {},
                       enterJoint |-> TRUE,
                       oldconf |-> {s1, s2, s3} ],
                 term |-> 2,
                 type |-> ConfigEntry ],
               [value |-> [val |-> v1], term |-> 2, type |-> ValueEntry],
               [value |-> [val |-> v2], term |-> 2, type |-> ValueEntry],
               [value |-> [val |-> 0], term |-> 2, type |-> ValueEntry],
               [value |-> [val |-> 0], term |-> 2, type |-> ValueEntry],
               [value |-> [val |-> v2], term |-> 2, type |-> ValueEntry] >>,
        snapshotIndex |-> 0,
        snapshotTerm |-> 0,
        commitIndex |-> 6,
        config |->
            [ learners |-> {},
              jointConfig |-> <<{s3}, {}>>,
              autoLeave |-> FALSE ],
        snapshotHistory |-> <<>> ] @@
  s2 :>
      [ currentTerm |-> 2,
        votedFor |-> s1,
        log |-> 6,
        entries |->
            << [ value |-> [newconf |-> {s1}, learners |-> {}],
                 term |-> 1,
                 type |-> ConfigEntry ],
               [ value |-> [newconf |-> {s1, s2}, learners |-> {}],
                 term |-> 1,
                 type |-> ConfigEntry ],
               [ value |-> [newconf |-> {s1, s2, s3}, learners |-> {}],
                 term |-> 1,
                 type |-> ConfigEntry ],
               [ value |->
                     [ newconf |-> {s3},
                       learners |-> {},
                       enterJoint |-> TRUE,
                       oldconf |-> {s1, s2, s3} ],
                 term |-> 2,
                 type |-> ConfigEntry ],
               [value |-> [val |-> v1], term |-> 2, type |-> ValueEntry],
               [value |-> [val |-> v2], term |-> 2, type |-> ValueEntry] >>,
        snapshotIndex |-> 0,
        snapshotTerm |-> 0,
        commitIndex |-> 3,
        config |->
            [ learners |-> {},
              jointConfig |-> <<{s1, s2, s3}, {}>>,
              autoLeave |-> FALSE ],
        snapshotHistory |-> <<>> ] @@
  s3 :>
      [ currentTerm |-> 2,
        votedFor |-> s3,
        log |-> 3,
        entries |->
            << [ value |-> [newconf |-> {s1, s2, s3}, learners |-> {}],
                 term |-> 1,
                 type |-> ConfigEntry ] >>,
        snapshotIndex |-> 2,
        snapshotTerm |-> 1,
        commitIndex |-> 3,
        config |->
            [ learners |-> {},
              jointConfig |-> <<{s1, s2, s3}, {}>>,
              autoLeave |-> FALSE ],
        snapshotHistory |->
            << [ value |-> [newconf |-> {s1}, learners |-> {}],
                 term |-> 1,
                 type |-> ConfigEntry ],
               [ value |-> [newconf |-> {s1, s2}, learners |-> {}],
                 term |-> 1,
                 type |-> ConfigEntry ] >> ] )
/\ historyLog = ( s1 :>
      << [ value |-> [newconf |-> {s1}, learners |-> {}],
           term |-> 1,
           type |-> ConfigEntry ],
         [ value |-> [newconf |-> {s1, s2}, learners |-> {}],
           term |-> 1,
           type |-> ConfigEntry ],
         [ value |-> [newconf |-> {s1, s2, s3}, learners |-> {}],
           term |-> 1,
           type |-> ConfigEntry ],
         [ value |->
               [ newconf |-> {s3},
                 learners |-> {},
                 enterJoint |-> TRUE,
                 oldconf |-> {s1, s2, s3} ],
           term |-> 2,
           type |-> ConfigEntry ],
         [value |-> [val |-> v1], term |-> 2, type |-> ValueEntry],
         [value |-> [val |-> v2], term |-> 2, type |-> ValueEntry],
         [value |-> [val |-> 0], term |-> 2, type |-> ValueEntry],
         [value |-> [val |-> 0], term |-> 2, type |-> ValueEntry],
         [value |-> [val |-> v2], term |-> 2, type |-> ValueEntry] >> @@
  s2 :>
      << [ value |-> [newconf |-> {s1}, learners |-> {}],
           term |-> 1,
           type |-> ConfigEntry ],
         [ value |-> [newconf |-> {s1, s2}, learners |-> {}],
           term |-> 1,
           type |-> ConfigEntry ],
         [ value |-> [newconf |-> {s1, s2, s3}, learners |-> {}],
           term |-> 1,
           type |-> ConfigEntry ],
         [ value |->
               [ newconf |-> {s3},
                 learners |-> {},
                 enterJoint |-> TRUE,
                 oldconf |-> {s1, s2, s3} ],
           term |-> 2,
           type |-> ConfigEntry ],
         [value |-> [val |-> v1], term |-> 2, type |-> ValueEntry],
         [value |-> [val |-> v2], term |-> 2, type |-> ValueEntry] >> @@
  s3 :>
      << [ value |-> [newconf |-> {s1}, learners |-> {}],
           term |-> 1,
           type |-> ConfigEntry ],
         [ value |-> [newconf |-> {s1, s2}, learners |-> {}],
           term |-> 1,
           type |-> ConfigEntry ],
         [ value |-> [newconf |-> {s1, s2, s3}, learners |-> {}],
           term |-> 1,
           type |-> ConfigEntry ] >> )
/\ nextIndex = ( s1 :> (s1 :> 9 @@ s2 :> 9 @@ s3 :> 9) @@
  s2 :> (s1 :> 1 @@ s2 :> 1 @@ s3 :> 1) @@
  s3 :> (s1 :> 1 @@ s2 :> 1 @@ s3 :> 1) )
/\ commitIndex = (s1 :> 6 @@ s2 :> 3 @@ s3 :> 3)
/\ inflights = ( s1 :> (s1 :> {} @@ s2 :> {} @@ s3 :> {}) @@
  s2 :> (s1 :> {} @@ s2 :> {} @@ s3 :> {}) @@
  s3 :> (s1 :> {} @@ s2 :> {} @@ s3 :> {}) )
/\ messages = ( [ mdest |-> s3,
    msource |-> s1,
    mterm |-> 2,
    mtype |-> AppendEntriesRequest,
    mseq |-> 24,
    msubtype |-> "app",
    mprevLogIndex |-> 8,
    mprevLogTerm |-> 2,
    mentries |-> <<>>,
    mcommitIndex |-> 6 ] :>
      1 )
/\ currentTerm = (s1 :> 2 @@ s2 :> 2 @@ s3 :> 2)
/\ log = ( s1 :>
      [ offset |-> 1,
        entries |->
            << [ value |-> [newconf |-> {s1}, learners |-> {}],
                 term |-> 1,
                 type |-> ConfigEntry ],
               [ value |-> [newconf |-> {s1, s2}, learners |-> {}],
                 term |-> 1,
                 type |-> ConfigEntry ],
               [ value |-> [newconf |-> {s1, s2, s3}, learners |-> {}],
                 term |-> 1,
                 type |-> ConfigEntry ],
               [ value |->
                     [ newconf |-> {s3},
                       learners |-> {},
                       enterJoint |-> TRUE,
                       oldconf |-> {s1, s2, s3} ],
                 term |-> 2,
                 type |-> ConfigEntry ],
               [value |-> [val |-> v1], term |-> 2, type |-> ValueEntry],
               [value |-> [val |-> v2], term |-> 2, type |-> ValueEntry],
               [value |-> [val |-> 0], term |-> 2, type |-> ValueEntry],
               [value |-> [val |-> 0], term |-> 2, type |-> ValueEntry],
               [value |-> [val |-> v2], term |-> 2, type |-> ValueEntry] >>,
        snapshotIndex |-> 0,
        snapshotTerm |-> 0 ] @@
  s2 :>
      [ offset |-> 1,
        entries |->
            << [ value |-> [newconf |-> {s1}, learners |-> {}],
                 term |-> 1,
                 type |-> ConfigEntry ],
               [ value |-> [newconf |-> {s1, s2}, learners |-> {}],
                 term |-> 1,
                 type |-> ConfigEntry ],
               [ value |-> [newconf |-> {s1, s2, s3}, learners |-> {}],
                 term |-> 1,
                 type |-> ConfigEntry ],
               [ value |->
                     [ newconf |-> {s3},
                       learners |-> {},
                       enterJoint |-> TRUE,
                       oldconf |-> {s1, s2, s3} ],
                 term |-> 2,
                 type |-> ConfigEntry ],
               [value |-> [val |-> v1], term |-> 2, type |-> ValueEntry],
               [value |-> [val |-> v2], term |-> 2, type |-> ValueEntry] >>,
        snapshotIndex |-> 0,
        snapshotTerm |-> 0 ] @@
  s3 :>
      [ offset |-> 3,
        entries |->
            << [ value |-> [newconf |-> {s1, s2, s3}, learners |-> {}],
                 term |-> 1,
                 type |-> ConfigEntry ] >>,
        snapshotIndex |-> 2,
        snapshotTerm |-> 1 ] )
/\ partitions = (s1 :> 0 @@ s2 :> 0 @@ s3 :> 0)
/\ votesGranted = (s1 :> {s1, s2} @@ s2 :> {} @@ s3 :> {})
/\ pendingConfChangeIndex = (s1 :> 0 @@ s2 :> 0 @@ s3 :> 0)

@!@!@ENDMSG 2217 @!@!@
@!@!@STARTMSG 2217:4 @!@!@
65: <MCNextAsyncWithReady(s1) line 362, col 5 to line 362, col 35 of module MCetcdraft>
/\ progressState = ( s1 :> (s1 :> StateReplicate @@ s2 :> StateProbe @@ s3 :> StateProbe) @@
  s2 :> (s1 :> StateProbe @@ s2 :> StateProbe @@ s3 :> StateProbe) @@
  s3 :> (s1 :> StateProbe @@ s2 :> StateProbe @@ s3 :> StateProbe) )
/\ msgSeqCounter = 26
/\ constraintCounters = [ timeout |-> 2,
  request |-> 3,
  restart |-> 1,
  drop |-> 2,
  duplicate |-> 0,
  heartbeat |-> 4,
  stepDown |-> 1,
  snapshot |-> 1,
  compact |-> 1,
  confChange |-> 1,
  reportUnreachable |-> 1,
  partition |-> 0 ]
/\ pendingMessages = <<>>
/\ appliedConfigIndex = (s1 :> 1 @@ s2 :> 3 @@ s3 :> 3)
/\ reconfigCount = 1
/\ votesResponded = (s1 :> {s1, s2, s3} @@ s2 :> {} @@ s3 :> {})
/\ msgAppFlowPaused = ( s1 :> (s1 :> FALSE @@ s2 :> FALSE @@ s3 :> FALSE) @@
  s2 :> (s1 :> FALSE @@ s2 :> FALSE @@ s3 :> FALSE) @@
  s3 :> (s1 :> FALSE @@ s2 :> FALSE @@ s3 :> FALSE) )
/\ state = (s1 :> Leader @@ s2 :> Follower @@ s3 :> Follower)
/\ pendingSnapshot = ( s1 :> (s1 :> 0 @@ s2 :> 0 @@ s3 :> 0) @@
  s2 :> (s1 :> 0 @@ s2 :> 0 @@ s3 :> 0) @@
  s3 :> (s1 :> 0 @@ s2 :> 0 @@ s3 :> 0) )
/\ config = ( s1 :> [learners |-> {}, jointConfig |-> <<{s1}, {}>>, autoLeave |-> FALSE] @@
  s2 :>
      [ learners |-> {},
        jointConfig |-> <<{s1, s2, s3}, {}>>,
        autoLeave |-> FALSE ] @@
  s3 :>
      [ learners |-> {},
        jointConfig |-> <<{s1, s2, s3}, {}>>,
        autoLeave |-> FALSE ] )
/\ matchIndex = ( s1 :> (s1 :> 9 @@ s2 :> 0 @@ s3 :> 0) @@
  s2 :> (s1 :> 0 @@ s2 :> 0 @@ s3 :> 0) @@
  s3 :> (s1 :> 0 @@ s2 :> 0 @@ s3 :> 0) )
/\ applied = (s1 :> 3 @@ s2 :> 0 @@ s3 :> 3)
/\ votedFor = (s1 :> s1 @@ s2 :> s1 @@ s3 :> s3)
/\ durableState = ( s1 :>
      [ currentTerm |-> 2,
        votedFor |-> s1,
        log |-> 9,
        entries |->
            << [ value |-> [newconf |-> {s1}, learners |-> {}],
                 term |-> 1,
                 type |-> ConfigEntry ],
               [ value |-> [newconf |-> {s1, s2}, learners |-> {}],
                 term |-> 1,
                 type |-> ConfigEntry ],
               [ value |-> [newconf |-> {s1, s2, s3}, learners |-> {}],
                 term |-> 1,
                 type |-> ConfigEntry ],
               [ value |->
                     [ newconf |-> {s3},
                       learners |-> {},
                       enterJoint |-> TRUE,
                       oldconf |-> {s1, s2, s3} ],
                 term |-> 2,
                 type |-> ConfigEntry ],
               [value |-> [val |-> v1], term |-> 2, type |-> ValueEntry],
               [value |-> [val |-> v2], term |-> 2, type |-> ValueEntry],
               [value |-> [val |-> 0], term |-> 2, type |-> ValueEntry],
               [value |-> [val |-> 0], term |-> 2, type |-> ValueEntry],
               [value |-> [val |-> v2], term |-> 2, type |-> ValueEntry] >>,
        snapshotIndex |-> 0,
        snapshotTerm |-> 0,
        commitIndex |-> 6,
        config |->
            [ learners |-> {},
              jointConfig |-> <<{s1}, {}>>,
              autoLeave |-> FALSE ],
        snapshotHistory |-> <<>> ] @@
  s2 :>
      [ currentTerm |-> 2,
        votedFor |-> s1,
        log |-> 6,
        entries |->
            << [ value |-> [newconf |-> {s1}, learners |-> {}],
                 term |-> 1,
                 type |-> ConfigEntry ],
               [ value |-> [newconf |-> {s1, s2}, learners |-> {}],
                 term |-> 1,
                 type |-> ConfigEntry ],
               [ value |-> [newconf |-> {s1, s2, s3}, learners |-> {}],
                 term |-> 1,
                 type |-> ConfigEntry ],
               [ value |->
                     [ newconf |-> {s3},
                       learners |-> {},
                       enterJoint |-> TRUE,
                       oldconf |-> {s1, s2, s3} ],
                 term |-> 2,
                 type |-> ConfigEntry ],
               [value |-> [val |-> v1], term |-> 2, type |-> ValueEntry],
               [value |-> [val |-> v2], term |-> 2, type |-> ValueEntry] >>,
        snapshotIndex |-> 0,
        snapshotTerm |-> 0,
        commitIndex |-> 3,
        config |->
            [ learners |-> {},
              jointConfig |-> <<{s1, s2, s3}, {}>>,
              autoLeave |-> FALSE ],
        snapshotHistory |-> <<>> ] @@
  s3 :>
      [ currentTerm |-> 2,
        votedFor |-> s3,
        log |-> 3,
        entries |->
            << [ value |-> [newconf |-> {s1, s2, s3}, learners |-> {}],
                 term |-> 1,
                 type |-> ConfigEntry ] >>,
        snapshotIndex |-> 2,
        snapshotTerm |-> 1,
        commitIndex |-> 3,
        config |->
            [ learners |-> {},
              jointConfig |-> <<{s1, s2, s3}, {}>>,
              autoLeave |-> FALSE ],
        snapshotHistory |->
            << [ value |-> [newconf |-> {s1}, learners |-> {}],
                 term |-> 1,
                 type |-> ConfigEntry ],
               [ value |-> [newconf |-> {s1, s2}, learners |-> {}],
                 term |-> 1,
                 type |-> ConfigEntry ] >> ] )
/\ historyLog = ( s1 :>
      << [ value |-> [newconf |-> {s1}, learners |-> {}],
           term |-> 1,
           type |-> ConfigEntry ],
         [ value |-> [newconf |-> {s1, s2}, learners |-> {}],
           term |-> 1,
           type |-> ConfigEntry ],
         [ value |-> [newconf |-> {s1, s2, s3}, learners |-> {}],
           term |-> 1,
           type |-> ConfigEntry ],
         [ value |->
               [ newconf |-> {s3},
                 learners |-> {},
                 enterJoint |-> TRUE,
                 oldconf |-> {s1, s2, s3} ],
           term |-> 2,
           type |-> ConfigEntry ],
         [value |-> [val |-> v1], term |-> 2, type |-> ValueEntry],
         [value |-> [val |-> v2], term |-> 2, type |-> ValueEntry],
         [value |-> [val |-> 0], term |-> 2, type |-> ValueEntry],
         [value |-> [val |-> 0], term |-> 2, type |-> ValueEntry],
         [value |-> [val |-> v2], term |-> 2, type |-> ValueEntry] >> @@
  s2 :>
      << [ value |-> [newconf |-> {s1}, learners |-> {}],
           term |-> 1,
           type |-> ConfigEntry ],
         [ value |-> [newconf |-> {s1, s2}, learners |-> {}],
           term |-> 1,
           type |-> ConfigEntry ],
         [ value |-> [newconf |-> {s1, s2, s3}, learners |-> {}],
           term |-> 1,
           type |-> ConfigEntry ],
         [ value |->
               [ newconf |-> {s3},
                 learners |-> {},
                 enterJoint |-> TRUE,
                 oldconf |-> {s1, s2, s3} ],
           term |-> 2,
           type |-> ConfigEntry ],
         [value |-> [val |-> v1], term |-> 2, type |-> ValueEntry],
         [value |-> [val |-> v2], term |-> 2, type |-> ValueEntry] >> @@
  s3 :>
      << [ value |-> [newconf |-> {s1}, learners |-> {}],
           term |-> 1,
           type |-> ConfigEntry ],
         [ value |-> [newconf |-> {s1, s2}, learners |-> {}],
           term |-> 1,
           type |-> ConfigEntry ],
         [ value |-> [newconf |-> {s1, s2, s3}, learners |-> {}],
           term |-> 1,
           type |-> ConfigEntry ] >> )
/\ nextIndex = ( s1 :> (s1 :> 9 @@ s2 :> 9 @@ s3 :> 9) @@
  s2 :> (s1 :> 1 @@ s2 :> 1 @@ s3 :> 1) @@
  s3 :> (s1 :> 1 @@ s2 :> 1 @@ s3 :> 1) )
/\ commitIndex = (s1 :> 6 @@ s2 :> 3 @@ s3 :> 3)
/\ inflights = ( s1 :> (s1 :> {} @@ s2 :> {} @@ s3 :> {}) @@
  s2 :> (s1 :> {} @@ s2 :> {} @@ s3 :> {}) @@
  s3 :> (s1 :> {} @@ s2 :> {} @@ s3 :> {}) )
/\ messages = ( [ mdest |-> s3,
    msource |-> s1,
    mterm |-> 2,
    mtype |-> AppendEntriesRequest,
    mseq |-> 24,
    msubtype |-> "app",
    mprevLogIndex |-> 8,
    mprevLogTerm |-> 2,
    mentries |-> <<>>,
    mcommitIndex |-> 6 ] :>
      1 @@
  [ mdest |-> s1,
    msource |-> s1,
    mterm |-> 2,
    mtype |-> AppendEntriesResponse,
    mseq |-> 25,
    msubtype |-> "app",
    msuccess |-> TRUE,
    mmatchIndex |-> 9,
    mrejectHint |-> 0,
    mlogTerm |-> 0 ] :>
      1 )
/\ currentTerm = (s1 :> 2 @@ s2 :> 2 @@ s3 :> 2)
/\ log = ( s1 :>
      [ offset |-> 1,
        entries |->
            << [ value |-> [newconf |-> {s1}, learners |-> {}],
                 term |-> 1,
                 type |-> ConfigEntry ],
               [ value |-> [newconf |-> {s1, s2}, learners |-> {}],
                 term |-> 1,
                 type |-> ConfigEntry ],
               [ value |-> [newconf |-> {s1, s2, s3}, learners |-> {}],
                 term |-> 1,
                 type |-> ConfigEntry ],
               [ value |->
                     [ newconf |-> {s3},
                       learners |-> {},
                       enterJoint |-> TRUE,
                       oldconf |-> {s1, s2, s3} ],
                 term |-> 2,
                 type |-> ConfigEntry ],
               [value |-> [val |-> v1], term |-> 2, type |-> ValueEntry],
               [value |-> [val |-> v2], term |-> 2, type |-> ValueEntry],
               [value |-> [val |-> 0], term |-> 2, type |-> ValueEntry],
               [value |-> [val |-> 0], term |-> 2, type |-> ValueEntry],
               [value |-> [val |-> v2], term |-> 2, type |-> ValueEntry] >>,
        snapshotIndex |-> 0,
        snapshotTerm |-> 0 ] @@
  s2 :>
      [ offset |-> 1,
        entries |->
            << [ value |-> [newconf |-> {s1}, learners |-> {}],
                 term |-> 1,
                 type |-> ConfigEntry ],
               [ value |-> [newconf |-> {s1, s2}, learners |-> {}],
                 term |-> 1,
                 type |-> ConfigEntry ],
               [ value |-> [newconf |-> {s1, s2, s3}, learners |-> {}],
                 term |-> 1,
                 type |-> ConfigEntry ],
               [ value |->
                     [ newconf |-> {s3},
                       learners |-> {},
                       enterJoint |-> TRUE,
                       oldconf |-> {s1, s2, s3} ],
                 term |-> 2,
                 type |-> ConfigEntry ],
               [value |-> [val |-> v1], term |-> 2, type |-> ValueEntry],
               [value |-> [val |-> v2], term |-> 2, type |-> ValueEntry] >>,
        snapshotIndex |-> 0,
        snapshotTerm |-> 0 ] @@
  s3 :>
      [ offset |-> 3,
        entries |->
            << [ value |-> [newconf |-> {s1, s2, s3}, learners |-> {}],
                 term |-> 1,
                 type |-> ConfigEntry ] >>,
        snapshotIndex |-> 2,
        snapshotTerm |-> 1 ] )
/\ partitions = (s1 :> 0 @@ s2 :> 0 @@ s3 :> 0)
/\ votesGranted = (s1 :> {s1, s2} @@ s2 :> {} @@ s3 :> {})
/\ pendingConfChangeIndex = (s1 :> 0 @@ s2 :> 0 @@ s3 :> 0)

@!@!@ENDMSG 2217 @!@!@
@!@!@STARTMSG 2217:4 @!@!@
66: <MCNextAsyncWithReady(s1) line 362, col 5 to line 362, col 35 of module MCetcdraft>
/\ progressState = ( s1 :> (s1 :> StateReplicate @@ s2 :> StateProbe @@ s3 :> StateProbe) @@
  s2 :> (s1 :> StateProbe @@ s2 :> StateProbe @@ s3 :> StateProbe) @@
  s3 :> (s1 :> StateProbe @@ s2 :> StateProbe @@ s3 :> StateProbe) )
/\ msgSeqCounter = 26
/\ constraintCounters = [ timeout |-> 2,
  request |-> 3,
  restart |-> 1,
  drop |-> 2,
  duplicate |-> 0,
  heartbeat |-> 4,
  stepDown |-> 1,
  snapshot |-> 1,
  compact |-> 1,
  confChange |-> 1,
  reportUnreachable |-> 1,
  partition |-> 0 ]
/\ pendingMessages = <<>>
/\ appliedConfigIndex = (s1 :> 1 @@ s2 :> 3 @@ s3 :> 3)
/\ reconfigCount = 1
/\ votesResponded = (s1 :> {s1, s2, s3} @@ s2 :> {} @@ s3 :> {})
/\ msgAppFlowPaused = ( s1 :> (s1 :> FALSE @@ s2 :> FALSE @@ s3 :> FALSE) @@
  s2 :> (s1 :> FALSE @@ s2 :> FALSE @@ s3 :> FALSE) @@
  s3 :> (s1 :> FALSE @@ s2 :> FALSE @@ s3 :> FALSE) )
/\ state = (s1 :> Leader @@ s2 :> Follower @@ s3 :> Follower)
/\ pendingSnapshot = ( s1 :> (s1 :> 0 @@ s2 :> 0 @@ s3 :> 0) @@
  s2 :> (s1 :> 0 @@ s2 :> 0 @@ s3 :> 0) @@
  s3 :> (s1 :> 0 @@ s2 :> 0 @@ s3 :> 0) )
/\ config = ( s1 :> [learners |-> {}, jointConfig |-> <<{s1}, {}>>, autoLeave |-> FALSE] @@
  s2 :>
      [ learners |-> {},
        jointConfig |-> <<{s1, s2, s3}, {}>>,
        autoLeave |-> FALSE ] @@
  s3 :>
      [ learners |-> {},
        jointConfig |-> <<{s1, s2, s3}, {}>>,
        autoLeave |-> FALSE ] )
/\ matchIndex = ( s1 :> (s1 :> 9 @@ s2 :> 0 @@ s3 :> 0) @@
  s2 :> (s1 :> 0 @@ s2 :> 0 @@ s3 :> 0) @@
  s3 :> (s1 :> 0 @@ s2 :> 0 @@ s3 :> 0) )
/\ applied = (s1 :> 3 @@ s2 :> 0 @@ s3 :> 3)
/\ votedFor = (s1 :> s1 @@ s2 :> s1 @@ s3 :> s3)
/\ durableState = ( s1 :>
      [ currentTerm |-> 2,
        votedFor |-> s1,
        log |-> 9,
        entries |->
            << [ value |-> [newconf |-> {s1}, learners |-> {}],
                 term |-> 1,
                 type |-> ConfigEntry ],
               [ value |-> [newconf |-> {s1, s2}, learners |-> {}],
                 term |-> 1,
                 type |-> ConfigEntry ],
               [ value |-> [newconf |-> {s1, s2, s3}, learners |-> {}],
                 term |-> 1,
                 type |-> ConfigEntry ],
               [ value |->
                     [ newconf |-> {s3},
                       learners |-> {},
                       enterJoint |-> TRUE,
                       oldconf |-> {s1, s2, s3} ],
                 term |-> 2,
                 type |-> ConfigEntry ],
               [value |-> [val |-> v1], term |-> 2, type |-> ValueEntry],
               [value |-> [val |-> v2], term |-> 2, type |-> ValueEntry],
               [value |-> [val |-> 0], term |-> 2, type |-> ValueEntry],
               [value |-> [val |-> 0], term |-> 2, type |-> ValueEntry],
               [value |-> [val |-> v2], term |-> 2, type |-> ValueEntry] >>,
        snapshotIndex |-> 0,
        snapshotTerm |-> 0,
        commitIndex |-> 6,
        config |->
            [ learners |-> {},
              jointConfig |-> <<{s1}, {}>>,
              autoLeave |-> FALSE ],
        snapshotHistory |-> <<>> ] @@
  s2 :>
      [ currentTerm |-> 2,
        votedFor |-> s1,
        log |-> 6,
        entries |->
            << [ value |-> [newconf |-> {s1}, learners |-> {}],
                 term |-> 1,
                 type |-> ConfigEntry ],
               [ value |-> [newconf |-> {s1, s2}, learners |-> {}],
                 term |-> 1,
                 type |-> ConfigEntry ],
               [ value |-> [newconf |-> {s1, s2, s3}, learners |-> {}],
                 term |-> 1,
                 type |-> ConfigEntry ],
               [ value |->
                     [ newconf |-> {s3},
                       learners |-> {},
                       enterJoint |-> TRUE,
                       oldconf |-> {s1, s2, s3} ],
                 term |-> 2,
                 type |-> ConfigEntry ],
               [value |-> [val |-> v1], term |-> 2, type |-> ValueEntry],
               [value |-> [val |-> v2], term |-> 2, type |-> ValueEntry] >>,
        snapshotIndex |-> 0,
        snapshotTerm |-> 0,
        commitIndex |-> 3,
        config |->
            [ learners |-> {},
              jointConfig |-> <<{s1, s2, s3}, {}>>,
              autoLeave |-> FALSE ],
        snapshotHistory |-> <<>> ] @@
  s3 :>
      [ currentTerm |-> 2,
        votedFor |-> s3,
        log |-> 3,
        entries |->
            << [ value |-> [newconf |-> {s1, s2, s3}, learners |-> {}],
                 term |-> 1,
                 type |-> ConfigEntry ] >>,
        snapshotIndex |-> 2,
        snapshotTerm |-> 1,
        commitIndex |-> 3,
        config |->
            [ learners |-> {},
              jointConfig |-> <<{s1, s2, s3}, {}>>,
              autoLeave |-> FALSE ],
        snapshotHistory |->
            << [ value |-> [newconf |-> {s1}, learners |-> {}],
                 term |-> 1,
                 type |-> ConfigEntry ],
               [ value |-> [newconf |-> {s1, s2}, learners |-> {}],
                 term |-> 1,
                 type |-> ConfigEntry ] >> ] )
/\ historyLog = ( s1 :>
      << [ value |-> [newconf |-> {s1}, learners |-> {}],
           term |-> 1,
           type |-> ConfigEntry ],
         [ value |-> [newconf |-> {s1, s2}, learners |-> {}],
           term |-> 1,
           type |-> ConfigEntry ],
         [ value |-> [newconf |-> {s1, s2, s3}, learners |-> {}],
           term |-> 1,
           type |-> ConfigEntry ],
         [ value |->
               [ newconf |-> {s3},
                 learners |-> {},
                 enterJoint |-> TRUE,
                 oldconf |-> {s1, s2, s3} ],
           term |-> 2,
           type |-> ConfigEntry ],
         [value |-> [val |-> v1], term |-> 2, type |-> ValueEntry],
         [value |-> [val |-> v2], term |-> 2, type |-> ValueEntry],
         [value |-> [val |-> 0], term |-> 2, type |-> ValueEntry],
         [value |-> [val |-> 0], term |-> 2, type |-> ValueEntry],
         [value |-> [val |-> v2], term |-> 2, type |-> ValueEntry] >> @@
  s2 :>
      << [ value |-> [newconf |-> {s1}, learners |-> {}],
           term |-> 1,
           type |-> ConfigEntry ],
         [ value |-> [newconf |-> {s1, s2}, learners |-> {}],
           term |-> 1,
           type |-> ConfigEntry ],
         [ value |-> [newconf |-> {s1, s2, s3}, learners |-> {}],
           term |-> 1,
           type |-> ConfigEntry ],
         [ value |->
               [ newconf |-> {s3},
                 learners |-> {},
                 enterJoint |-> TRUE,
                 oldconf |-> {s1, s2, s3} ],
           term |-> 2,
           type |-> ConfigEntry ],
         [value |-> [val |-> v1], term |-> 2, type |-> ValueEntry],
         [value |-> [val |-> v2], term |-> 2, type |-> ValueEntry] >> @@
  s3 :>
      << [ value |-> [newconf |-> {s1}, learners |-> {}],
           term |-> 1,
           type |-> ConfigEntry ],
         [ value |-> [newconf |-> {s1, s2}, learners |-> {}],
           term |-> 1,
           type |-> ConfigEntry ],
         [ value |-> [newconf |-> {s1, s2, s3}, learners |-> {}],
           term |-> 1,
           type |-> ConfigEntry ] >> )
/\ nextIndex = ( s1 :> (s1 :> 10 @@ s2 :> 9 @@ s3 :> 9) @@
  s2 :> (s1 :> 1 @@ s2 :> 1 @@ s3 :> 1) @@
  s3 :> (s1 :> 1 @@ s2 :> 1 @@ s3 :> 1) )
/\ commitIndex = (s1 :> 6 @@ s2 :> 3 @@ s3 :> 3)
/\ inflights = ( s1 :> (s1 :> {} @@ s2 :> {} @@ s3 :> {}) @@
  s2 :> (s1 :> {} @@ s2 :> {} @@ s3 :> {}) @@
  s3 :> (s1 :> {} @@ s2 :> {} @@ s3 :> {}) )
/\ messages = ( [ mdest |-> s3,
    msource |-> s1,
    mterm |-> 2,
    mtype |-> AppendEntriesRequest,
    mseq |-> 24,
    msubtype |-> "app",
    mprevLogIndex |-> 8,
    mprevLogTerm |-> 2,
    mentries |-> <<>>,
    mcommitIndex |-> 6 ] :>
      1 )
/\ currentTerm = (s1 :> 2 @@ s2 :> 2 @@ s3 :> 2)
/\ log = ( s1 :>
      [ offset |-> 1,
        entries |->
            << [ value |-> [newconf |-> {s1}, learners |-> {}],
                 term |-> 1,
                 type |-> ConfigEntry ],
               [ value |-> [newconf |-> {s1, s2}, learners |-> {}],
                 term |-> 1,
                 type |-> ConfigEntry ],
               [ value |-> [newconf |-> {s1, s2, s3}, learners |-> {}],
                 term |-> 1,
                 type |-> ConfigEntry ],
               [ value |->
                     [ newconf |-> {s3},
                       learners |-> {},
                       enterJoint |-> TRUE,
                       oldconf |-> {s1, s2, s3} ],
                 term |-> 2,
                 type |-> ConfigEntry ],
               [value |-> [val |-> v1], term |-> 2, type |-> ValueEntry],
               [value |-> [val |-> v2], term |-> 2, type |-> ValueEntry],
               [value |-> [val |-> 0], term |-> 2, type |-> ValueEntry],
               [value |-> [val |-> 0], term |-> 2, type |-> ValueEntry],
               [value |-> [val |-> v2], term |-> 2, type |-> ValueEntry] >>,
        snapshotIndex |-> 0,
        snapshotTerm |-> 0 ] @@
  s2 :>
      [ offset |-> 1,
        entries |->
            << [ value |-> [newconf |-> {s1}, learners |-> {}],
                 term |-> 1,
                 type |-> ConfigEntry ],
               [ value |-> [newconf |-> {s1, s2}, learners |-> {}],
                 term |-> 1,
                 type |-> ConfigEntry ],
               [ value |-> [newconf |-> {s1, s2, s3}, learners |-> {}],
                 term |-> 1,
                 type |-> ConfigEntry ],
               [ value |->
                     [ newconf |-> {s3},
                       learners |-> {},
                       enterJoint |-> TRUE,
                       oldconf |-> {s1, s2, s3} ],
                 term |-> 2,
                 type |-> ConfigEntry ],
               [value |-> [val |-> v1], term |-> 2, type |-> ValueEntry],
               [value |-> [val |-> v2], term |-> 2, type |-> ValueEntry] >>,
        snapshotIndex |-> 0,
        snapshotTerm |-> 0 ] @@
  s3 :>
      [ offset |-> 3,
        entries |->
            << [ value |-> [newconf |-> {s1, s2, s3}, learners |-> {}],
                 term |-> 1,
                 type |-> ConfigEntry ] >>,
        snapshotIndex |-> 2,
        snapshotTerm |-> 1 ] )
/\ partitions = (s1 :> 0 @@ s2 :> 0 @@ s3 :> 0)
/\ votesGranted = (s1 :> {s1, s2} @@ s2 :> {} @@ s3 :> {})
/\ pendingConfChangeIndex = (s1 :> 0 @@ s2 :> 0 @@ s3 :> 0)

@!@!@ENDMSG 2217 @!@!@
@!@!@STARTMSG 2217:4 @!@!@
67: <MCDynamicConfigActions line 426, col 8 to line 436, col 29 of module MCetcdraft>
/\ progressState = ( s1 :> (s1 :> StateReplicate @@ s2 :> StateProbe @@ s3 :> StateProbe) @@
  s2 :> (s1 :> StateProbe @@ s2 :> StateProbe @@ s3 :> StateProbe) @@
  s3 :> (s1 :> StateProbe @@ s2 :> StateProbe @@ s3 :> StateProbe) )
/\ msgSeqCounter = 26
/\ constraintCounters = [ timeout |-> 2,
  request |-> 3,
  restart |-> 1,
  drop |-> 2,
  duplicate |-> 0,
  heartbeat |-> 4,
  stepDown |-> 1,
  snapshot |-> 1,
  compact |-> 1,
  confChange |-> 1,
  reportUnreachable |-> 1,
  partition |-> 0 ]
/\ pendingMessages = <<>>
/\ appliedConfigIndex = (s1 :> 0 @@ s2 :> 3 @@ s3 :> 3)
/\ reconfigCount = 1
/\ votesResponded = (s1 :> {s1, s2, s3} @@ s2 :> {} @@ s3 :> {})
/\ msgAppFlowPaused = ( s1 :> (s1 :> FALSE @@ s2 :> FALSE @@ s3 :> FALSE) @@
  s2 :> (s1 :> FALSE @@ s2 :> FALSE @@ s3 :> FALSE) @@
  s3 :> (s1 :> FALSE @@ s2 :> FALSE @@ s3 :> FALSE) )
/\ state = (s1 :> Leader @@ s2 :> Follower @@ s3 :> Follower)
/\ pendingSnapshot = ( s1 :> (s1 :> 0 @@ s2 :> 0 @@ s3 :> 0) @@
  s2 :> (s1 :> 0 @@ s2 :> 0 @@ s3 :> 0) @@
  s3 :> (s1 :> 0 @@ s2 :> 0 @@ s3 :> 0) )
/\ config = ( s1 :> [learners |-> {}, jointConfig |-> <<{s3}, {}>>, autoLeave |-> FALSE] @@
  s2 :>
      [ learners |-> {},
        jointConfig |-> <<{s1, s2, s3}, {}>>,
        autoLeave |-> FALSE ] @@
  s3 :>
      [ learners |-> {},
        jointConfig |-> <<{s1, s2, s3}, {}>>,
        autoLeave |-> FALSE ] )
/\ matchIndex = ( s1 :> (s1 :> 9 @@ s2 :> 0 @@ s3 :> 0) @@
  s2 :> (s1 :> 0 @@ s2 :> 0 @@ s3 :> 0) @@
  s3 :> (s1 :> 0 @@ s2 :> 0 @@ s3 :> 0) )
/\ applied = (s1 :> 3 @@ s2 :> 0 @@ s3 :> 3)
/\ votedFor = (s1 :> s1 @@ s2 :> s1 @@ s3 :> s3)
/\ durableState = ( s1 :>
      [ currentTerm |-> 2,
        votedFor |-> s1,
        log |-> 9,
        entries |->
            << [ value |-> [newconf |-> {s1}, learners |-> {}],
                 term |-> 1,
                 type |-> ConfigEntry ],
               [ value |-> [newconf |-> {s1, s2}, learners |-> {}],
                 term |-> 1,
                 type |-> ConfigEntry ],
               [ value |-> [newconf |-> {s1, s2, s3}, learners |-> {}],
                 term |-> 1,
                 type |-> ConfigEntry ],
               [ value |->
                     [ newconf |-> {s3},
                       learners |-> {},
                       enterJoint |-> TRUE,
                       oldconf |-> {s1, s2, s3} ],
                 term |-> 2,
                 type |-> ConfigEntry ],
               [value |-> [val |-> v1], term |-> 2, type |-> ValueEntry],
               [value |-> [val |-> v2], term |-> 2, type |-> ValueEntry],
               [value |-> [val |-> 0], term |-> 2, type |-> ValueEntry],
               [value |-> [val |-> 0], term |-> 2, type |-> ValueEntry],
               [value |-> [val |-> v2], term |-> 2, type |-> ValueEntry] >>,
        snapshotIndex |-> 0,
        snapshotTerm |-> 0,
        commitIndex |-> 6,
        config |->
            [ learners |-> {},
              jointConfig |-> <<{s1}, {}>>,
              autoLeave |-> FALSE ],
        snapshotHistory |-> <<>> ] @@
  s2 :>
      [ currentTerm |-> 2,
        votedFor |-> s1,
        log |-> 6,
        entries |->
            << [ value |-> [newconf |-> {s1}, learners |-> {}],
                 term |-> 1,
                 type |-> ConfigEntry ],
               [ value |-> [newconf |-> {s1, s2}, learners |-> {}],
                 term |-> 1,
                 type |-> ConfigEntry ],
               [ value |-> [newconf |-> {s1, s2, s3}, learners |-> {}],
                 term |-> 1,
                 type |-> ConfigEntry ],
               [ value |->
                     [ newconf |-> {s3},
                       learners |-> {},
                       enterJoint |-> TRUE,
                       oldconf |-> {s1, s2, s3} ],
                 term |-> 2,
                 type |-> ConfigEntry ],
               [value |-> [val |-> v1], term |-> 2, type |-> ValueEntry],
               [value |-> [val |-> v2], term |-> 2, type |-> ValueEntry] >>,
        snapshotIndex |-> 0,
        snapshotTerm |-> 0,
        commitIndex |-> 3,
        config |->
            [ learners |-> {},
              jointConfig |-> <<{s1, s2, s3}, {}>>,
              autoLeave |-> FALSE ],
        snapshotHistory |-> <<>> ] @@
  s3 :>
      [ currentTerm |-> 2,
        votedFor |-> s3,
        log |-> 3,
        entries |->
            << [ value |-> [newconf |-> {s1, s2, s3}, learners |-> {}],
                 term |-> 1,
                 type |-> ConfigEntry ] >>,
        snapshotIndex |-> 2,
        snapshotTerm |-> 1,
        commitIndex |-> 3,
        config |->
            [ learners |-> {},
              jointConfig |-> <<{s1, s2, s3}, {}>>,
              autoLeave |-> FALSE ],
        snapshotHistory |->
            << [ value |-> [newconf |-> {s1}, learners |-> {}],
                 term |-> 1,
                 type |-> ConfigEntry ],
               [ value |-> [newconf |-> {s1, s2}, learners |-> {}],
                 term |-> 1,
                 type |-> ConfigEntry ] >> ] )
/\ historyLog = ( s1 :>
      << [ value |-> [newconf |-> {s1}, learners |-> {}],
           term |-> 1,
           type |-> ConfigEntry ],
         [ value |-> [newconf |-> {s1, s2}, learners |-> {}],
           term |-> 1,
           type |-> ConfigEntry ],
         [ value |-> [newconf |-> {s1, s2, s3}, learners |-> {}],
           term |-> 1,
           type |-> ConfigEntry ],
         [ value |->
               [ newconf |-> {s3},
                 learners |-> {},
                 enterJoint |-> TRUE,
                 oldconf |-> {s1, s2, s3} ],
           term |-> 2,
           type |-> ConfigEntry ],
         [value |-> [val |-> v1], term |-> 2, type |-> ValueEntry],
         [value |-> [val |-> v2], term |-> 2, type |-> ValueEntry],
         [value |-> [val |-> 0], term |-> 2, type |-> ValueEntry],
         [value |-> [val |-> 0], term |-> 2, type |-> ValueEntry],
         [value |-> [val |-> v2], term |-> 2, type |-> ValueEntry] >> @@
  s2 :>
      << [ value |-> [newconf |-> {s1}, learners |-> {}],
           term |-> 1,
           type |-> ConfigEntry ],
         [ value |-> [newconf |-> {s1, s2}, learners |-> {}],
           term |-> 1,
           type |-> ConfigEntry ],
         [ value |-> [newconf |-> {s1, s2, s3}, learners |-> {}],
           term |-> 1,
           type |-> ConfigEntry ],
         [ value |->
               [ newconf |-> {s3},
                 learners |-> {},
                 enterJoint |-> TRUE,
                 oldconf |-> {s1, s2, s3} ],
           term |-> 2,
           type |-> ConfigEntry ],
         [value |-> [val |-> v1], term |-> 2, type |-> ValueEntry],
         [value |-> [val |-> v2], term |-> 2, type |-> ValueEntry] >> @@
  s3 :>
      << [ value |-> [newconf |-> {s1}, learners |-> {}],
           term |-> 1,
           type |-> ConfigEntry ],
         [ value |-> [newconf |-> {s1, s2}, learners |-> {}],
           term |-> 1,
           type |-> ConfigEntry ],
         [ value |-> [newconf |-> {s1, s2, s3}, learners |-> {}],
           term |-> 1,
           type |-> ConfigEntry ] >> )
/\ nextIndex = ( s1 :> (s1 :> 10 @@ s2 :> 9 @@ s3 :> 9) @@
  s2 :> (s1 :> 1 @@ s2 :> 1 @@ s3 :> 1) @@
  s3 :> (s1 :> 1 @@ s2 :> 1 @@ s3 :> 1) )
/\ commitIndex = (s1 :> 6 @@ s2 :> 3 @@ s3 :> 3)
/\ inflights = ( s1 :> (s1 :> {} @@ s2 :> {} @@ s3 :> {}) @@
  s2 :> (s1 :> {} @@ s2 :> {} @@ s3 :> {}) @@
  s3 :> (s1 :> {} @@ s2 :> {} @@ s3 :> {}) )
/\ messages = ( [ mdest |-> s3,
    msource |-> s1,
    mterm |-> 2,
    mtype |-> AppendEntriesRequest,
    mseq |-> 24,
    msubtype |-> "app",
    mprevLogIndex |-> 8,
    mprevLogTerm |-> 2,
    mentries |-> <<>>,
    mcommitIndex |-> 6 ] :>
      1 )
/\ currentTerm = (s1 :> 2 @@ s2 :> 2 @@ s3 :> 2)
/\ log = ( s1 :>
      [ offset |-> 1,
        entries |->
            << [ value |-> [newconf |-> {s1}, learners |-> {}],
                 term |-> 1,
                 type |-> ConfigEntry ],
               [ value |-> [newconf |-> {s1, s2}, learners |-> {}],
                 term |-> 1,
                 type |-> ConfigEntry ],
               [ value |-> [newconf |-> {s1, s2, s3}, learners |-> {}],
                 term |-> 1,
                 type |-> ConfigEntry ],
               [ value |->
                     [ newconf |-> {s3},
                       learners |-> {},
                       enterJoint |-> TRUE,
                       oldconf |-> {s1, s2, s3} ],
                 term |-> 2,
                 type |-> ConfigEntry ],
               [value |-> [val |-> v1], term |-> 2, type |-> ValueEntry],
               [value |-> [val |-> v2], term |-> 2, type |-> ValueEntry],
               [value |-> [val |-> 0], term |-> 2, type |-> ValueEntry],
               [value |-> [val |-> 0], term |-> 2, type |-> ValueEntry],
               [value |-> [val |-> v2], term |-> 2, type |-> ValueEntry] >>,
        snapshotIndex |-> 0,
        snapshotTerm |-> 0 ] @@
  s2 :>
      [ offset |-> 1,
        entries |->
            << [ value |-> [newconf |-> {s1}, learners |-> {}],
                 term |-> 1,
                 type |-> ConfigEntry ],
               [ value |-> [newconf |-> {s1, s2}, learners |-> {}],
                 term |-> 1,
                 type |-> ConfigEntry ],
               [ value |-> [newconf |-> {s1, s2, s3}, learners |-> {}],
                 term |-> 1,
                 type |-> ConfigEntry ],
               [ value |->
                     [ newconf |-> {s3},
                       learners |-> {},
                       enterJoint |-> TRUE,
                       oldconf |-> {s1, s2, s3} ],
                 term |-> 2,
                 type |-> ConfigEntry ],
               [value |-> [val |-> v1], term |-> 2, type |-> ValueEntry],
               [value |-> [val |-> v2], term |-> 2, type |-> ValueEntry] >>,
        snapshotIndex |-> 0,
        snapshotTerm |-> 0 ] @@
  s3 :>
      [ offset |-> 3,
        entries |->
            << [ value |-> [newconf |-> {s1, s2, s3}, learners |-> {}],
                 term |-> 1,
                 type |-> ConfigEntry ] >>,
        snapshotIndex |-> 2,
        snapshotTerm |-> 1 ] )
/\ partitions = (s1 :> 0 @@ s2 :> 0 @@ s3 :> 0)
/\ votesGranted = (s1 :> {s1, s2} @@ s2 :> {} @@ s3 :> {})
/\ pendingConfChangeIndex = (s1 :> 0 @@ s2 :> 0 @@ s3 :> 0)

@!@!@ENDMSG 2217 @!@!@
@!@!@STARTMSG 2217:4 @!@!@
68: <MCNextAsyncWithReady(s3) line 362, col 5 to line 362, col 35 of module MCetcdraft>
/\ progressState = ( s1 :> (s1 :> StateReplicate @@ s2 :> StateProbe @@ s3 :> StateProbe) @@
  s2 :> (s1 :> StateProbe @@ s2 :> StateProbe @@ s3 :> StateProbe) @@
  s3 :> (s1 :> StateProbe @@ s2 :> StateProbe @@ s3 :> StateProbe) )
/\ msgSeqCounter = 27
/\ constraintCounters = [ timeout |-> 2,
  request |-> 3,
  restart |-> 1,
  drop |-> 2,
  duplicate |-> 0,
  heartbeat |-> 4,
  stepDown |-> 1,
  snapshot |-> 1,
  compact |-> 1,
  confChange |-> 1,
  reportUnreachable |-> 1,
  partition |-> 0 ]
/\ pendingMessages = <<>>
/\ appliedConfigIndex = (s1 :> 0 @@ s2 :> 3 @@ s3 :> 3)
/\ reconfigCount = 1
/\ votesResponded = (s1 :> {s1, s2, s3} @@ s2 :> {} @@ s3 :> {})
/\ msgAppFlowPaused = ( s1 :> (s1 :> FALSE @@ s2 :> FALSE @@ s3 :> FALSE) @@
  s2 :> (s1 :> FALSE @@ s2 :> FALSE @@ s3 :> FALSE) @@
  s3 :> (s1 :> FALSE @@ s2 :> FALSE @@ s3 :> FALSE) )
/\ state = (s1 :> Leader @@ s2 :> Follower @@ s3 :> Follower)
/\ pendingSnapshot = ( s1 :> (s1 :> 0 @@ s2 :> 0 @@ s3 :> 0) @@
  s2 :> (s1 :> 0 @@ s2 :> 0 @@ s3 :> 0) @@
  s3 :> (s1 :> 0 @@ s2 :> 0 @@ s3 :> 0) )
/\ config = ( s1 :> [learners |-> {}, jointConfig |-> <<{s3}, {}>>, autoLeave |-> FALSE] @@
  s2 :>
      [ learners |-> {},
        jointConfig |-> <<{s1, s2, s3}, {}>>,
        autoLeave |-> FALSE ] @@
  s3 :>
      [ learners |-> {},
        jointConfig |-> <<{s1, s2, s3}, {}>>,
        autoLeave |-> FALSE ] )
/\ matchIndex = ( s1 :> (s1 :> 9 @@ s2 :> 0 @@ s3 :> 0) @@
  s2 :> (s1 :> 0 @@ s2 :> 0 @@ s3 :> 0) @@
  s3 :> (s1 :> 0 @@ s2 :> 0 @@ s3 :> 0) )
/\ applied = (s1 :> 3 @@ s2 :> 0 @@ s3 :> 3)
/\ votedFor = (s1 :> s1 @@ s2 :> s1 @@ s3 :> s3)
/\ durableState = ( s1 :>
      [ currentTerm |-> 2,
        votedFor |-> s1,
        log |-> 9,
        entries |->
            << [ value |-> [newconf |-> {s1}, learners |-> {}],
                 term |-> 1,
                 type |-> ConfigEntry ],
               [ value |-> [newconf |-> {s1, s2}, learners |-> {}],
                 term |-> 1,
                 type |-> ConfigEntry ],
               [ value |-> [newconf |-> {s1, s2, s3}, learners |-> {}],
                 term |-> 1,
                 type |-> ConfigEntry ],
               [ value |->
                     [ newconf |-> {s3},
                       learners |-> {},
                       enterJoint |-> TRUE,
                       oldconf |-> {s1, s2, s3} ],
                 term |-> 2,
                 type |-> ConfigEntry ],
               [value |-> [val |-> v1], term |-> 2, type |-> ValueEntry],
               [value |-> [val |-> v2], term |-> 2, type |-> ValueEntry],
               [value |-> [val |-> 0], term |-> 2, type |-> ValueEntry],
               [value |-> [val |-> 0], term |-> 2, type |-> ValueEntry],
               [value |-> [val |-> v2], term |-> 2, type |-> ValueEntry] >>,
        snapshotIndex |-> 0,
        snapshotTerm |-> 0,
        commitIndex |-> 6,
        config |->
            [ learners |-> {},
              jointConfig |-> <<{s1}, {}>>,
              autoLeave |-> FALSE ],
        snapshotHistory |-> <<>> ] @@
  s2 :>
      [ currentTerm |-> 2,
        votedFor |-> s1,
        log |-> 6,
        entries |->
            << [ value |-> [newconf |-> {s1}, learners |-> {}],
                 term |-> 1,
                 type |-> ConfigEntry ],
               [ value |-> [newconf |-> {s1, s2}, learners |-> {}],
                 term |-> 1,
                 type |-> ConfigEntry ],
               [ value |-> [newconf |-> {s1, s2, s3}, learners |-> {}],
                 term |-> 1,
                 type |-> ConfigEntry ],
               [ value |->
                     [ newconf |-> {s3},
                       learners |-> {},
                       enterJoint |-> TRUE,
                       oldconf |-> {s1, s2, s3} ],
                 term |-> 2,
                 type |-> ConfigEntry ],
               [value |-> [val |-> v1], term |-> 2, type |-> ValueEntry],
               [value |-> [val |-> v2], term |-> 2, type |-> ValueEntry] >>,
        snapshotIndex |-> 0,
        snapshotTerm |-> 0,
        commitIndex |-> 3,
        config |->
            [ learners |-> {},
              jointConfig |-> <<{s1, s2, s3}, {}>>,
              autoLeave |-> FALSE ],
        snapshotHistory |-> <<>> ] @@
  s3 :>
      [ currentTerm |-> 2,
        votedFor |-> s3,
        log |-> 3,
        entries |->
            << [ value |-> [newconf |-> {s1, s2, s3}, learners |-> {}],
                 term |-> 1,
                 type |-> ConfigEntry ] >>,
        snapshotIndex |-> 2,
        snapshotTerm |-> 1,
        commitIndex |-> 3,
        config |->
            [ learners |-> {},
              jointConfig |-> <<{s1, s2, s3}, {}>>,
              autoLeave |-> FALSE ],
        snapshotHistory |->
            << [ value |-> [newconf |-> {s1}, learners |-> {}],
                 term |-> 1,
                 type |-> ConfigEntry ],
               [ value |-> [newconf |-> {s1, s2}, learners |-> {}],
                 term |-> 1,
                 type |-> ConfigEntry ] >> ] )
/\ historyLog = ( s1 :>
      << [ value |-> [newconf |-> {s1}, learners |-> {}],
           term |-> 1,
           type |-> ConfigEntry ],
         [ value |-> [newconf |-> {s1, s2}, learners |-> {}],
           term |-> 1,
           type |-> ConfigEntry ],
         [ value |-> [newconf |-> {s1, s2, s3}, learners |-> {}],
           term |-> 1,
           type |-> ConfigEntry ],
         [ value |->
               [ newconf |-> {s3},
                 learners |-> {},
                 enterJoint |-> TRUE,
                 oldconf |-> {s1, s2, s3} ],
           term |-> 2,
           type |-> ConfigEntry ],
         [value |-> [val |-> v1], term |-> 2, type |-> ValueEntry],
         [value |-> [val |-> v2], term |-> 2, type |-> ValueEntry],
         [value |-> [val |-> 0], term |-> 2, type |-> ValueEntry],
         [value |-> [val |-> 0], term |-> 2, type |-> ValueEntry],
         [value |-> [val |-> v2], term |-> 2, type |-> ValueEntry] >> @@
  s2 :>
      << [ value |-> [newconf |-> {s1}, learners |-> {}],
           term |-> 1,
           type |-> ConfigEntry ],
         [ value |-> [newconf |-> {s1, s2}, learners |-> {}],
           term |-> 1,
           type |-> ConfigEntry ],
         [ value |-> [newconf |-> {s1, s2, s3}, learners |-> {}],
           term |-> 1,
           type |-> ConfigEntry ],
         [ value |->
               [ newconf |-> {s3},
                 learners |-> {},
                 enterJoint |-> TRUE,
                 oldconf |-> {s1, s2, s3} ],
           term |-> 2,
           type |-> ConfigEntry ],
         [value |-> [val |-> v1], term |-> 2, type |-> ValueEntry],
         [value |-> [val |-> v2], term |-> 2, type |-> ValueEntry] >> @@
  s3 :>
      << [ value |-> [newconf |-> {s1}, learners |-> {}],
           term |-> 1,
           type |-> ConfigEntry ],
         [ value |-> [newconf |-> {s1, s2}, learners |-> {}],
           term |-> 1,
           type |-> ConfigEntry ],
         [ value |-> [newconf |-> {s1, s2, s3}, learners |-> {}],
           term |-> 1,
           type |-> ConfigEntry ] >> )
/\ nextIndex = ( s1 :> (s1 :> 10 @@ s2 :> 9 @@ s3 :> 9) @@
  s2 :> (s1 :> 1 @@ s2 :> 1 @@ s3 :> 1) @@
  s3 :> (s1 :> 1 @@ s2 :> 1 @@ s3 :> 1) )
/\ commitIndex = (s1 :> 6 @@ s2 :> 3 @@ s3 :> 3)
/\ inflights = ( s1 :> (s1 :> {} @@ s2 :> {} @@ s3 :> {}) @@
  s2 :> (s1 :> {} @@ s2 :> {} @@ s3 :> {}) @@
  s3 :> (s1 :> {} @@ s2 :> {} @@ s3 :> {}) )
/\ messages = ( [ mdest |-> s1,
    msource |-> s3,
    mterm |-> 2,
    mtype |-> AppendEntriesResponse,
    mseq |-> 26,
    msubtype |-> "app",
    msuccess |-> FALSE,
    mmatchIndex |-> 8,
    mrejectHint |-> 3,
    mlogTerm |-> 1 ] :>
      1 )
/\ currentTerm = (s1 :> 2 @@ s2 :> 2 @@ s3 :> 2)
/\ log = ( s1 :>
      [ offset |-> 1,
        entries |->
            << [ value |-> [newconf |-> {s1}, learners |-> {}],
                 term |-> 1,
                 type |-> ConfigEntry ],
               [ value |-> [newconf |-> {s1, s2}, learners |-> {}],
                 term |-> 1,
                 type |-> ConfigEntry ],
               [ value |-> [newconf |-> {s1, s2, s3}, learners |-> {}],
                 term |-> 1,
                 type |-> ConfigEntry ],
               [ value |->
                     [ newconf |-> {s3},
                       learners |-> {},
                       enterJoint |-> TRUE,
                       oldconf |-> {s1, s2, s3} ],
                 term |-> 2,
                 type |-> ConfigEntry ],
               [value |-> [val |-> v1], term |-> 2, type |-> ValueEntry],
               [value |-> [val |-> v2], term |-> 2, type |-> ValueEntry],
               [value |-> [val |-> 0], term |-> 2, type |-> ValueEntry],
               [value |-> [val |-> 0], term |-> 2, type |-> ValueEntry],
               [value |-> [val |-> v2], term |-> 2, type |-> ValueEntry] >>,
        snapshotIndex |-> 0,
        snapshotTerm |-> 0 ] @@
  s2 :>
      [ offset |-> 1,
        entries |->
            << [ value |-> [newconf |-> {s1}, learners |-> {}],
                 term |-> 1,
                 type |-> ConfigEntry ],
               [ value |-> [newconf |-> {s1, s2}, learners |-> {}],
                 term |-> 1,
                 type |-> ConfigEntry ],
               [ value |-> [newconf |-> {s1, s2, s3}, learners |-> {}],
                 term |-> 1,
                 type |-> ConfigEntry ],
               [ value |->
                     [ newconf |-> {s3},
                       learners |-> {},
                       enterJoint |-> TRUE,
                       oldconf |-> {s1, s2, s3} ],
                 term |-> 2,
                 type |-> ConfigEntry ],
               [value |-> [val |-> v1], term |-> 2, type |-> ValueEntry],
               [value |-> [val |-> v2], term |-> 2, type |-> ValueEntry] >>,
        snapshotIndex |-> 0,
        snapshotTerm |-> 0 ] @@
  s3 :>
      [ offset |-> 3,
        entries |->
            << [ value |-> [newconf |-> {s1, s2, s3}, learners |-> {}],
                 term |-> 1,
                 type |-> ConfigEntry ] >>,
        snapshotIndex |-> 2,
        snapshotTerm |-> 1 ] )
/\ partitions = (s1 :> 0 @@ s2 :> 0 @@ s3 :> 0)
/\ votesGranted = (s1 :> {s1, s2} @@ s2 :> {} @@ s3 :> {})
/\ pendingConfChangeIndex = (s1 :> 0 @@ s2 :> 0 @@ s3 :> 0)

@!@!@ENDMSG 2217 @!@!@
@!@!@STARTMSG 2217:4 @!@!@
69: <MCDynamicConfigActions line 417, col 8 to line 418, col 29 of module MCetcdraft>
/\ progressState = ( s1 :> (s1 :> StateReplicate @@ s2 :> StateProbe @@ s3 :> StateProbe) @@
  s2 :> (s1 :> StateProbe @@ s2 :> StateProbe @@ s3 :> StateProbe) @@
  s3 :> (s1 :> StateProbe @@ s2 :> StateProbe @@ s3 :> StateProbe) )
/\ msgSeqCounter = 27
/\ constraintCounters = [ timeout |-> 2,
  request |-> 3,
  restart |-> 1,
  drop |-> 2,
  duplicate |-> 0,
  heartbeat |-> 4,
  stepDown |-> 1,
  snapshot |-> 1,
  compact |-> 1,
  confChange |-> 1,
  reportUnreachable |-> 1,
  partition |-> 0 ]
/\ pendingMessages = <<>>
/\ appliedConfigIndex = (s1 :> 1 @@ s2 :> 3 @@ s3 :> 3)
/\ reconfigCount = 1
/\ votesResponded = (s1 :> {s1, s2, s3} @@ s2 :> {} @@ s3 :> {})
/\ msgAppFlowPaused = ( s1 :> (s1 :> FALSE @@ s2 :> FALSE @@ s3 :> FALSE) @@
  s2 :> (s1 :> FALSE @@ s2 :> FALSE @@ s3 :> FALSE) @@
  s3 :> (s1 :> FALSE @@ s2 :> FALSE @@ s3 :> FALSE) )
/\ state = (s1 :> Leader @@ s2 :> Follower @@ s3 :> Follower)
/\ pendingSnapshot = ( s1 :> (s1 :> 0 @@ s2 :> 0 @@ s3 :> 0) @@
  s2 :> (s1 :> 0 @@ s2 :> 0 @@ s3 :> 0) @@
  s3 :> (s1 :> 0 @@ s2 :> 0 @@ s3 :> 0) )
/\ config = ( s1 :> [learners |-> {}, jointConfig |-> <<{s1}, {}>>, autoLeave |-> FALSE] @@
  s2 :>
      [ learners |-> {},
        jointConfig |-> <<{s1, s2, s3}, {}>>,
        autoLeave |-> FALSE ] @@
  s3 :>
      [ learners |-> {},
        jointConfig |-> <<{s1, s2, s3}, {}>>,
        autoLeave |-> FALSE ] )
/\ matchIndex = ( s1 :> (s1 :> 9 @@ s2 :> 0 @@ s3 :> 0) @@
  s2 :> (s1 :> 0 @@ s2 :> 0 @@ s3 :> 0) @@
  s3 :> (s1 :> 0 @@ s2 :> 0 @@ s3 :> 0) )
/\ applied = (s1 :> 3 @@ s2 :> 0 @@ s3 :> 3)
/\ votedFor = (s1 :> s1 @@ s2 :> s1 @@ s3 :> s3)
/\ durableState = ( s1 :>
      [ currentTerm |-> 2,
        votedFor |-> s1,
        log |-> 9,
        entries |->
            << [ value |-> [newconf |-> {s1}, learners |-> {}],
                 term |-> 1,
                 type |-> ConfigEntry ],
               [ value |-> [newconf |-> {s1, s2}, learners |-> {}],
                 term |-> 1,
                 type |-> ConfigEntry ],
               [ value |-> [newconf |-> {s1, s2, s3}, learners |-> {}],
                 term |-> 1,
                 type |-> ConfigEntry ],
               [ value |->
                     [ newconf |-> {s3},
                       learners |-> {},
                       enterJoint |-> TRUE,
                       oldconf |-> {s1, s2, s3} ],
                 term |-> 2,
                 type |-> ConfigEntry ],
               [value |-> [val |-> v1], term |-> 2, type |-> ValueEntry],
               [value |-> [val |-> v2], term |-> 2, type |-> ValueEntry],
               [value |-> [val |-> 0], term |-> 2, type |-> ValueEntry],
               [value |-> [val |-> 0], term |-> 2, type |-> ValueEntry],
               [value |-> [val |-> v2], term |-> 2, type |-> ValueEntry] >>,
        snapshotIndex |-> 0,
        snapshotTerm |-> 0,
        commitIndex |-> 6,
        config |->
            [ learners |-> {},
              jointConfig |-> <<{s1}, {}>>,
              autoLeave |-> FALSE ],
        snapshotHistory |-> <<>> ] @@
  s2 :>
      [ currentTerm |-> 2,
        votedFor |-> s1,
        log |-> 6,
        entries |->
            << [ value |-> [newconf |-> {s1}, learners |-> {}],
                 term |-> 1,
                 type |-> ConfigEntry ],
               [ value |-> [newconf |-> {s1, s2}, learners |-> {}],
                 term |-> 1,
                 type |-> ConfigEntry ],
               [ value |-> [newconf |-> {s1, s2, s3}, learners |-> {}],
                 term |-> 1,
                 type |-> ConfigEntry ],
               [ value |->
                     [ newconf |-> {s3},
                       learners |-> {},
                       enterJoint |-> TRUE,
                       oldconf |-> {s1, s2, s3} ],
                 term |-> 2,
                 type |-> ConfigEntry ],
               [value |-> [val |-> v1], term |-> 2, type |-> ValueEntry],
               [value |-> [val |-> v2], term |-> 2, type |-> ValueEntry] >>,
        snapshotIndex |-> 0,
        snapshotTerm |-> 0,
        commitIndex |-> 3,
        config |->
            [ learners |-> {},
              jointConfig |-> <<{s1, s2, s3}, {}>>,
              autoLeave |-> FALSE ],
        snapshotHistory |-> <<>> ] @@
  s3 :>
      [ currentTerm |-> 2,
        votedFor |-> s3,
        log |-> 3,
        entries |->
            << [ value |-> [newconf |-> {s1, s2, s3}, learners |-> {}],
                 term |-> 1,
                 type |-> ConfigEntry ] >>,
        snapshotIndex |-> 2,
        snapshotTerm |-> 1,
        commitIndex |-> 3,
        config |->
            [ learners |-> {},
              jointConfig |-> <<{s1, s2, s3}, {}>>,
              autoLeave |-> FALSE ],
        snapshotHistory |->
            << [ value |-> [newconf |-> {s1}, learners |-> {}],
                 term |-> 1,
                 type |-> ConfigEntry ],
               [ value |-> [newconf |-> {s1, s2}, learners |-> {}],
                 term |-> 1,
                 type |-> ConfigEntry ] >> ] )
/\ historyLog = ( s1 :>
      << [ value |-> [newconf |-> {s1}, learners |-> {}],
           term |-> 1,
           type |-> ConfigEntry ],
         [ value |-> [newconf |-> {s1, s2}, learners |-> {}],
           term |-> 1,
           type |-> ConfigEntry ],
         [ value |-> [newconf |-> {s1, s2, s3}, learners |-> {}],
           term |-> 1,
           type |-> ConfigEntry ],
         [ value |->
               [ newconf |-> {s3},
                 learners |-> {},
                 enterJoint |-> TRUE,
                 oldconf |-> {s1, s2, s3} ],
           term |-> 2,
           type |-> ConfigEntry ],
         [value |-> [val |-> v1], term |-> 2, type |-> ValueEntry],
         [value |-> [val |-> v2], term |-> 2, type |-> ValueEntry],
         [value |-> [val |-> 0], term |-> 2, type |-> ValueEntry],
         [value |-> [val |-> 0], term |-> 2, type |-> ValueEntry],
         [value |-> [val |-> v2], term |-> 2, type |-> ValueEntry] >> @@
  s2 :>
      << [ value |-> [newconf |-> {s1}, learners |-> {}],
           term |-> 1,
           type |-> ConfigEntry ],
         [ value |-> [newconf |-> {s1, s2}, learners |-> {}],
           term |-> 1,
           type |-> ConfigEntry ],
         [ value |-> [newconf |-> {s1, s2, s3}, learners |-> {}],
           term |-> 1,
           type |-> ConfigEntry ],
         [ value |->
               [ newconf |-> {s3},
                 learners |-> {},
                 enterJoint |-> TRUE,
                 oldconf |-> {s1, s2, s3} ],
           term |-> 2,
           type |-> ConfigEntry ],
         [value |-> [val |-> v1], term |-> 2, type |-> ValueEntry],
         [value |-> [val |-> v2], term |-> 2, type |-> ValueEntry] >> @@
  s3 :>
      << [ value |-> [newconf |-> {s1}, learners |-> {}],
           term |-> 1,
           type |-> ConfigEntry ],
         [ value |-> [newconf |-> {s1, s2}, learners |-> {}],
           term |-> 1,
           type |-> ConfigEntry ],
         [ value |-> [newconf |-> {s1, s2, s3}, learners |-> {}],
           term |-> 1,
           type |-> ConfigEntry ] >> )
/\ nextIndex = ( s1 :> (s1 :> 9 @@ s2 :> 9 @@ s3 :> 9) @@
  s2 :> (s1 :> 1 @@ s2 :> 1 @@ s3 :> 1) @@
  s3 :> (s1 :> 1 @@ s2 :> 1 @@ s3 :> 1) )
/\ commitIndex = (s1 :> 6 @@ s2 :> 3 @@ s3 :> 3)
/\ inflights = ( s1 :> (s1 :> {} @@ s2 :> {} @@ s3 :> {}) @@
  s2 :> (s1 :> {} @@ s2 :> {} @@ s3 :> {}) @@
  s3 :> (s1 :> {} @@ s2 :> {} @@ s3 :> {}) )
/\ messages = ( [ mdest |-> s1,
    msource |-> s3,
    mterm |-> 2,
    mtype |-> AppendEntriesResponse,
    mseq |-> 26,
    msubtype |-> "app",
    msuccess |-> FALSE,
    mmatchIndex |-> 8,
    mrejectHint |-> 3,
    mlogTerm |-> 1 ] :>
      1 )
/\ currentTerm = (s1 :> 2 @@ s2 :> 2 @@ s3 :> 2)
/\ log = ( s1 :>
      [ offset |-> 1,
        entries |->
            << [ value |-> [newconf |-> {s1}, learners |-> {}],
                 term |-> 1,
                 type |-> ConfigEntry ],
               [ value |-> [newconf |-> {s1, s2}, learners |-> {}],
                 term |-> 1,
                 type |-> ConfigEntry ],
               [ value |-> [newconf |-> {s1, s2, s3}, learners |-> {}],
                 term |-> 1,
                 type |-> ConfigEntry ],
               [ value |->
                     [ newconf |-> {s3},
                       learners |-> {},
                       enterJoint |-> TRUE,
                       oldconf |-> {s1, s2, s3} ],
                 term |-> 2,
                 type |-> ConfigEntry ],
               [value |-> [val |-> v1], term |-> 2, type |-> ValueEntry],
               [value |-> [val |-> v2], term |-> 2, type |-> ValueEntry],
               [value |-> [val |-> 0], term |-> 2, type |-> ValueEntry],
               [value |-> [val |-> 0], term |-> 2, type |-> ValueEntry],
               [value |-> [val |-> v2], term |-> 2, type |-> ValueEntry] >>,
        snapshotIndex |-> 0,
        snapshotTerm |-> 0 ] @@
  s2 :>
      [ offset |-> 1,
        entries |->
            << [ value |-> [newconf |-> {s1}, learners |-> {}],
                 term |-> 1,
                 type |-> ConfigEntry ],
               [ value |-> [newconf |-> {s1, s2}, learners |-> {}],
                 term |-> 1,
                 type |-> ConfigEntry ],
               [ value |-> [newconf |-> {s1, s2, s3}, learners |-> {}],
                 term |-> 1,
                 type |-> ConfigEntry ],
               [ value |->
                     [ newconf |-> {s3},
                       learners |-> {},
                       enterJoint |-> TRUE,
                       oldconf |-> {s1, s2, s3} ],
                 term |-> 2,
                 type |-> ConfigEntry ],
               [value |-> [val |-> v1], term |-> 2, type |-> ValueEntry],
               [value |-> [val |-> v2], term |-> 2, type |-> ValueEntry] >>,
        snapshotIndex |-> 0,
        snapshotTerm |-> 0 ] @@
  s3 :>
      [ offset |-> 3,
        entries |->
            << [ value |-> [newconf |-> {s1, s2, s3}, learners |-> {}],
                 term |-> 1,
                 type |-> ConfigEntry ] >>,
        snapshotIndex |-> 2,
        snapshotTerm |-> 1 ] )
/\ partitions = (s1 :> 0 @@ s2 :> 0 @@ s3 :> 0)
/\ votesGranted = (s1 :> {s1, s2} @@ s2 :> {} @@ s3 :> {})
/\ pendingConfChangeIndex = (s1 :> 0 @@ s2 :> 0 @@ s3 :> 0)

@!@!@ENDMSG 2217 @!@!@
@!@!@STARTMSG 2217:4 @!@!@
70: <MCNextAsyncWithReady(s1) line 362, col 5 to line 362, col 35 of module MCetcdraft>
/\ progressState = ( s1 :> (s1 :> StateReplicate @@ s2 :> StateProbe @@ s3 :> StateProbe) @@
  s2 :> (s1 :> StateProbe @@ s2 :> StateProbe @@ s3 :> StateProbe) @@
  s3 :> (s1 :> StateProbe @@ s2 :> StateProbe @@ s3 :> StateProbe) )
/\ msgSeqCounter = 27
/\ constraintCounters = [ timeout |-> 2,
  request |-> 3,
  restart |-> 1,
  drop |-> 2,
  duplicate |-> 0,
  heartbeat |-> 4,
  stepDown |-> 1,
  snapshot |-> 1,
  compact |-> 1,
  confChange |-> 1,
  reportUnreachable |-> 1,
  partition |-> 0 ]
/\ pendingMessages = <<>>
/\ appliedConfigIndex = (s1 :> 1 @@ s2 :> 3 @@ s3 :> 3)
/\ reconfigCount = 1
/\ votesResponded = (s1 :> {s1, s2, s3} @@ s2 :> {} @@ s3 :> {})
/\ msgAppFlowPaused = ( s1 :> (s1 :> FALSE @@ s2 :> FALSE @@ s3 :> FALSE) @@
  s2 :> (s1 :> FALSE @@ s2 :> FALSE @@ s3 :> FALSE) @@
  s3 :> (s1 :> FALSE @@ s2 :> FALSE @@ s3 :> FALSE) )
/\ state = (s1 :> Leader @@ s2 :> Follower @@ s3 :> Follower)
/\ pendingSnapshot = ( s1 :> (s1 :> 0 @@ s2 :> 0 @@ s3 :> 0) @@
  s2 :> (s1 :> 0 @@ s2 :> 0 @@ s3 :> 0) @@
  s3 :> (s1 :> 0 @@ s2 :> 0 @@ s3 :> 0) )
/\ config = ( s1 :> [learners |-> {}, jointConfig |-> <<{s1}, {}>>, autoLeave |-> FALSE] @@
  s2 :>
      [ learners |-> {},
        jointConfig |-> <<{s1, s2, s3}, {}>>,
        autoLeave |-> FALSE ] @@
  s3 :>
      [ learners |-> {},
        jointConfig |-> <<{s1, s2, s3}, {}>>,
        autoLeave |-> FALSE ] )
/\ matchIndex = ( s1 :> (s1 :> 9 @@ s2 :> 0 @@ s3 :> 0) @@
  s2 :> (s1 :> 0 @@ s2 :> 0 @@ s3 :> 0) @@
  s3 :> (s1 :> 0 @@ s2 :> 0 @@ s3 :> 0) )
/\ applied = (s1 :> 3 @@ s2 :> 0 @@ s3 :> 3)
/\ votedFor = (s1 :> s1 @@ s2 :> s1 @@ s3 :> s3)
/\ durableState = ( s1 :>
      [ currentTerm |-> 2,
        votedFor |-> s1,
        log |-> 9,
        entries |->
            << [ value |-> [newconf |-> {s1}, learners |-> {}],
                 term |-> 1,
                 type |-> ConfigEntry ],
               [ value |-> [newconf |-> {s1, s2}, learners |-> {}],
                 term |-> 1,
                 type |-> ConfigEntry ],
               [ value |-> [newconf |-> {s1, s2, s3}, learners |-> {}],
                 term |-> 1,
                 type |-> ConfigEntry ],
               [ value |->
                     [ newconf |-> {s3},
                       learners |-> {},
                       enterJoint |-> TRUE,
                       oldconf |-> {s1, s2, s3} ],
                 term |-> 2,
                 type |-> ConfigEntry ],
               [value |-> [val |-> v1], term |-> 2, type |-> ValueEntry],
               [value |-> [val |-> v2], term |-> 2, type |-> ValueEntry],
               [value |-> [val |-> 0], term |-> 2, type |-> ValueEntry],
               [value |-> [val |-> 0], term |-> 2, type |-> ValueEntry],
               [value |-> [val |-> v2], term |-> 2, type |-> ValueEntry] >>,
        snapshotIndex |-> 0,
        snapshotTerm |-> 0,
        commitIndex |-> 9,
        config |->
            [ learners |-> {},
              jointConfig |-> <<{s1}, {}>>,
              autoLeave |-> FALSE ],
        snapshotHistory |-> <<>> ] @@
  s2 :>
      [ currentTerm |-> 2,
        votedFor |-> s1,
        log |-> 6,
        entries |->
            << [ value |-> [newconf |-> {s1}, learners |-> {}],
                 term |-> 1,
                 type |-> ConfigEntry ],
               [ value |-> [newconf |-> {s1, s2}, learners |-> {}],
                 term |-> 1,
                 type |-> ConfigEntry ],
               [ value |-> [newconf |-> {s1, s2, s3}, learners |-> {}],
                 term |-> 1,
                 type |-> ConfigEntry ],
               [ value |->
                     [ newconf |-> {s3},
                       learners |-> {},
                       enterJoint |-> TRUE,
                       oldconf |-> {s1, s2, s3} ],
                 term |-> 2,
                 type |-> ConfigEntry ],
               [value |-> [val |-> v1], term |-> 2, type |-> ValueEntry],
               [value |-> [val |-> v2], term |-> 2, type |-> ValueEntry] >>,
        snapshotIndex |-> 0,
        snapshotTerm |-> 0,
        commitIndex |-> 3,
        config |->
            [ learners |-> {},
              jointConfig |-> <<{s1, s2, s3}, {}>>,
              autoLeave |-> FALSE ],
        snapshotHistory |-> <<>> ] @@
  s3 :>
      [ currentTerm |-> 2,
        votedFor |-> s3,
        log |-> 3,
        entries |->
            << [ value |-> [newconf |-> {s1, s2, s3}, learners |-> {}],
                 term |-> 1,
                 type |-> ConfigEntry ] >>,
        snapshotIndex |-> 2,
        snapshotTerm |-> 1,
        commitIndex |-> 3,
        config |->
            [ learners |-> {},
              jointConfig |-> <<{s1, s2, s3}, {}>>,
              autoLeave |-> FALSE ],
        snapshotHistory |->
            << [ value |-> [newconf |-> {s1}, learners |-> {}],
                 term |-> 1,
                 type |-> ConfigEntry ],
               [ value |-> [newconf |-> {s1, s2}, learners |-> {}],
                 term |-> 1,
                 type |-> ConfigEntry ] >> ] )
/\ historyLog = ( s1 :>
      << [ value |-> [newconf |-> {s1}, learners |-> {}],
           term |-> 1,
           type |-> ConfigEntry ],
         [ value |-> [newconf |-> {s1, s2}, learners |-> {}],
           term |-> 1,
           type |-> ConfigEntry ],
         [ value |-> [newconf |-> {s1, s2, s3}, learners |-> {}],
           term |-> 1,
           type |-> ConfigEntry ],
         [ value |->
               [ newconf |-> {s3},
                 learners |-> {},
                 enterJoint |-> TRUE,
                 oldconf |-> {s1, s2, s3} ],
           term |-> 2,
           type |-> ConfigEntry ],
         [value |-> [val |-> v1], term |-> 2, type |-> ValueEntry],
         [value |-> [val |-> v2], term |-> 2, type |-> ValueEntry],
         [value |-> [val |-> 0], term |-> 2, type |-> ValueEntry],
         [value |-> [val |-> 0], term |-> 2, type |-> ValueEntry],
         [value |-> [val |-> v2], term |-> 2, type |-> ValueEntry] >> @@
  s2 :>
      << [ value |-> [newconf |-> {s1}, learners |-> {}],
           term |-> 1,
           type |-> ConfigEntry ],
         [ value |-> [newconf |-> {s1, s2}, learners |-> {}],
           term |-> 1,
           type |-> ConfigEntry ],
         [ value |-> [newconf |-> {s1, s2, s3}, learners |-> {}],
           term |-> 1,
           type |-> ConfigEntry ],
         [ value |->
               [ newconf |-> {s3},
                 learners |-> {},
                 enterJoint |-> TRUE,
                 oldconf |-> {s1, s2, s3} ],
           term |-> 2,
           type |-> ConfigEntry ],
         [value |-> [val |-> v1], term |-> 2, type |-> ValueEntry],
         [value |-> [val |-> v2], term |-> 2, type |-> ValueEntry] >> @@
  s3 :>
      << [ value |-> [newconf |-> {s1}, learners |-> {}],
           term |-> 1,
           type |-> ConfigEntry ],
         [ value |-> [newconf |-> {s1, s2}, learners |-> {}],
           term |-> 1,
           type |-> ConfigEntry ],
         [ value |-> [newconf |-> {s1, s2, s3}, learners |-> {}],
           term |-> 1,
           type |-> ConfigEntry ] >> )
/\ nextIndex = ( s1 :> (s1 :> 9 @@ s2 :> 9 @@ s3 :> 9) @@
  s2 :> (s1 :> 1 @@ s2 :> 1 @@ s3 :> 1) @@
  s3 :> (s1 :> 1 @@ s2 :> 1 @@ s3 :> 1) )
/\ commitIndex = (s1 :> 9 @@ s2 :> 3 @@ s3 :> 3)
/\ inflights = ( s1 :> (s1 :> {} @@ s2 :> {} @@ s3 :> {}) @@
  s2 :> (s1 :> {} @@ s2 :> {} @@ s3 :> {}) @@
  s3 :> (s1 :> {} @@ s2 :> {} @@ s3 :> {}) )
/\ messages = ( [ mdest |-> s1,
    msource |-> s3,
    mterm |-> 2,
    mtype |-> AppendEntriesResponse,
    mseq |-> 26,
    msubtype |-> "app",
    msuccess |-> FALSE,
    mmatchIndex |-> 8,
    mrejectHint |-> 3,
    mlogTerm |-> 1 ] :>
      1 )
/\ currentTerm = (s1 :> 2 @@ s2 :> 2 @@ s3 :> 2)
/\ log = ( s1 :>
      [ offset |-> 1,
        entries |->
            << [ value |-> [newconf |-> {s1}, learners |-> {}],
                 term |-> 1,
                 type |-> ConfigEntry ],
               [ value |-> [newconf |-> {s1, s2}, learners |-> {}],
                 term |-> 1,
                 type |-> ConfigEntry ],
               [ value |-> [newconf |-> {s1, s2, s3}, learners |-> {}],
                 term |-> 1,
                 type |-> ConfigEntry ],
               [ value |->
                     [ newconf |-> {s3},
                       learners |-> {},
                       enterJoint |-> TRUE,
                       oldconf |-> {s1, s2, s3} ],
                 term |-> 2,
                 type |-> ConfigEntry ],
               [value |-> [val |-> v1], term |-> 2, type |-> ValueEntry],
               [value |-> [val |-> v2], term |-> 2, type |-> ValueEntry],
               [value |-> [val |-> 0], term |-> 2, type |-> ValueEntry],
               [value |-> [val |-> 0], term |-> 2, type |-> ValueEntry],
               [value |-> [val |-> v2], term |-> 2, type |-> ValueEntry] >>,
        snapshotIndex |-> 0,
        snapshotTerm |-> 0 ] @@
  s2 :>
      [ offset |-> 1,
        entries |->
            << [ value |-> [newconf |-> {s1}, learners |-> {}],
                 term |-> 1,
                 type |-> ConfigEntry ],
               [ value |-> [newconf |-> {s1, s2}, learners |-> {}],
                 term |-> 1,
                 type |-> ConfigEntry ],
               [ value |-> [newconf |-> {s1, s2, s3}, learners |-> {}],
                 term |-> 1,
                 type |-> ConfigEntry ],
               [ value |->
                     [ newconf |-> {s3},
                       learners |-> {},
                       enterJoint |-> TRUE,
                       oldconf |-> {s1, s2, s3} ],
                 term |-> 2,
                 type |-> ConfigEntry ],
               [value |-> [val |-> v1], term |-> 2, type |-> ValueEntry],
               [value |-> [val |-> v2], term |-> 2, type |-> ValueEntry] >>,
        snapshotIndex |-> 0,
        snapshotTerm |-> 0 ] @@
  s3 :>
      [ offset |-> 3,
        entries |->
            << [ value |-> [newconf |-> {s1, s2, s3}, learners |-> {}],
                 term |-> 1,
                 type |-> ConfigEntry ] >>,
        snapshotIndex |-> 2,
        snapshotTerm |-> 1 ] )
/\ partitions = (s1 :> 0 @@ s2 :> 0 @@ s3 :> 0)
/\ votesGranted = (s1 :> {s1, s2} @@ s2 :> {} @@ s3 :> {})
/\ pendingConfChangeIndex = (s1 :> 0 @@ s2 :> 0 @@ s3 :> 0)

@!@!@ENDMSG 2217 @!@!@
@!@!@STARTMSG 2217:4 @!@!@
71: <MCDynamicConfigActions line 417, col 8 to line 418, col 29 of module MCetcdraft>
/\ progressState = ( s1 :> (s1 :> StateReplicate @@ s2 :> StateProbe @@ s3 :> StateProbe) @@
  s2 :> (s1 :> StateProbe @@ s2 :> StateProbe @@ s3 :> StateProbe) @@
  s3 :> (s1 :> StateProbe @@ s2 :> StateProbe @@ s3 :> StateProbe) )
/\ msgSeqCounter = 27
/\ constraintCounters = [ timeout |-> 2,
  request |-> 3,
  restart |-> 1,
  drop |-> 2,
  duplicate |-> 0,
  heartbeat |-> 4,
  stepDown |-> 1,
  snapshot |-> 1,
  compact |-> 1,
  confChange |-> 1,
  reportUnreachable |-> 1,
  partition |-> 0 ]
/\ pendingMessages = <<>>
/\ appliedConfigIndex = (s1 :> 2 @@ s2 :> 3 @@ s3 :> 3)
/\ reconfigCount = 1
/\ votesResponded = (s1 :> {s1, s2, s3} @@ s2 :> {} @@ s3 :> {})
/\ msgAppFlowPaused = ( s1 :> (s1 :> FALSE @@ s2 :> FALSE @@ s3 :> FALSE) @@
  s2 :> (s1 :> FALSE @@ s2 :> FALSE @@ s3 :> FALSE) @@
  s3 :> (s1 :> FALSE @@ s2 :> FALSE @@ s3 :> FALSE) )
/\ state = (s1 :> Leader @@ s2 :> Follower @@ s3 :> Follower)
/\ pendingSnapshot = ( s1 :> (s1 :> 0 @@ s2 :> 0 @@ s3 :> 0) @@
  s2 :> (s1 :> 0 @@ s2 :> 0 @@ s3 :> 0) @@
  s3 :> (s1 :> 0 @@ s2 :> 0 @@ s3 :> 0) )
/\ config = ( s1 :>
      [ learners |-> {},
        jointConfig |-> <<{s1, s2}, {}>>,
        autoLeave |-> FALSE ] @@
  s2 :>
      [ learners |-> {},
        jointConfig |-> <<{s1, s2, s3}, {}>>,
        autoLeave |-> FALSE ] @@
  s3 :>
      [ learners |-> {},
        jointConfig |-> <<{s1, s2, s3}, {}>>,
        autoLeave |-> FALSE ] )
/\ matchIndex = ( s1 :> (s1 :> 9 @@ s2 :> 0 @@ s3 :> 0) @@
  s2 :> (s1 :> 0 @@ s2 :> 0 @@ s3 :> 0) @@
  s3 :> (s1 :> 0 @@ s2 :> 0 @@ s3 :> 0) )
/\ applied = (s1 :> 3 @@ s2 :> 0 @@ s3 :> 3)
/\ votedFor = (s1 :> s1 @@ s2 :> s1 @@ s3 :> s3)
/\ durableState = ( s1 :>
      [ currentTerm |-> 2,
        votedFor |-> s1,
        log |-> 9,
        entries |->
            << [ value |-> [newconf |-> {s1}, learners |-> {}],
                 term |-> 1,
                 type |-> ConfigEntry ],
               [ value |-> [newconf |-> {s1, s2}, learners |-> {}],
                 term |-> 1,
                 type |-> ConfigEntry ],
               [ value |-> [newconf |-> {s1, s2, s3}, learners |-> {}],
                 term |-> 1,
                 type |-> ConfigEntry ],
               [ value |->
                     [ newconf |-> {s3},
                       learners |-> {},
                       enterJoint |-> TRUE,
                       oldconf |-> {s1, s2, s3} ],
                 term |-> 2,
                 type |-> ConfigEntry ],
               [value |-> [val |-> v1], term |-> 2, type |-> ValueEntry],
               [value |-> [val |-> v2], term |-> 2, type |-> ValueEntry],
               [value |-> [val |-> 0], term |-> 2, type |-> ValueEntry],
               [value |-> [val |-> 0], term |-> 2, type |-> ValueEntry],
               [value |-> [val |-> v2], term |-> 2, type |-> ValueEntry] >>,
        snapshotIndex |-> 0,
        snapshotTerm |-> 0,
        commitIndex |-> 9,
        config |->
            [ learners |-> {},
              jointConfig |-> <<{s1}, {}>>,
              autoLeave |-> FALSE ],
        snapshotHistory |-> <<>> ] @@
  s2 :>
      [ currentTerm |-> 2,
        votedFor |-> s1,
        log |-> 6,
        entries |->
            << [ value |-> [newconf |-> {s1}, learners |-> {}],
                 term |-> 1,
                 type |-> ConfigEntry ],
               [ value |-> [newconf |-> {s1, s2}, learners |-> {}],
                 term |-> 1,
                 type |-> ConfigEntry ],
               [ value |-> [newconf |-> {s1, s2, s3}, learners |-> {}],
                 term |-> 1,
                 type |-> ConfigEntry ],
               [ value |->
                     [ newconf |-> {s3},
                       learners |-> {},
                       enterJoint |-> TRUE,
                       oldconf |-> {s1, s2, s3} ],
                 term |-> 2,
                 type |-> ConfigEntry ],
               [value |-> [val |-> v1], term |-> 2, type |-> ValueEntry],
               [value |-> [val |-> v2], term |-> 2, type |-> ValueEntry] >>,
        snapshotIndex |-> 0,
        snapshotTerm |-> 0,
        commitIndex |-> 3,
        config |->
            [ learners |-> {},
              jointConfig |-> <<{s1, s2, s3}, {}>>,
              autoLeave |-> FALSE ],
        snapshotHistory |-> <<>> ] @@
  s3 :>
      [ currentTerm |-> 2,
        votedFor |-> s3,
        log |-> 3,
        entries |->
            << [ value |-> [newconf |-> {s1, s2, s3}, learners |-> {}],
                 term |-> 1,
                 type |-> ConfigEntry ] >>,
        snapshotIndex |-> 2,
        snapshotTerm |-> 1,
        commitIndex |-> 3,
        config |->
            [ learners |-> {},
              jointConfig |-> <<{s1, s2, s3}, {}>>,
              autoLeave |-> FALSE ],
        snapshotHistory |->
            << [ value |-> [newconf |-> {s1}, learners |-> {}],
                 term |-> 1,
                 type |-> ConfigEntry ],
               [ value |-> [newconf |-> {s1, s2}, learners |-> {}],
                 term |-> 1,
                 type |-> ConfigEntry ] >> ] )
/\ historyLog = ( s1 :>
      << [ value |-> [newconf |-> {s1}, learners |-> {}],
           term |-> 1,
           type |-> ConfigEntry ],
         [ value |-> [newconf |-> {s1, s2}, learners |-> {}],
           term |-> 1,
           type |-> ConfigEntry ],
         [ value |-> [newconf |-> {s1, s2, s3}, learners |-> {}],
           term |-> 1,
           type |-> ConfigEntry ],
         [ value |->
               [ newconf |-> {s3},
                 learners |-> {},
                 enterJoint |-> TRUE,
                 oldconf |-> {s1, s2, s3} ],
           term |-> 2,
           type |-> ConfigEntry ],
         [value |-> [val |-> v1], term |-> 2, type |-> ValueEntry],
         [value |-> [val |-> v2], term |-> 2, type |-> ValueEntry],
         [value |-> [val |-> 0], term |-> 2, type |-> ValueEntry],
         [value |-> [val |-> 0], term |-> 2, type |-> ValueEntry],
         [value |-> [val |-> v2], term |-> 2, type |-> ValueEntry] >> @@
  s2 :>
      << [ value |-> [newconf |-> {s1}, learners |-> {}],
           term |-> 1,
           type |-> ConfigEntry ],
         [ value |-> [newconf |-> {s1, s2}, learners |-> {}],
           term |-> 1,
           type |-> ConfigEntry ],
         [ value |-> [newconf |-> {s1, s2, s3}, learners |-> {}],
           term |-> 1,
           type |-> ConfigEntry ],
         [ value |->
               [ newconf |-> {s3},
                 learners |-> {},
                 enterJoint |-> TRUE,
                 oldconf |-> {s1, s2, s3} ],
           term |-> 2,
           type |-> ConfigEntry ],
         [value |-> [val |-> v1], term |-> 2, type |-> ValueEntry],
         [value |-> [val |-> v2], term |-> 2, type |-> ValueEntry] >> @@
  s3 :>
      << [ value |-> [newconf |-> {s1}, learners |-> {}],
           term |-> 1,
           type |-> ConfigEntry ],
         [ value |-> [newconf |-> {s1, s2}, learners |-> {}],
           term |-> 1,
           type |-> ConfigEntry ],
         [ value |-> [newconf |-> {s1, s2, s3}, learners |-> {}],
           term |-> 1,
           type |-> ConfigEntry ] >> )
/\ nextIndex = ( s1 :> (s1 :> 9 @@ s2 :> 9 @@ s3 :> 9) @@
  s2 :> (s1 :> 1 @@ s2 :> 1 @@ s3 :> 1) @@
  s3 :> (s1 :> 1 @@ s2 :> 1 @@ s3 :> 1) )
/\ commitIndex = (s1 :> 9 @@ s2 :> 3 @@ s3 :> 3)
/\ inflights = ( s1 :> (s1 :> {} @@ s2 :> {} @@ s3 :> {}) @@
  s2 :> (s1 :> {} @@ s2 :> {} @@ s3 :> {}) @@
  s3 :> (s1 :> {} @@ s2 :> {} @@ s3 :> {}) )
/\ messages = ( [ mdest |-> s1,
    msource |-> s3,
    mterm |-> 2,
    mtype |-> AppendEntriesResponse,
    mseq |-> 26,
    msubtype |-> "app",
    msuccess |-> FALSE,
    mmatchIndex |-> 8,
    mrejectHint |-> 3,
    mlogTerm |-> 1 ] :>
      1 )
/\ currentTerm = (s1 :> 2 @@ s2 :> 2 @@ s3 :> 2)
/\ log = ( s1 :>
      [ offset |-> 1,
        entries |->
            << [ value |-> [newconf |-> {s1}, learners |-> {}],
                 term |-> 1,
                 type |-> ConfigEntry ],
               [ value |-> [newconf |-> {s1, s2}, learners |-> {}],
                 term |-> 1,
                 type |-> ConfigEntry ],
               [ value |-> [newconf |-> {s1, s2, s3}, learners |-> {}],
                 term |-> 1,
                 type |-> ConfigEntry ],
               [ value |->
                     [ newconf |-> {s3},
                       learners |-> {},
                       enterJoint |-> TRUE,
                       oldconf |-> {s1, s2, s3} ],
                 term |-> 2,
                 type |-> ConfigEntry ],
               [value |-> [val |-> v1], term |-> 2, type |-> ValueEntry],
               [value |-> [val |-> v2], term |-> 2, type |-> ValueEntry],
               [value |-> [val |-> 0], term |-> 2, type |-> ValueEntry],
               [value |-> [val |-> 0], term |-> 2, type |-> ValueEntry],
               [value |-> [val |-> v2], term |-> 2, type |-> ValueEntry] >>,
        snapshotIndex |-> 0,
        snapshotTerm |-> 0 ] @@
  s2 :>
      [ offset |-> 1,
        entries |->
            << [ value |-> [newconf |-> {s1}, learners |-> {}],
                 term |-> 1,
                 type |-> ConfigEntry ],
               [ value |-> [newconf |-> {s1, s2}, learners |-> {}],
                 term |-> 1,
                 type |-> ConfigEntry ],
               [ value |-> [newconf |-> {s1, s2, s3}, learners |-> {}],
                 term |-> 1,
                 type |-> ConfigEntry ],
               [ value |->
                     [ newconf |-> {s3},
                       learners |-> {},
                       enterJoint |-> TRUE,
                       oldconf |-> {s1, s2, s3} ],
                 term |-> 2,
                 type |-> ConfigEntry ],
               [value |-> [val |-> v1], term |-> 2, type |-> ValueEntry],
               [value |-> [val |-> v2], term |-> 2, type |-> ValueEntry] >>,
        snapshotIndex |-> 0,
        snapshotTerm |-> 0 ] @@
  s3 :>
      [ offset |-> 3,
        entries |->
            << [ value |-> [newconf |-> {s1, s2, s3}, learners |-> {}],
                 term |-> 1,
                 type |-> ConfigEntry ] >>,
        snapshotIndex |-> 2,
        snapshotTerm |-> 1 ] )
/\ partitions = (s1 :> 0 @@ s2 :> 0 @@ s3 :> 0)
/\ votesGranted = (s1 :> {s1, s2} @@ s2 :> {} @@ s3 :> {})
/\ pendingConfChangeIndex = (s1 :> 0 @@ s2 :> 0 @@ s3 :> 0)

@!@!@ENDMSG 2217 @!@!@
@!@!@STARTMSG 2217:4 @!@!@
72: <MCNextAsyncWithReady(s1) line 362, col 5 to line 362, col 35 of module MCetcdraft>
/\ progressState = ( s1 :> (s1 :> StateReplicate @@ s2 :> StateProbe @@ s3 :> StateProbe) @@
  s2 :> (s1 :> StateProbe @@ s2 :> StateProbe @@ s3 :> StateProbe) @@
  s3 :> (s1 :> StateProbe @@ s2 :> StateProbe @@ s3 :> StateProbe) )
/\ msgSeqCounter = 28
/\ constraintCounters = [ timeout |-> 2,
  request |-> 3,
  restart |-> 1,
  drop |-> 2,
  duplicate |-> 0,
  heartbeat |-> 4,
  stepDown |-> 1,
  snapshot |-> 1,
  compact |-> 1,
  confChange |-> 1,
  reportUnreachable |-> 1,
  partition |-> 0 ]
/\ pendingMessages = <<>>
/\ appliedConfigIndex = (s1 :> 2 @@ s2 :> 3 @@ s3 :> 3)
/\ reconfigCount = 1
/\ votesResponded = (s1 :> {s1, s2, s3} @@ s2 :> {} @@ s3 :> {})
/\ msgAppFlowPaused = ( s1 :> (s1 :> FALSE @@ s2 :> FALSE @@ s3 :> FALSE) @@
  s2 :> (s1 :> FALSE @@ s2 :> FALSE @@ s3 :> FALSE) @@
  s3 :> (s1 :> FALSE @@ s2 :> FALSE @@ s3 :> FALSE) )
/\ state = (s1 :> Leader @@ s2 :> Follower @@ s3 :> Follower)
/\ pendingSnapshot = ( s1 :> (s1 :> 0 @@ s2 :> 0 @@ s3 :> 0) @@
  s2 :> (s1 :> 0 @@ s2 :> 0 @@ s3 :> 0) @@
  s3 :> (s1 :> 0 @@ s2 :> 0 @@ s3 :> 0) )
/\ config = ( s1 :>
      [ learners |-> {},
        jointConfig |-> <<{s1, s2}, {}>>,
        autoLeave |-> FALSE ] @@
  s2 :>
      [ learners |-> {},
        jointConfig |-> <<{s1, s2, s3}, {}>>,
        autoLeave |-> FALSE ] @@
  s3 :>
      [ learners |-> {},
        jointConfig |-> <<{s1, s2, s3}, {}>>,
        autoLeave |-> FALSE ] )
/\ matchIndex = ( s1 :> (s1 :> 9 @@ s2 :> 0 @@ s3 :> 0) @@
  s2 :> (s1 :> 0 @@ s2 :> 0 @@ s3 :> 0) @@
  s3 :> (s1 :> 0 @@ s2 :> 0 @@ s3 :> 0) )
/\ applied = (s1 :> 3 @@ s2 :> 0 @@ s3 :> 3)
/\ votedFor = (s1 :> s1 @@ s2 :> s1 @@ s3 :> s3)
/\ durableState = ( s1 :>
      [ currentTerm |-> 2,
        votedFor |-> s1,
        log |-> 9,
        entries |->
            << [ value |-> [newconf |-> {s1}, learners |-> {}],
                 term |-> 1,
                 type |-> ConfigEntry ],
               [ value |-> [newconf |-> {s1, s2}, learners |-> {}],
                 term |-> 1,
                 type |-> ConfigEntry ],
               [ value |-> [newconf |-> {s1, s2, s3}, learners |-> {}],
                 term |-> 1,
                 type |-> ConfigEntry ],
               [ value |->
                     [ newconf |-> {s3},
                       learners |-> {},
                       enterJoint |-> TRUE,
                       oldconf |-> {s1, s2, s3} ],
                 term |-> 2,
                 type |-> ConfigEntry ],
               [value |-> [val |-> v1], term |-> 2, type |-> ValueEntry],
               [value |-> [val |-> v2], term |-> 2, type |-> ValueEntry],
               [value |-> [val |-> 0], term |-> 2, type |-> ValueEntry],
               [value |-> [val |-> 0], term |-> 2, type |-> ValueEntry],
               [value |-> [val |-> v2], term |-> 2, type |-> ValueEntry] >>,
        snapshotIndex |-> 0,
        snapshotTerm |-> 0,
        snapshotHistory |-> <<>>,
        commitIndex |-> 9,
        config |->
            [ learners |-> {},
              jointConfig |-> <<{s1, s2}, {}>>,
              autoLeave |-> FALSE ] ] @@
  s2 :>
      [ currentTerm |-> 2,
        votedFor |-> s1,
        log |-> 6,
        entries |->
            << [ value |-> [newconf |-> {s1}, learners |-> {}],
                 term |-> 1,
                 type |-> ConfigEntry ],
               [ value |-> [newconf |-> {s1, s2}, learners |-> {}],
                 term |-> 1,
                 type |-> ConfigEntry ],
               [ value |-> [newconf |-> {s1, s2, s3}, learners |-> {}],
                 term |-> 1,
                 type |-> ConfigEntry ],
               [ value |->
                     [ newconf |-> {s3},
                       learners |-> {},
                       enterJoint |-> TRUE,
                       oldconf |-> {s1, s2, s3} ],
                 term |-> 2,
                 type |-> ConfigEntry ],
               [value |-> [val |-> v1], term |-> 2, type |-> ValueEntry],
               [value |-> [val |-> v2], term |-> 2, type |-> ValueEntry] >>,
        snapshotIndex |-> 0,
        snapshotTerm |-> 0,
        commitIndex |-> 3,
        config |->
            [ learners |-> {},
              jointConfig |-> <<{s1, s2, s3}, {}>>,
              autoLeave |-> FALSE ],
        snapshotHistory |-> <<>> ] @@
  s3 :>
      [ currentTerm |-> 2,
        votedFor |-> s3,
        log |-> 3,
        entries |->
            << [ value |-> [newconf |-> {s1, s2, s3}, learners |-> {}],
                 term |-> 1,
                 type |-> ConfigEntry ] >>,
        snapshotIndex |-> 2,
        snapshotTerm |-> 1,
        commitIndex |-> 3,
        config |->
            [ learners |-> {},
              jointConfig |-> <<{s1, s2, s3}, {}>>,
              autoLeave |-> FALSE ],
        snapshotHistory |->
            << [ value |-> [newconf |-> {s1}, learners |-> {}],
                 term |-> 1,
                 type |-> ConfigEntry ],
               [ value |-> [newconf |-> {s1, s2}, learners |-> {}],
                 term |-> 1,
                 type |-> ConfigEntry ] >> ] )
/\ historyLog = ( s1 :>
      << [ value |-> [newconf |-> {s1}, learners |-> {}],
           term |-> 1,
           type |-> ConfigEntry ],
         [ value |-> [newconf |-> {s1, s2}, learners |-> {}],
           term |-> 1,
           type |-> ConfigEntry ],
         [ value |-> [newconf |-> {s1, s2, s3}, learners |-> {}],
           term |-> 1,
           type |-> ConfigEntry ],
         [ value |->
               [ newconf |-> {s3},
                 learners |-> {},
                 enterJoint |-> TRUE,
                 oldconf |-> {s1, s2, s3} ],
           term |-> 2,
           type |-> ConfigEntry ],
         [value |-> [val |-> v1], term |-> 2, type |-> ValueEntry],
         [value |-> [val |-> v2], term |-> 2, type |-> ValueEntry],
         [value |-> [val |-> 0], term |-> 2, type |-> ValueEntry],
         [value |-> [val |-> 0], term |-> 2, type |-> ValueEntry],
         [value |-> [val |-> v2], term |-> 2, type |-> ValueEntry] >> @@
  s2 :>
      << [ value |-> [newconf |-> {s1}, learners |-> {}],
           term |-> 1,
           type |-> ConfigEntry ],
         [ value |-> [newconf |-> {s1, s2}, learners |-> {}],
           term |-> 1,
           type |-> ConfigEntry ],
         [ value |-> [newconf |-> {s1, s2, s3}, learners |-> {}],
           term |-> 1,
           type |-> ConfigEntry ],
         [ value |->
               [ newconf |-> {s3},
                 learners |-> {},
                 enterJoint |-> TRUE,
                 oldconf |-> {s1, s2, s3} ],
           term |-> 2,
           type |-> ConfigEntry ],
         [value |-> [val |-> v1], term |-> 2, type |-> ValueEntry],
         [value |-> [val |-> v2], term |-> 2, type |-> ValueEntry] >> @@
  s3 :>
      << [ value |-> [newconf |-> {s1}, learners |-> {}],
           term |-> 1,
           type |-> ConfigEntry ],
         [ value |-> [newconf |-> {s1, s2}, learners |-> {}],
           term |-> 1,
           type |-> ConfigEntry ],
         [ value |-> [newconf |-> {s1, s2, s3}, learners |-> {}],
           term |-> 1,
           type |-> ConfigEntry ] >> )
/\ nextIndex = ( s1 :> (s1 :> 9 @@ s2 :> 9 @@ s3 :> 9) @@
  s2 :> (s1 :> 1 @@ s2 :> 1 @@ s3 :> 1) @@
  s3 :> (s1 :> 1 @@ s2 :> 1 @@ s3 :> 1) )
/\ commitIndex = (s1 :> 9 @@ s2 :> 3 @@ s3 :> 3)
/\ inflights = ( s1 :> (s1 :> {} @@ s2 :> {} @@ s3 :> {}) @@
  s2 :> (s1 :> {} @@ s2 :> {} @@ s3 :> {}) @@
  s3 :> (s1 :> {} @@ s2 :> {} @@ s3 :> {}) )
/\ messages = ( [ mdest |-> s2,
    msource |-> s1,
    mterm |-> 2,
    mtype |-> AppendEntriesRequest,
    mseq |-> 27,
    msubtype |-> "app",
    mprevLogIndex |-> 8,
    mprevLogTerm |-> 2,
    mentries |-> <<>>,
    mcommitIndex |-> 9 ] :>
      1 @@
  [ mdest |-> s1,
    msource |-> s3,
    mterm |-> 2,
    mtype |-> AppendEntriesResponse,
    mseq |-> 26,
    msubtype |-> "app",
    msuccess |-> FALSE,
    mmatchIndex |-> 8,
    mrejectHint |-> 3,
    mlogTerm |-> 1 ] :>
      1 )
/\ currentTerm = (s1 :> 2 @@ s2 :> 2 @@ s3 :> 2)
/\ log = ( s1 :>
      [ offset |-> 1,
        entries |->
            << [ value |-> [newconf |-> {s1}, learners |-> {}],
                 term |-> 1,
                 type |-> ConfigEntry ],
               [ value |-> [newconf |-> {s1, s2}, learners |-> {}],
                 term |-> 1,
                 type |-> ConfigEntry ],
               [ value |-> [newconf |-> {s1, s2, s3}, learners |-> {}],
                 term |-> 1,
                 type |-> ConfigEntry ],
               [ value |->
                     [ newconf |-> {s3},
                       learners |-> {},
                       enterJoint |-> TRUE,
                       oldconf |-> {s1, s2, s3} ],
                 term |-> 2,
                 type |-> ConfigEntry ],
               [value |-> [val |-> v1], term |-> 2, type |-> ValueEntry],
               [value |-> [val |-> v2], term |-> 2, type |-> ValueEntry],
               [value |-> [val |-> 0], term |-> 2, type |-> ValueEntry],
               [value |-> [val |-> 0], term |-> 2, type |-> ValueEntry],
               [value |-> [val |-> v2], term |-> 2, type |-> ValueEntry] >>,
        snapshotIndex |-> 0,
        snapshotTerm |-> 0 ] @@
  s2 :>
      [ offset |-> 1,
        entries |->
            << [ value |-> [newconf |-> {s1}, learners |-> {}],
                 term |-> 1,
                 type |-> ConfigEntry ],
               [ value |-> [newconf |-> {s1, s2}, learners |-> {}],
                 term |-> 1,
                 type |-> ConfigEntry ],
               [ value |-> [newconf |-> {s1, s2, s3}, learners |-> {}],
                 term |-> 1,
                 type |-> ConfigEntry ],
               [ value |->
                     [ newconf |-> {s3},
                       learners |-> {},
                       enterJoint |-> TRUE,
                       oldconf |-> {s1, s2, s3} ],
                 term |-> 2,
                 type |-> ConfigEntry ],
               [value |-> [val |-> v1], term |-> 2, type |-> ValueEntry],
               [value |-> [val |-> v2], term |-> 2, type |-> ValueEntry] >>,
        snapshotIndex |-> 0,
        snapshotTerm |-> 0 ] @@
  s3 :>
      [ offset |-> 3,
        entries |->
            << [ value |-> [newconf |-> {s1, s2, s3}, learners |-> {}],
                 term |-> 1,
                 type |-> ConfigEntry ] >>,
        snapshotIndex |-> 2,
        snapshotTerm |-> 1 ] )
/\ partitions = (s1 :> 0 @@ s2 :> 0 @@ s3 :> 0)
/\ votesGranted = (s1 :> {s1, s2} @@ s2 :> {} @@ s3 :> {})
/\ pendingConfChangeIndex = (s1 :> 0 @@ s2 :> 0 @@ s3 :> 0)

@!@!@ENDMSG 2217 @!@!@
@!@!@STARTMSG 2217:4 @!@!@
73: <MCDynamicConfigActions line 417, col 8 to line 418, col 29 of module MCetcdraft>
/\ progressState = ( s1 :> (s1 :> StateReplicate @@ s2 :> StateProbe @@ s3 :> StateProbe) @@
  s2 :> (s1 :> StateProbe @@ s2 :> StateProbe @@ s3 :> StateProbe) @@
  s3 :> (s1 :> StateProbe @@ s2 :> StateProbe @@ s3 :> StateProbe) )
/\ msgSeqCounter = 28
/\ constraintCounters = [ timeout |-> 2,
  request |-> 3,
  restart |-> 1,
  drop |-> 2,
  duplicate |-> 0,
  heartbeat |-> 4,
  stepDown |-> 1,
  snapshot |-> 1,
  compact |-> 1,
  confChange |-> 1,
  reportUnreachable |-> 1,
  partition |-> 0 ]
/\ pendingMessages = <<>>
/\ appliedConfigIndex = (s1 :> 3 @@ s2 :> 3 @@ s3 :> 3)
/\ reconfigCount = 1
/\ votesResponded = (s1 :> {s1, s2, s3} @@ s2 :> {} @@ s3 :> {})
/\ msgAppFlowPaused = ( s1 :> (s1 :> FALSE @@ s2 :> FALSE @@ s3 :> FALSE) @@
  s2 :> (s1 :> FALSE @@ s2 :> FALSE @@ s3 :> FALSE) @@
  s3 :> (s1 :> FALSE @@ s2 :> FALSE @@ s3 :> FALSE) )
/\ state = (s1 :> Leader @@ s2 :> Follower @@ s3 :> Follower)
/\ pendingSnapshot = ( s1 :> (s1 :> 0 @@ s2 :> 0 @@ s3 :> 0) @@
  s2 :> (s1 :> 0 @@ s2 :> 0 @@ s3 :> 0) @@
  s3 :> (s1 :> 0 @@ s2 :> 0 @@ s3 :> 0) )
/\ config = ( s1 :>
      [ learners |-> {},
        jointConfig |-> <<{s1, s2, s3}, {}>>,
        autoLeave |-> FALSE ] @@
  s2 :>
      [ learners |-> {},
        jointConfig |-> <<{s1, s2, s3}, {}>>,
        autoLeave |-> FALSE ] @@
  s3 :>
      [ learners |-> {},
        jointConfig |-> <<{s1, s2, s3}, {}>>,
        autoLeave |-> FALSE ] )
/\ matchIndex = ( s1 :> (s1 :> 9 @@ s2 :> 0 @@ s3 :> 0) @@
  s2 :> (s1 :> 0 @@ s2 :> 0 @@ s3 :> 0) @@
  s3 :> (s1 :> 0 @@ s2 :> 0 @@ s3 :> 0) )
/\ applied = (s1 :> 3 @@ s2 :> 0 @@ s3 :> 3)
/\ votedFor = (s1 :> s1 @@ s2 :> s1 @@ s3 :> s3)
/\ durableState = ( s1 :>
      [ currentTerm |-> 2,
        votedFor |-> s1,
        log |-> 9,
        entries |->
            << [ value |-> [newconf |-> {s1}, learners |-> {}],
                 term |-> 1,
                 type |-> ConfigEntry ],
               [ value |-> [newconf |-> {s1, s2}, learners |-> {}],
                 term |-> 1,
                 type |-> ConfigEntry ],
               [ value |-> [newconf |-> {s1, s2, s3}, learners |-> {}],
                 term |-> 1,
                 type |-> ConfigEntry ],
               [ value |->
                     [ newconf |-> {s3},
                       learners |-> {},
                       enterJoint |-> TRUE,
                       oldconf |-> {s1, s2, s3} ],
                 term |-> 2,
                 type |-> ConfigEntry ],
               [value |-> [val |-> v1], term |-> 2, type |-> ValueEntry],
               [value |-> [val |-> v2], term |-> 2, type |-> ValueEntry],
               [value |-> [val |-> 0], term |-> 2, type |-> ValueEntry],
               [value |-> [val |-> 0], term |-> 2, type |-> ValueEntry],
               [value |-> [val |-> v2], term |-> 2, type |-> ValueEntry] >>,
        snapshotIndex |-> 0,
        snapshotTerm |-> 0,
        commitIndex |-> 9,
        config |->
            [ learners |-> {},
              jointConfig |-> <<{s1, s2}, {}>>,
              autoLeave |-> FALSE ],
        snapshotHistory |-> <<>> ] @@
  s2 :>
      [ currentTerm |-> 2,
        votedFor |-> s1,
        log |-> 6,
        entries |->
            << [ value |-> [newconf |-> {s1}, learners |-> {}],
                 term |-> 1,
                 type |-> ConfigEntry ],
               [ value |-> [newconf |-> {s1, s2}, learners |-> {}],
                 term |-> 1,
                 type |-> ConfigEntry ],
               [ value |-> [newconf |-> {s1, s2, s3}, learners |-> {}],
                 term |-> 1,
                 type |-> ConfigEntry ],
               [ value |->
                     [ newconf |-> {s3},
                       learners |-> {},
                       enterJoint |-> TRUE,
                       oldconf |-> {s1, s2, s3} ],
                 term |-> 2,
                 type |-> ConfigEntry ],
               [value |-> [val |-> v1], term |-> 2, type |-> ValueEntry],
               [value |-> [val |-> v2], term |-> 2, type |-> ValueEntry] >>,
        snapshotIndex |-> 0,
        snapshotTerm |-> 0,
        commitIndex |-> 3,
        config |->
            [ learners |-> {},
              jointConfig |-> <<{s1, s2, s3}, {}>>,
              autoLeave |-> FALSE ],
        snapshotHistory |-> <<>> ] @@
  s3 :>
      [ currentTerm |-> 2,
        votedFor |-> s3,
        log |-> 3,
        entries |->
            << [ value |-> [newconf |-> {s1, s2, s3}, learners |-> {}],
                 term |-> 1,
                 type |-> ConfigEntry ] >>,
        snapshotIndex |-> 2,
        snapshotTerm |-> 1,
        commitIndex |-> 3,
        config |->
            [ learners |-> {},
              jointConfig |-> <<{s1, s2, s3}, {}>>,
              autoLeave |-> FALSE ],
        snapshotHistory |->
            << [ value |-> [newconf |-> {s1}, learners |-> {}],
                 term |-> 1,
                 type |-> ConfigEntry ],
               [ value |-> [newconf |-> {s1, s2}, learners |-> {}],
                 term |-> 1,
                 type |-> ConfigEntry ] >> ] )
/\ historyLog = ( s1 :>
      << [ value |-> [newconf |-> {s1}, learners |-> {}],
           term |-> 1,
           type |-> ConfigEntry ],
         [ value |-> [newconf |-> {s1, s2}, learners |-> {}],
           term |-> 1,
           type |-> ConfigEntry ],
         [ value |-> [newconf |-> {s1, s2, s3}, learners |-> {}],
           term |-> 1,
           type |-> ConfigEntry ],
         [ value |->
               [ newconf |-> {s3},
                 learners |-> {},
                 enterJoint |-> TRUE,
                 oldconf |-> {s1, s2, s3} ],
           term |-> 2,
           type |-> ConfigEntry ],
         [value |-> [val |-> v1], term |-> 2, type |-> ValueEntry],
         [value |-> [val |-> v2], term |-> 2, type |-> ValueEntry],
         [value |-> [val |-> 0], term |-> 2, type |-> ValueEntry],
         [value |-> [val |-> 0], term |-> 2, type |-> ValueEntry],
         [value |-> [val |-> v2], term |-> 2, type |-> ValueEntry] >> @@
  s2 :>
      << [ value |-> [newconf |-> {s1}, learners |-> {}],
           term |-> 1,
           type |-> ConfigEntry ],
         [ value |-> [newconf |-> {s1, s2}, learners |-> {}],
           term |-> 1,
           type |-> ConfigEntry ],
         [ value |-> [newconf |-> {s1, s2, s3}, learners |-> {}],
           term |-> 1,
           type |-> ConfigEntry ],
         [ value |->
               [ newconf |-> {s3},
                 learners |-> {},
                 enterJoint |-> TRUE,
                 oldconf |-> {s1, s2, s3} ],
           term |-> 2,
           type |-> ConfigEntry ],
         [value |-> [val |-> v1], term |-> 2, type |-> ValueEntry],
         [value |-> [val |-> v2], term |-> 2, type |-> ValueEntry] >> @@
  s3 :>
      << [ value |-> [newconf |-> {s1}, learners |-> {}],
           term |-> 1,
           type |-> ConfigEntry ],
         [ value |-> [newconf |-> {s1, s2}, learners |-> {}],
           term |-> 1,
           type |-> ConfigEntry ],
         [ value |-> [newconf |-> {s1, s2, s3}, learners |-> {}],
           term |-> 1,
           type |-> ConfigEntry ] >> )
/\ nextIndex = ( s1 :> (s1 :> 9 @@ s2 :> 9 @@ s3 :> 9) @@
  s2 :> (s1 :> 1 @@ s2 :> 1 @@ s3 :> 1) @@
  s3 :> (s1 :> 1 @@ s2 :> 1 @@ s3 :> 1) )
/\ commitIndex = (s1 :> 9 @@ s2 :> 3 @@ s3 :> 3)
/\ inflights = ( s1 :> (s1 :> {} @@ s2 :> {} @@ s3 :> {}) @@
  s2 :> (s1 :> {} @@ s2 :> {} @@ s3 :> {}) @@
  s3 :> (s1 :> {} @@ s2 :> {} @@ s3 :> {}) )
/\ messages = ( [ mdest |-> s2,
    msource |-> s1,
    mterm |-> 2,
    mtype |-> AppendEntriesRequest,
    mseq |-> 27,
    msubtype |-> "app",
    mprevLogIndex |-> 8,
    mprevLogTerm |-> 2,
    mentries |-> <<>>,
    mcommitIndex |-> 9 ] :>
      1 @@
  [ mdest |-> s1,
    msource |-> s3,
    mterm |-> 2,
    mtype |-> AppendEntriesResponse,
    mseq |-> 26,
    msubtype |-> "app",
    msuccess |-> FALSE,
    mmatchIndex |-> 8,
    mrejectHint |-> 3,
    mlogTerm |-> 1 ] :>
      1 )
/\ currentTerm = (s1 :> 2 @@ s2 :> 2 @@ s3 :> 2)
/\ log = ( s1 :>
      [ offset |-> 1,
        entries |->
            << [ value |-> [newconf |-> {s1}, learners |-> {}],
                 term |-> 1,
                 type |-> ConfigEntry ],
               [ value |-> [newconf |-> {s1, s2}, learners |-> {}],
                 term |-> 1,
                 type |-> ConfigEntry ],
               [ value |-> [newconf |-> {s1, s2, s3}, learners |-> {}],
                 term |-> 1,
                 type |-> ConfigEntry ],
               [ value |->
                     [ newconf |-> {s3},
                       learners |-> {},
                       enterJoint |-> TRUE,
                       oldconf |-> {s1, s2, s3} ],
                 term |-> 2,
                 type |-> ConfigEntry ],
               [value |-> [val |-> v1], term |-> 2, type |-> ValueEntry],
               [value |-> [val |-> v2], term |-> 2, type |-> ValueEntry],
               [value |-> [val |-> 0], term |-> 2, type |-> ValueEntry],
               [value |-> [val |-> 0], term |-> 2, type |-> ValueEntry],
               [value |-> [val |-> v2], term |-> 2, type |-> ValueEntry] >>,
        snapshotIndex |-> 0,
        snapshotTerm |-> 0 ] @@
  s2 :>
      [ offset |-> 1,
        entries |->
            << [ value |-> [newconf |-> {s1}, learners |-> {}],
                 term |-> 1,
                 type |-> ConfigEntry ],
               [ value |-> [newconf |-> {s1, s2}, learners |-> {}],
                 term |-> 1,
                 type |-> ConfigEntry ],
               [ value |-> [newconf |-> {s1, s2, s3}, learners |-> {}],
                 term |-> 1,
                 type |-> ConfigEntry ],
               [ value |->
                     [ newconf |-> {s3},
                       learners |-> {},
                       enterJoint |-> TRUE,
                       oldconf |-> {s1, s2, s3} ],
                 term |-> 2,
                 type |-> ConfigEntry ],
               [value |-> [val |-> v1], term |-> 2, type |-> ValueEntry],
               [value |-> [val |-> v2], term |-> 2, type |-> ValueEntry] >>,
        snapshotIndex |-> 0,
        snapshotTerm |-> 0 ] @@
  s3 :>
      [ offset |-> 3,
        entries |->
            << [ value |-> [newconf |-> {s1, s2, s3}, learners |-> {}],
                 term |-> 1,
                 type |-> ConfigEntry ] >>,
        snapshotIndex |-> 2,
        snapshotTerm |-> 1 ] )
/\ partitions = (s1 :> 0 @@ s2 :> 0 @@ s3 :> 0)
/\ votesGranted = (s1 :> {s1, s2} @@ s2 :> {} @@ s3 :> {})
/\ pendingConfChangeIndex = (s1 :> 0 @@ s2 :> 0 @@ s3 :> 0)

@!@!@ENDMSG 2217 @!@!@
@!@!@STARTMSG 2217:4 @!@!@
74: <MCDynamicConfigActions line 426, col 8 to line 436, col 29 of module MCetcdraft>
/\ progressState = ( s1 :> (s1 :> StateReplicate @@ s2 :> StateProbe @@ s3 :> StateProbe) @@
  s2 :> (s1 :> StateProbe @@ s2 :> StateProbe @@ s3 :> StateProbe) @@
  s3 :> (s1 :> StateProbe @@ s2 :> StateProbe @@ s3 :> StateProbe) )
/\ msgSeqCounter = 28
/\ constraintCounters = [ timeout |-> 2,
  request |-> 3,
  restart |-> 1,
  drop |-> 2,
  duplicate |-> 0,
  heartbeat |-> 4,
  stepDown |-> 1,
  snapshot |-> 1,
  compact |-> 1,
  confChange |-> 1,
  reportUnreachable |-> 1,
  partition |-> 0 ]
/\ pendingMessages = <<>>
/\ appliedConfigIndex = (s1 :> 0 @@ s2 :> 3 @@ s3 :> 3)
/\ reconfigCount = 1
/\ votesResponded = (s1 :> {s1, s2, s3} @@ s2 :> {} @@ s3 :> {})
/\ msgAppFlowPaused = ( s1 :> (s1 :> FALSE @@ s2 :> FALSE @@ s3 :> FALSE) @@
  s2 :> (s1 :> FALSE @@ s2 :> FALSE @@ s3 :> FALSE) @@
  s3 :> (s1 :> FALSE @@ s2 :> FALSE @@ s3 :> FALSE) )
/\ state = (s1 :> Leader @@ s2 :> Follower @@ s3 :> Follower)
/\ pendingSnapshot = ( s1 :> (s1 :> 0 @@ s2 :> 0 @@ s3 :> 0) @@
  s2 :> (s1 :> 0 @@ s2 :> 0 @@ s3 :> 0) @@
  s3 :> (s1 :> 0 @@ s2 :> 0 @@ s3 :> 0) )
/\ config = ( s1 :> [learners |-> {}, jointConfig |-> <<{s3}, {}>>, autoLeave |-> FALSE] @@
  s2 :>
      [ learners |-> {},
        jointConfig |-> <<{s1, s2, s3}, {}>>,
        autoLeave |-> FALSE ] @@
  s3 :>
      [ learners |-> {},
        jointConfig |-> <<{s1, s2, s3}, {}>>,
        autoLeave |-> FALSE ] )
/\ matchIndex = ( s1 :> (s1 :> 9 @@ s2 :> 0 @@ s3 :> 0) @@
  s2 :> (s1 :> 0 @@ s2 :> 0 @@ s3 :> 0) @@
  s3 :> (s1 :> 0 @@ s2 :> 0 @@ s3 :> 0) )
/\ applied = (s1 :> 3 @@ s2 :> 0 @@ s3 :> 3)
/\ votedFor = (s1 :> s1 @@ s2 :> s1 @@ s3 :> s3)
/\ durableState = ( s1 :>
      [ currentTerm |-> 2,
        votedFor |-> s1,
        log |-> 9,
        entries |->
            << [ value |-> [newconf |-> {s1}, learners |-> {}],
                 term |-> 1,
                 type |-> ConfigEntry ],
               [ value |-> [newconf |-> {s1, s2}, learners |-> {}],
                 term |-> 1,
                 type |-> ConfigEntry ],
               [ value |-> [newconf |-> {s1, s2, s3}, learners |-> {}],
                 term |-> 1,
                 type |-> ConfigEntry ],
               [ value |->
                     [ newconf |-> {s3},
                       learners |-> {},
                       enterJoint |-> TRUE,
                       oldconf |-> {s1, s2, s3} ],
                 term |-> 2,
                 type |-> ConfigEntry ],
               [value |-> [val |-> v1], term |-> 2, type |-> ValueEntry],
               [value |-> [val |-> v2], term |-> 2, type |-> ValueEntry],
               [value |-> [val |-> 0], term |-> 2, type |-> ValueEntry],
               [value |-> [val |-> 0], term |-> 2, type |-> ValueEntry],
               [value |-> [val |-> v2], term |-> 2, type |-> ValueEntry] >>,
        snapshotIndex |-> 0,
        snapshotTerm |-> 0,
        commitIndex |-> 9,
        config |->
            [ learners |-> {},
              jointConfig |-> <<{s1, s2}, {}>>,
              autoLeave |-> FALSE ],
        snapshotHistory |-> <<>> ] @@
  s2 :>
      [ currentTerm |-> 2,
        votedFor |-> s1,
        log |-> 6,
        entries |->
            << [ value |-> [newconf |-> {s1}, learners |-> {}],
                 term |-> 1,
                 type |-> ConfigEntry ],
               [ value |-> [newconf |-> {s1, s2}, learners |-> {}],
                 term |-> 1,
                 type |-> ConfigEntry ],
               [ value |-> [newconf |-> {s1, s2, s3}, learners |-> {}],
                 term |-> 1,
                 type |-> ConfigEntry ],
               [ value |->
                     [ newconf |-> {s3},
                       learners |-> {},
                       enterJoint |-> TRUE,
                       oldconf |-> {s1, s2, s3} ],
                 term |-> 2,
                 type |-> ConfigEntry ],
               [value |-> [val |-> v1], term |-> 2, type |-> ValueEntry],
               [value |-> [val |-> v2], term |-> 2, type |-> ValueEntry] >>,
        snapshotIndex |-> 0,
        snapshotTerm |-> 0,
        commitIndex |-> 3,
        config |->
            [ learners |-> {},
              jointConfig |-> <<{s1, s2, s3}, {}>>,
              autoLeave |-> FALSE ],
        snapshotHistory |-> <<>> ] @@
  s3 :>
      [ currentTerm |-> 2,
        votedFor |-> s3,
        log |-> 3,
        entries |->
            << [ value |-> [newconf |-> {s1, s2, s3}, learners |-> {}],
                 term |-> 1,
                 type |-> ConfigEntry ] >>,
        snapshotIndex |-> 2,
        snapshotTerm |-> 1,
        commitIndex |-> 3,
        config |->
            [ learners |-> {},
              jointConfig |-> <<{s1, s2, s3}, {}>>,
              autoLeave |-> FALSE ],
        snapshotHistory |->
            << [ value |-> [newconf |-> {s1}, learners |-> {}],
                 term |-> 1,
                 type |-> ConfigEntry ],
               [ value |-> [newconf |-> {s1, s2}, learners |-> {}],
                 term |-> 1,
                 type |-> ConfigEntry ] >> ] )
/\ historyLog = ( s1 :>
      << [ value |-> [newconf |-> {s1}, learners |-> {}],
           term |-> 1,
           type |-> ConfigEntry ],
         [ value |-> [newconf |-> {s1, s2}, learners |-> {}],
           term |-> 1,
           type |-> ConfigEntry ],
         [ value |-> [newconf |-> {s1, s2, s3}, learners |-> {}],
           term |-> 1,
           type |-> ConfigEntry ],
         [ value |->
               [ newconf |-> {s3},
                 learners |-> {},
                 enterJoint |-> TRUE,
                 oldconf |-> {s1, s2, s3} ],
           term |-> 2,
           type |-> ConfigEntry ],
         [value |-> [val |-> v1], term |-> 2, type |-> ValueEntry],
         [value |-> [val |-> v2], term |-> 2, type |-> ValueEntry],
         [value |-> [val |-> 0], term |-> 2, type |-> ValueEntry],
         [value |-> [val |-> 0], term |-> 2, type |-> ValueEntry],
         [value |-> [val |-> v2], term |-> 2, type |-> ValueEntry] >> @@
  s2 :>
      << [ value |-> [newconf |-> {s1}, learners |-> {}],
           term |-> 1,
           type |-> ConfigEntry ],
         [ value |-> [newconf |-> {s1, s2}, learners |-> {}],
           term |-> 1,
           type |-> ConfigEntry ],
         [ value |-> [newconf |-> {s1, s2, s3}, learners |-> {}],
           term |-> 1,
           type |-> ConfigEntry ],
         [ value |->
               [ newconf |-> {s3},
                 learners |-> {},
                 enterJoint |-> TRUE,
                 oldconf |-> {s1, s2, s3} ],
           term |-> 2,
           type |-> ConfigEntry ],
         [value |-> [val |-> v1], term |-> 2, type |-> ValueEntry],
         [value |-> [val |-> v2], term |-> 2, type |-> ValueEntry] >> @@
  s3 :>
      << [ value |-> [newconf |-> {s1}, learners |-> {}],
           term |-> 1,
           type |-> ConfigEntry ],
         [ value |-> [newconf |-> {s1, s2}, learners |-> {}],
           term |-> 1,
           type |-> ConfigEntry ],
         [ value |-> [newconf |-> {s1, s2, s3}, learners |-> {}],
           term |-> 1,
           type |-> ConfigEntry ] >> )
/\ nextIndex = ( s1 :> (s1 :> 9 @@ s2 :> 9 @@ s3 :> 9) @@
  s2 :> (s1 :> 1 @@ s2 :> 1 @@ s3 :> 1) @@
  s3 :> (s1 :> 1 @@ s2 :> 1 @@ s3 :> 1) )
/\ commitIndex = (s1 :> 9 @@ s2 :> 3 @@ s3 :> 3)
/\ inflights = ( s1 :> (s1 :> {} @@ s2 :> {} @@ s3 :> {}) @@
  s2 :> (s1 :> {} @@ s2 :> {} @@ s3 :> {}) @@
  s3 :> (s1 :> {} @@ s2 :> {} @@ s3 :> {}) )
/\ messages = ( [ mdest |-> s2,
    msource |-> s1,
    mterm |-> 2,
    mtype |-> AppendEntriesRequest,
    mseq |-> 27,
    msubtype |-> "app",
    mprevLogIndex |-> 8,
    mprevLogTerm |-> 2,
    mentries |-> <<>>,
    mcommitIndex |-> 9 ] :>
      1 @@
  [ mdest |-> s1,
    msource |-> s3,
    mterm |-> 2,
    mtype |-> AppendEntriesResponse,
    mseq |-> 26,
    msubtype |-> "app",
    msuccess |-> FALSE,
    mmatchIndex |-> 8,
    mrejectHint |-> 3,
    mlogTerm |-> 1 ] :>
      1 )
/\ currentTerm = (s1 :> 2 @@ s2 :> 2 @@ s3 :> 2)
/\ log = ( s1 :>
      [ offset |-> 1,
        entries |->
            << [ value |-> [newconf |-> {s1}, learners |-> {}],
                 term |-> 1,
                 type |-> ConfigEntry ],
               [ value |-> [newconf |-> {s1, s2}, learners |-> {}],
                 term |-> 1,
                 type |-> ConfigEntry ],
               [ value |-> [newconf |-> {s1, s2, s3}, learners |-> {}],
                 term |-> 1,
                 type |-> ConfigEntry ],
               [ value |->
                     [ newconf |-> {s3},
                       learners |-> {},
                       enterJoint |-> TRUE,
                       oldconf |-> {s1, s2, s3} ],
                 term |-> 2,
                 type |-> ConfigEntry ],
               [value |-> [val |-> v1], term |-> 2, type |-> ValueEntry],
               [value |-> [val |-> v2], term |-> 2, type |-> ValueEntry],
               [value |-> [val |-> 0], term |-> 2, type |-> ValueEntry],
               [value |-> [val |-> 0], term |-> 2, type |-> ValueEntry],
               [value |-> [val |-> v2], term |-> 2, type |-> ValueEntry] >>,
        snapshotIndex |-> 0,
        snapshotTerm |-> 0 ] @@
  s2 :>
      [ offset |-> 1,
        entries |->
            << [ value |-> [newconf |-> {s1}, learners |-> {}],
                 term |-> 1,
                 type |-> ConfigEntry ],
               [ value |-> [newconf |-> {s1, s2}, learners |-> {}],
                 term |-> 1,
                 type |-> ConfigEntry ],
               [ value |-> [newconf |-> {s1, s2, s3}, learners |-> {}],
                 term |-> 1,
                 type |-> ConfigEntry ],
               [ value |->
                     [ newconf |-> {s3},
                       learners |-> {},
                       enterJoint |-> TRUE,
                       oldconf |-> {s1, s2, s3} ],
                 term |-> 2,
                 type |-> ConfigEntry ],
               [value |-> [val |-> v1], term |-> 2, type |-> ValueEntry],
               [value |-> [val |-> v2], term |-> 2, type |-> ValueEntry] >>,
        snapshotIndex |-> 0,
        snapshotTerm |-> 0 ] @@
  s3 :>
      [ offset |-> 3,
        entries |->
            << [ value |-> [newconf |-> {s1, s2, s3}, learners |-> {}],
                 term |-> 1,
                 type |-> ConfigEntry ] >>,
        snapshotIndex |-> 2,
        snapshotTerm |-> 1 ] )
/\ partitions = (s1 :> 0 @@ s2 :> 0 @@ s3 :> 0)
/\ votesGranted = (s1 :> {s1, s2} @@ s2 :> {} @@ s3 :> {})
/\ pendingConfChangeIndex = (s1 :> 0 @@ s2 :> 0 @@ s3 :> 0)

@!@!@ENDMSG 2217 @!@!@
@!@!@STARTMSG 2217:4 @!@!@
75: <MCDynamicConfigActions line 417, col 8 to line 418, col 29 of module MCetcdraft>
/\ progressState = ( s1 :> (s1 :> StateReplicate @@ s2 :> StateProbe @@ s3 :> StateProbe) @@
  s2 :> (s1 :> StateProbe @@ s2 :> StateProbe @@ s3 :> StateProbe) @@
  s3 :> (s1 :> StateProbe @@ s2 :> StateProbe @@ s3 :> StateProbe) )
/\ msgSeqCounter = 28
/\ constraintCounters = [ timeout |-> 2,
  request |-> 3,
  restart |-> 1,
  drop |-> 2,
  duplicate |-> 0,
  heartbeat |-> 4,
  stepDown |-> 1,
  snapshot |-> 1,
  compact |-> 1,
  confChange |-> 1,
  reportUnreachable |-> 1,
  partition |-> 0 ]
/\ pendingMessages = <<>>
/\ appliedConfigIndex = (s1 :> 1 @@ s2 :> 3 @@ s3 :> 3)
/\ reconfigCount = 1
/\ votesResponded = (s1 :> {s1, s2, s3} @@ s2 :> {} @@ s3 :> {})
/\ msgAppFlowPaused = ( s1 :> (s1 :> FALSE @@ s2 :> FALSE @@ s3 :> FALSE) @@
  s2 :> (s1 :> FALSE @@ s2 :> FALSE @@ s3 :> FALSE) @@
  s3 :> (s1 :> FALSE @@ s2 :> FALSE @@ s3 :> FALSE) )
/\ state = (s1 :> Leader @@ s2 :> Follower @@ s3 :> Follower)
/\ pendingSnapshot = ( s1 :> (s1 :> 0 @@ s2 :> 0 @@ s3 :> 0) @@
  s2 :> (s1 :> 0 @@ s2 :> 0 @@ s3 :> 0) @@
  s3 :> (s1 :> 0 @@ s2 :> 0 @@ s3 :> 0) )
/\ config = ( s1 :> [learners |-> {}, jointConfig |-> <<{s1}, {}>>, autoLeave |-> FALSE] @@
  s2 :>
      [ learners |-> {},
        jointConfig |-> <<{s1, s2, s3}, {}>>,
        autoLeave |-> FALSE ] @@
  s3 :>
      [ learners |-> {},
        jointConfig |-> <<{s1, s2, s3}, {}>>,
        autoLeave |-> FALSE ] )
/\ matchIndex = ( s1 :> (s1 :> 9 @@ s2 :> 0 @@ s3 :> 0) @@
  s2 :> (s1 :> 0 @@ s2 :> 0 @@ s3 :> 0) @@
  s3 :> (s1 :> 0 @@ s2 :> 0 @@ s3 :> 0) )
/\ applied = (s1 :> 3 @@ s2 :> 0 @@ s3 :> 3)
/\ votedFor = (s1 :> s1 @@ s2 :> s1 @@ s3 :> s3)
/\ durableState = ( s1 :>
      [ currentTerm |-> 2,
        votedFor |-> s1,
        log |-> 9,
        entries |->
            << [ value |-> [newconf |-> {s1}, learners |-> {}],
                 term |-> 1,
                 type |-> ConfigEntry ],
               [ value |-> [newconf |-> {s1, s2}, learners |-> {}],
                 term |-> 1,
                 type |-> ConfigEntry ],
               [ value |-> [newconf |-> {s1, s2, s3}, learners |-> {}],
                 term |-> 1,
                 type |-> ConfigEntry ],
               [ value |->
                     [ newconf |-> {s3},
                       learners |-> {},
                       enterJoint |-> TRUE,
                       oldconf |-> {s1, s2, s3} ],
                 term |-> 2,
                 type |-> ConfigEntry ],
               [value |-> [val |-> v1], term |-> 2, type |-> ValueEntry],
               [value |-> [val |-> v2], term |-> 2, type |-> ValueEntry],
               [value |-> [val |-> 0], term |-> 2, type |-> ValueEntry],
               [value |-> [val |-> 0], term |-> 2, type |-> ValueEntry],
               [value |-> [val |-> v2], term |-> 2, type |-> ValueEntry] >>,
        snapshotIndex |-> 0,
        snapshotTerm |-> 0,
        commitIndex |-> 9,
        config |->
            [ learners |-> {},
              jointConfig |-> <<{s1, s2}, {}>>,
              autoLeave |-> FALSE ],
        snapshotHistory |-> <<>> ] @@
  s2 :>
      [ currentTerm |-> 2,
        votedFor |-> s1,
        log |-> 6,
        entries |->
            << [ value |-> [newconf |-> {s1}, learners |-> {}],
                 term |-> 1,
                 type |-> ConfigEntry ],
               [ value |-> [newconf |-> {s1, s2}, learners |-> {}],
                 term |-> 1,
                 type |-> ConfigEntry ],
               [ value |-> [newconf |-> {s1, s2, s3}, learners |-> {}],
                 term |-> 1,
                 type |-> ConfigEntry ],
               [ value |->
                     [ newconf |-> {s3},
                       learners |-> {},
                       enterJoint |-> TRUE,
                       oldconf |-> {s1, s2, s3} ],
                 term |-> 2,
                 type |-> ConfigEntry ],
               [value |-> [val |-> v1], term |-> 2, type |-> ValueEntry],
               [value |-> [val |-> v2], term |-> 2, type |-> ValueEntry] >>,
        snapshotIndex |-> 0,
        snapshotTerm |-> 0,
        commitIndex |-> 3,
        config |->
            [ learners |-> {},
              jointConfig |-> <<{s1, s2, s3}, {}>>,
              autoLeave |-> FALSE ],
        snapshotHistory |-> <<>> ] @@
  s3 :>
      [ currentTerm |-> 2,
        votedFor |-> s3,
        log |-> 3,
        entries |->
            << [ value |-> [newconf |-> {s1, s2, s3}, learners |-> {}],
                 term |-> 1,
                 type |-> ConfigEntry ] >>,
        snapshotIndex |-> 2,
        snapshotTerm |-> 1,
        commitIndex |-> 3,
        config |->
            [ learners |-> {},
              jointConfig |-> <<{s1, s2, s3}, {}>>,
              autoLeave |-> FALSE ],
        snapshotHistory |->
            << [ value |-> [newconf |-> {s1}, learners |-> {}],
                 term |-> 1,
                 type |-> ConfigEntry ],
               [ value |-> [newconf |-> {s1, s2}, learners |-> {}],
                 term |-> 1,
                 type |-> ConfigEntry ] >> ] )
/\ historyLog = ( s1 :>
      << [ value |-> [newconf |-> {s1}, learners |-> {}],
           term |-> 1,
           type |-> ConfigEntry ],
         [ value |-> [newconf |-> {s1, s2}, learners |-> {}],
           term |-> 1,
           type |-> ConfigEntry ],
         [ value |-> [newconf |-> {s1, s2, s3}, learners |-> {}],
           term |-> 1,
           type |-> ConfigEntry ],
         [ value |->
               [ newconf |-> {s3},
                 learners |-> {},
                 enterJoint |-> TRUE,
                 oldconf |-> {s1, s2, s3} ],
           term |-> 2,
           type |-> ConfigEntry ],
         [value |-> [val |-> v1], term |-> 2, type |-> ValueEntry],
         [value |-> [val |-> v2], term |-> 2, type |-> ValueEntry],
         [value |-> [val |-> 0], term |-> 2, type |-> ValueEntry],
         [value |-> [val |-> 0], term |-> 2, type |-> ValueEntry],
         [value |-> [val |-> v2], term |-> 2, type |-> ValueEntry] >> @@
  s2 :>
      << [ value |-> [newconf |-> {s1}, learners |-> {}],
           term |-> 1,
           type |-> ConfigEntry ],
         [ value |-> [newconf |-> {s1, s2}, learners |-> {}],
           term |-> 1,
           type |-> ConfigEntry ],
         [ value |-> [newconf |-> {s1, s2, s3}, learners |-> {}],
           term |-> 1,
           type |-> ConfigEntry ],
         [ value |->
               [ newconf |-> {s3},
                 learners |-> {},
                 enterJoint |-> TRUE,
                 oldconf |-> {s1, s2, s3} ],
           term |-> 2,
           type |-> ConfigEntry ],
         [value |-> [val |-> v1], term |-> 2, type |-> ValueEntry],
         [value |-> [val |-> v2], term |-> 2, type |-> ValueEntry] >> @@
  s3 :>
      << [ value |-> [newconf |-> {s1}, learners |-> {}],
           term |-> 1,
           type |-> ConfigEntry ],
         [ value |-> [newconf |-> {s1, s2}, learners |-> {}],
           term |-> 1,
           type |-> ConfigEntry ],
         [ value |-> [newconf |-> {s1, s2, s3}, learners |-> {}],
           term |-> 1,
           type |-> ConfigEntry ] >> )
/\ nextIndex = ( s1 :> (s1 :> 9 @@ s2 :> 9 @@ s3 :> 9) @@
  s2 :> (s1 :> 1 @@ s2 :> 1 @@ s3 :> 1) @@
  s3 :> (s1 :> 1 @@ s2 :> 1 @@ s3 :> 1) )
/\ commitIndex = (s1 :> 9 @@ s2 :> 3 @@ s3 :> 3)
/\ inflights = ( s1 :> (s1 :> {} @@ s2 :> {} @@ s3 :> {}) @@
  s2 :> (s1 :> {} @@ s2 :> {} @@ s3 :> {}) @@
  s3 :> (s1 :> {} @@ s2 :> {} @@ s3 :> {}) )
/\ messages = ( [ mdest |-> s2,
    msource |-> s1,
    mterm |-> 2,
    mtype |-> AppendEntriesRequest,
    mseq |-> 27,
    msubtype |-> "app",
    mprevLogIndex |-> 8,
    mprevLogTerm |-> 2,
    mentries |-> <<>>,
    mcommitIndex |-> 9 ] :>
      1 @@
  [ mdest |-> s1,
    msource |-> s3,
    mterm |-> 2,
    mtype |-> AppendEntriesResponse,
    mseq |-> 26,
    msubtype |-> "app",
    msuccess |-> FALSE,
    mmatchIndex |-> 8,
    mrejectHint |-> 3,
    mlogTerm |-> 1 ] :>
      1 )
/\ currentTerm = (s1 :> 2 @@ s2 :> 2 @@ s3 :> 2)
/\ log = ( s1 :>
      [ offset |-> 1,
        entries |->
            << [ value |-> [newconf |-> {s1}, learners |-> {}],
                 term |-> 1,
                 type |-> ConfigEntry ],
               [ value |-> [newconf |-> {s1, s2}, learners |-> {}],
                 term |-> 1,
                 type |-> ConfigEntry ],
               [ value |-> [newconf |-> {s1, s2, s3}, learners |-> {}],
                 term |-> 1,
                 type |-> ConfigEntry ],
               [ value |->
                     [ newconf |-> {s3},
                       learners |-> {},
                       enterJoint |-> TRUE,
                       oldconf |-> {s1, s2, s3} ],
                 term |-> 2,
                 type |-> ConfigEntry ],
               [value |-> [val |-> v1], term |-> 2, type |-> ValueEntry],
               [value |-> [val |-> v2], term |-> 2, type |-> ValueEntry],
               [value |-> [val |-> 0], term |-> 2, type |-> ValueEntry],
               [value |-> [val |-> 0], term |-> 2, type |-> ValueEntry],
               [value |-> [val |-> v2], term |-> 2, type |-> ValueEntry] >>,
        snapshotIndex |-> 0,
        snapshotTerm |-> 0 ] @@
  s2 :>
      [ offset |-> 1,
        entries |->
            << [ value |-> [newconf |-> {s1}, learners |-> {}],
                 term |-> 1,
                 type |-> ConfigEntry ],
               [ value |-> [newconf |-> {s1, s2}, learners |-> {}],
                 term |-> 1,
                 type |-> ConfigEntry ],
               [ value |-> [newconf |-> {s1, s2, s3}, learners |-> {}],
                 term |-> 1,
                 type |-> ConfigEntry ],
               [ value |->
                     [ newconf |-> {s3},
                       learners |-> {},
                       enterJoint |-> TRUE,
                       oldconf |-> {s1, s2, s3} ],
                 term |-> 2,
                 type |-> ConfigEntry ],
               [value |-> [val |-> v1], term |-> 2, type |-> ValueEntry],
               [value |-> [val |-> v2], term |-> 2, type |-> ValueEntry] >>,
        snapshotIndex |-> 0,
        snapshotTerm |-> 0 ] @@
  s3 :>
      [ offset |-> 3,
        entries |->
            << [ value |-> [newconf |-> {s1, s2, s3}, learners |-> {}],
                 term |-> 1,
                 type |-> ConfigEntry ] >>,
        snapshotIndex |-> 2,
        snapshotTerm |-> 1 ] )
/\ partitions = (s1 :> 0 @@ s2 :> 0 @@ s3 :> 0)
/\ votesGranted = (s1 :> {s1, s2} @@ s2 :> {} @@ s3 :> {})
/\ pendingConfChangeIndex = (s1 :> 0 @@ s2 :> 0 @@ s3 :> 0)

@!@!@ENDMSG 2217 @!@!@
@!@!@STARTMSG 2217:4 @!@!@
76: <MCDynamicConfigActions line 417, col 8 to line 418, col 29 of module MCetcdraft>
/\ progressState = ( s1 :> (s1 :> StateReplicate @@ s2 :> StateProbe @@ s3 :> StateProbe) @@
  s2 :> (s1 :> StateProbe @@ s2 :> StateProbe @@ s3 :> StateProbe) @@
  s3 :> (s1 :> StateProbe @@ s2 :> StateProbe @@ s3 :> StateProbe) )
/\ msgSeqCounter = 28
/\ constraintCounters = [ timeout |-> 2,
  request |-> 3,
  restart |-> 1,
  drop |-> 2,
  duplicate |-> 0,
  heartbeat |-> 4,
  stepDown |-> 1,
  snapshot |-> 1,
  compact |-> 1,
  confChange |-> 1,
  reportUnreachable |-> 1,
  partition |-> 0 ]
/\ pendingMessages = <<>>
/\ appliedConfigIndex = (s1 :> 2 @@ s2 :> 3 @@ s3 :> 3)
/\ reconfigCount = 1
/\ votesResponded = (s1 :> {s1, s2, s3} @@ s2 :> {} @@ s3 :> {})
/\ msgAppFlowPaused = ( s1 :> (s1 :> FALSE @@ s2 :> FALSE @@ s3 :> FALSE) @@
  s2 :> (s1 :> FALSE @@ s2 :> FALSE @@ s3 :> FALSE) @@
  s3 :> (s1 :> FALSE @@ s2 :> FALSE @@ s3 :> FALSE) )
/\ state = (s1 :> Leader @@ s2 :> Follower @@ s3 :> Follower)
/\ pendingSnapshot = ( s1 :> (s1 :> 0 @@ s2 :> 0 @@ s3 :> 0) @@
  s2 :> (s1 :> 0 @@ s2 :> 0 @@ s3 :> 0) @@
  s3 :> (s1 :> 0 @@ s2 :> 0 @@ s3 :> 0) )
/\ config = ( s1 :>
      [ learners |-> {},
        jointConfig |-> <<{s1, s2}, {}>>,
        autoLeave |-> FALSE ] @@
  s2 :>
      [ learners |-> {},
        jointConfig |-> <<{s1, s2, s3}, {}>>,
        autoLeave |-> FALSE ] @@
  s3 :>
      [ learners |-> {},
        jointConfig |-> <<{s1, s2, s3}, {}>>,
        autoLeave |-> FALSE ] )
/\ matchIndex = ( s1 :> (s1 :> 9 @@ s2 :> 0 @@ s3 :> 0) @@
  s2 :> (s1 :> 0 @@ s2 :> 0 @@ s3 :> 0) @@
  s3 :> (s1 :> 0 @@ s2 :> 0 @@ s3 :> 0) )
/\ applied = (s1 :> 3 @@ s2 :> 0 @@ s3 :> 3)
/\ votedFor = (s1 :> s1 @@ s2 :> s1 @@ s3 :> s3)
/\ durableState = ( s1 :>
      [ currentTerm |-> 2,
        votedFor |-> s1,
        log |-> 9,
        entries |->
            << [ value |-> [newconf |-> {s1}, learners |-> {}],
                 term |-> 1,
                 type |-> ConfigEntry ],
               [ value |-> [newconf |-> {s1, s2}, learners |-> {}],
                 term |-> 1,
                 type |-> ConfigEntry ],
               [ value |-> [newconf |-> {s1, s2, s3}, learners |-> {}],
                 term |-> 1,
                 type |-> ConfigEntry ],
               [ value |->
                     [ newconf |-> {s3},
                       learners |-> {},
                       enterJoint |-> TRUE,
                       oldconf |-> {s1, s2, s3} ],
                 term |-> 2,
                 type |-> ConfigEntry ],
               [value |-> [val |-> v1], term |-> 2, type |-> ValueEntry],
               [value |-> [val |-> v2], term |-> 2, type |-> ValueEntry],
               [value |-> [val |-> 0], term |-> 2, type |-> ValueEntry],
               [value |-> [val |-> 0], term |-> 2, type |-> ValueEntry],
               [value |-> [val |-> v2], term |-> 2, type |-> ValueEntry] >>,
        snapshotIndex |-> 0,
        snapshotTerm |-> 0,
        commitIndex |-> 9,
        config |->
            [ learners |-> {},
              jointConfig |-> <<{s1, s2}, {}>>,
              autoLeave |-> FALSE ],
        snapshotHistory |-> <<>> ] @@
  s2 :>
      [ currentTerm |-> 2,
        votedFor |-> s1,
        log |-> 6,
        entries |->
            << [ value |-> [newconf |-> {s1}, learners |-> {}],
                 term |-> 1,
                 type |-> ConfigEntry ],
               [ value |-> [newconf |-> {s1, s2}, learners |-> {}],
                 term |-> 1,
                 type |-> ConfigEntry ],
               [ value |-> [newconf |-> {s1, s2, s3}, learners |-> {}],
                 term |-> 1,
                 type |-> ConfigEntry ],
               [ value |->
                     [ newconf |-> {s3},
                       learners |-> {},
                       enterJoint |-> TRUE,
                       oldconf |-> {s1, s2, s3} ],
                 term |-> 2,
                 type |-> ConfigEntry ],
               [value |-> [val |-> v1], term |-> 2, type |-> ValueEntry],
               [value |-> [val |-> v2], term |-> 2, type |-> ValueEntry] >>,
        snapshotIndex |-> 0,
        snapshotTerm |-> 0,
        commitIndex |-> 3,
        config |->
            [ learners |-> {},
              jointConfig |-> <<{s1, s2, s3}, {}>>,
              autoLeave |-> FALSE ],
        snapshotHistory |-> <<>> ] @@
  s3 :>
      [ currentTerm |-> 2,
        votedFor |-> s3,
        log |-> 3,
        entries |->
            << [ value |-> [newconf |-> {s1, s2, s3}, learners |-> {}],
                 term |-> 1,
                 type |-> ConfigEntry ] >>,
        snapshotIndex |-> 2,
        snapshotTerm |-> 1,
        commitIndex |-> 3,
        config |->
            [ learners |-> {},
              jointConfig |-> <<{s1, s2, s3}, {}>>,
              autoLeave |-> FALSE ],
        snapshotHistory |->
            << [ value |-> [newconf |-> {s1}, learners |-> {}],
                 term |-> 1,
                 type |-> ConfigEntry ],
               [ value |-> [newconf |-> {s1, s2}, learners |-> {}],
                 term |-> 1,
                 type |-> ConfigEntry ] >> ] )
/\ historyLog = ( s1 :>
      << [ value |-> [newconf |-> {s1}, learners |-> {}],
           term |-> 1,
           type |-> ConfigEntry ],
         [ value |-> [newconf |-> {s1, s2}, learners |-> {}],
           term |-> 1,
           type |-> ConfigEntry ],
         [ value |-> [newconf |-> {s1, s2, s3}, learners |-> {}],
           term |-> 1,
           type |-> ConfigEntry ],
         [ value |->
               [ newconf |-> {s3},
                 learners |-> {},
                 enterJoint |-> TRUE,
                 oldconf |-> {s1, s2, s3} ],
           term |-> 2,
           type |-> ConfigEntry ],
         [value |-> [val |-> v1], term |-> 2, type |-> ValueEntry],
         [value |-> [val |-> v2], term |-> 2, type |-> ValueEntry],
         [value |-> [val |-> 0], term |-> 2, type |-> ValueEntry],
         [value |-> [val |-> 0], term |-> 2, type |-> ValueEntry],
         [value |-> [val |-> v2], term |-> 2, type |-> ValueEntry] >> @@
  s2 :>
      << [ value |-> [newconf |-> {s1}, learners |-> {}],
           term |-> 1,
           type |-> ConfigEntry ],
         [ value |-> [newconf |-> {s1, s2}, learners |-> {}],
           term |-> 1,
           type |-> ConfigEntry ],
         [ value |-> [newconf |-> {s1, s2, s3}, learners |-> {}],
           term |-> 1,
           type |-> ConfigEntry ],
         [ value |->
               [ newconf |-> {s3},
                 learners |-> {},
                 enterJoint |-> TRUE,
                 oldconf |-> {s1, s2, s3} ],
           term |-> 2,
           type |-> ConfigEntry ],
         [value |-> [val |-> v1], term |-> 2, type |-> ValueEntry],
         [value |-> [val |-> v2], term |-> 2, type |-> ValueEntry] >> @@
  s3 :>
      << [ value |-> [newconf |-> {s1}, learners |-> {}],
           term |-> 1,
           type |-> ConfigEntry ],
         [ value |-> [newconf |-> {s1, s2}, learners |-> {}],
           term |-> 1,
           type |-> ConfigEntry ],
         [ value |-> [newconf |-> {s1, s2, s3}, learners |-> {}],
           term |-> 1,
           type |-> ConfigEntry ] >> )
/\ nextIndex = ( s1 :> (s1 :> 9 @@ s2 :> 9 @@ s3 :> 9) @@
  s2 :> (s1 :> 1 @@ s2 :> 1 @@ s3 :> 1) @@
  s3 :> (s1 :> 1 @@ s2 :> 1 @@ s3 :> 1) )
/\ commitIndex = (s1 :> 9 @@ s2 :> 3 @@ s3 :> 3)
/\ inflights = ( s1 :> (s1 :> {} @@ s2 :> {} @@ s3 :> {}) @@
  s2 :> (s1 :> {} @@ s2 :> {} @@ s3 :> {}) @@
  s3 :> (s1 :> {} @@ s2 :> {} @@ s3 :> {}) )
/\ messages = ( [ mdest |-> s2,
    msource |-> s1,
    mterm |-> 2,
    mtype |-> AppendEntriesRequest,
    mseq |-> 27,
    msubtype |-> "app",
    mprevLogIndex |-> 8,
    mprevLogTerm |-> 2,
    mentries |-> <<>>,
    mcommitIndex |-> 9 ] :>
      1 @@
  [ mdest |-> s1,
    msource |-> s3,
    mterm |-> 2,
    mtype |-> AppendEntriesResponse,
    mseq |-> 26,
    msubtype |-> "app",
    msuccess |-> FALSE,
    mmatchIndex |-> 8,
    mrejectHint |-> 3,
    mlogTerm |-> 1 ] :>
      1 )
/\ currentTerm = (s1 :> 2 @@ s2 :> 2 @@ s3 :> 2)
/\ log = ( s1 :>
      [ offset |-> 1,
        entries |->
            << [ value |-> [newconf |-> {s1}, learners |-> {}],
                 term |-> 1,
                 type |-> ConfigEntry ],
               [ value |-> [newconf |-> {s1, s2}, learners |-> {}],
                 term |-> 1,
                 type |-> ConfigEntry ],
               [ value |-> [newconf |-> {s1, s2, s3}, learners |-> {}],
                 term |-> 1,
                 type |-> ConfigEntry ],
               [ value |->
                     [ newconf |-> {s3},
                       learners |-> {},
                       enterJoint |-> TRUE,
                       oldconf |-> {s1, s2, s3} ],
                 term |-> 2,
                 type |-> ConfigEntry ],
               [value |-> [val |-> v1], term |-> 2, type |-> ValueEntry],
               [value |-> [val |-> v2], term |-> 2, type |-> ValueEntry],
               [value |-> [val |-> 0], term |-> 2, type |-> ValueEntry],
               [value |-> [val |-> 0], term |-> 2, type |-> ValueEntry],
               [value |-> [val |-> v2], term |-> 2, type |-> ValueEntry] >>,
        snapshotIndex |-> 0,
        snapshotTerm |-> 0 ] @@
  s2 :>
      [ offset |-> 1,
        entries |->
            << [ value |-> [newconf |-> {s1}, learners |-> {}],
                 term |-> 1,
                 type |-> ConfigEntry ],
               [ value |-> [newconf |-> {s1, s2}, learners |-> {}],
                 term |-> 1,
                 type |-> ConfigEntry ],
               [ value |-> [newconf |-> {s1, s2, s3}, learners |-> {}],
                 term |-> 1,
                 type |-> ConfigEntry ],
               [ value |->
                     [ newconf |-> {s3},
                       learners |-> {},
                       enterJoint |-> TRUE,
                       oldconf |-> {s1, s2, s3} ],
                 term |-> 2,
                 type |-> ConfigEntry ],
               [value |-> [val |-> v1], term |-> 2, type |-> ValueEntry],
               [value |-> [val |-> v2], term |-> 2, type |-> ValueEntry] >>,
        snapshotIndex |-> 0,
        snapshotTerm |-> 0 ] @@
  s3 :>
      [ offset |-> 3,
        entries |->
            << [ value |-> [newconf |-> {s1, s2, s3}, learners |-> {}],
                 term |-> 1,
                 type |-> ConfigEntry ] >>,
        snapshotIndex |-> 2,
        snapshotTerm |-> 1 ] )
/\ partitions = (s1 :> 0 @@ s2 :> 0 @@ s3 :> 0)
/\ votesGranted = (s1 :> {s1, s2} @@ s2 :> {} @@ s3 :> {})
/\ pendingConfChangeIndex = (s1 :> 0 @@ s2 :> 0 @@ s3 :> 0)

@!@!@ENDMSG 2217 @!@!@
@!@!@STARTMSG 2217:4 @!@!@
77: <MCDynamicConfigActions line 417, col 8 to line 418, col 29 of module MCetcdraft>
/\ progressState = ( s1 :> (s1 :> StateReplicate @@ s2 :> StateProbe @@ s3 :> StateProbe) @@
  s2 :> (s1 :> StateProbe @@ s2 :> StateProbe @@ s3 :> StateProbe) @@
  s3 :> (s1 :> StateProbe @@ s2 :> StateProbe @@ s3 :> StateProbe) )
/\ msgSeqCounter = 28
/\ constraintCounters = [ timeout |-> 2,
  request |-> 3,
  restart |-> 1,
  drop |-> 2,
  duplicate |-> 0,
  heartbeat |-> 4,
  stepDown |-> 1,
  snapshot |-> 1,
  compact |-> 1,
  confChange |-> 1,
  reportUnreachable |-> 1,
  partition |-> 0 ]
/\ pendingMessages = <<>>
/\ appliedConfigIndex = (s1 :> 3 @@ s2 :> 3 @@ s3 :> 3)
/\ reconfigCount = 1
/\ votesResponded = (s1 :> {s1, s2, s3} @@ s2 :> {} @@ s3 :> {})
/\ msgAppFlowPaused = ( s1 :> (s1 :> FALSE @@ s2 :> FALSE @@ s3 :> FALSE) @@
  s2 :> (s1 :> FALSE @@ s2 :> FALSE @@ s3 :> FALSE) @@
  s3 :> (s1 :> FALSE @@ s2 :> FALSE @@ s3 :> FALSE) )
/\ state = (s1 :> Leader @@ s2 :> Follower @@ s3 :> Follower)
/\ pendingSnapshot = ( s1 :> (s1 :> 0 @@ s2 :> 0 @@ s3 :> 0) @@
  s2 :> (s1 :> 0 @@ s2 :> 0 @@ s3 :> 0) @@
  s3 :> (s1 :> 0 @@ s2 :> 0 @@ s3 :> 0) )
/\ config = ( s1 :>
      [ learners |-> {},
        jointConfig |-> <<{s1, s2, s3}, {}>>,
        autoLeave |-> FALSE ] @@
  s2 :>
      [ learners |-> {},
        jointConfig |-> <<{s1, s2, s3}, {}>>,
        autoLeave |-> FALSE ] @@
  s3 :>
      [ learners |-> {},
        jointConfig |-> <<{s1, s2, s3}, {}>>,
        autoLeave |-> FALSE ] )
/\ matchIndex = ( s1 :> (s1 :> 9 @@ s2 :> 0 @@ s3 :> 0) @@
  s2 :> (s1 :> 0 @@ s2 :> 0 @@ s3 :> 0) @@
  s3 :> (s1 :> 0 @@ s2 :> 0 @@ s3 :> 0) )
/\ applied = (s1 :> 3 @@ s2 :> 0 @@ s3 :> 3)
/\ votedFor = (s1 :> s1 @@ s2 :> s1 @@ s3 :> s3)
/\ durableState = ( s1 :>
      [ currentTerm |-> 2,
        votedFor |-> s1,
        log |-> 9,
        entries |->
            << [ value |-> [newconf |-> {s1}, learners |-> {}],
                 term |-> 1,
                 type |-> ConfigEntry ],
               [ value |-> [newconf |-> {s1, s2}, learners |-> {}],
                 term |-> 1,
                 type |-> ConfigEntry ],
               [ value |-> [newconf |-> {s1, s2, s3}, learners |-> {}],
                 term |-> 1,
                 type |-> ConfigEntry ],
               [ value |->
                     [ newconf |-> {s3},
                       learners |-> {},
                       enterJoint |-> TRUE,
                       oldconf |-> {s1, s2, s3} ],
                 term |-> 2,
                 type |-> ConfigEntry ],
               [value |-> [val |-> v1], term |-> 2, type |-> ValueEntry],
               [value |-> [val |-> v2], term |-> 2, type |-> ValueEntry],
               [value |-> [val |-> 0], term |-> 2, type |-> ValueEntry],
               [value |-> [val |-> 0], term |-> 2, type |-> ValueEntry],
               [value |-> [val |-> v2], term |-> 2, type |-> ValueEntry] >>,
        snapshotIndex |-> 0,
        snapshotTerm |-> 0,
        commitIndex |-> 9,
        config |->
            [ learners |-> {},
              jointConfig |-> <<{s1, s2}, {}>>,
              autoLeave |-> FALSE ],
        snapshotHistory |-> <<>> ] @@
  s2 :>
      [ currentTerm |-> 2,
        votedFor |-> s1,
        log |-> 6,
        entries |->
            << [ value |-> [newconf |-> {s1}, learners |-> {}],
                 term |-> 1,
                 type |-> ConfigEntry ],
               [ value |-> [newconf |-> {s1, s2}, learners |-> {}],
                 term |-> 1,
                 type |-> ConfigEntry ],
               [ value |-> [newconf |-> {s1, s2, s3}, learners |-> {}],
                 term |-> 1,
                 type |-> ConfigEntry ],
               [ value |->
                     [ newconf |-> {s3},
                       learners |-> {},
                       enterJoint |-> TRUE,
                       oldconf |-> {s1, s2, s3} ],
                 term |-> 2,
                 type |-> ConfigEntry ],
               [value |-> [val |-> v1], term |-> 2, type |-> ValueEntry],
               [value |-> [val |-> v2], term |-> 2, type |-> ValueEntry] >>,
        snapshotIndex |-> 0,
        snapshotTerm |-> 0,
        commitIndex |-> 3,
        config |->
            [ learners |-> {},
              jointConfig |-> <<{s1, s2, s3}, {}>>,
              autoLeave |-> FALSE ],
        snapshotHistory |-> <<>> ] @@
  s3 :>
      [ currentTerm |-> 2,
        votedFor |-> s3,
        log |-> 3,
        entries |->
            << [ value |-> [newconf |-> {s1, s2, s3}, learners |-> {}],
                 term |-> 1,
                 type |-> ConfigEntry ] >>,
        snapshotIndex |-> 2,
        snapshotTerm |-> 1,
        commitIndex |-> 3,
        config |->
            [ learners |-> {},
              jointConfig |-> <<{s1, s2, s3}, {}>>,
              autoLeave |-> FALSE ],
        snapshotHistory |->
            << [ value |-> [newconf |-> {s1}, learners |-> {}],
                 term |-> 1,
                 type |-> ConfigEntry ],
               [ value |-> [newconf |-> {s1, s2}, learners |-> {}],
                 term |-> 1,
                 type |-> ConfigEntry ] >> ] )
/\ historyLog = ( s1 :>
      << [ value |-> [newconf |-> {s1}, learners |-> {}],
           term |-> 1,
           type |-> ConfigEntry ],
         [ value |-> [newconf |-> {s1, s2}, learners |-> {}],
           term |-> 1,
           type |-> ConfigEntry ],
         [ value |-> [newconf |-> {s1, s2, s3}, learners |-> {}],
           term |-> 1,
           type |-> ConfigEntry ],
         [ value |->
               [ newconf |-> {s3},
                 learners |-> {},
                 enterJoint |-> TRUE,
                 oldconf |-> {s1, s2, s3} ],
           term |-> 2,
           type |-> ConfigEntry ],
         [value |-> [val |-> v1], term |-> 2, type |-> ValueEntry],
         [value |-> [val |-> v2], term |-> 2, type |-> ValueEntry],
         [value |-> [val |-> 0], term |-> 2, type |-> ValueEntry],
         [value |-> [val |-> 0], term |-> 2, type |-> ValueEntry],
         [value |-> [val |-> v2], term |-> 2, type |-> ValueEntry] >> @@
  s2 :>
      << [ value |-> [newconf |-> {s1}, learners |-> {}],
           term |-> 1,
           type |-> ConfigEntry ],
         [ value |-> [newconf |-> {s1, s2}, learners |-> {}],
           term |-> 1,
           type |-> ConfigEntry ],
         [ value |-> [newconf |-> {s1, s2, s3}, learners |-> {}],
           term |-> 1,
           type |-> ConfigEntry ],
         [ value |->
               [ newconf |-> {s3},
                 learners |-> {},
                 enterJoint |-> TRUE,
                 oldconf |-> {s1, s2, s3} ],
           term |-> 2,
           type |-> ConfigEntry ],
         [value |-> [val |-> v1], term |-> 2, type |-> ValueEntry],
         [value |-> [val |-> v2], term |-> 2, type |-> ValueEntry] >> @@
  s3 :>
      << [ value |-> [newconf |-> {s1}, learners |-> {}],
           term |-> 1,
           type |-> ConfigEntry ],
         [ value |-> [newconf |-> {s1, s2}, learners |-> {}],
           term |-> 1,
           type |-> ConfigEntry ],
         [ value |-> [newconf |-> {s1, s2, s3}, learners |-> {}],
           term |-> 1,
           type |-> ConfigEntry ] >> )
/\ nextIndex = ( s1 :> (s1 :> 9 @@ s2 :> 9 @@ s3 :> 9) @@
  s2 :> (s1 :> 1 @@ s2 :> 1 @@ s3 :> 1) @@
  s3 :> (s1 :> 1 @@ s2 :> 1 @@ s3 :> 1) )
/\ commitIndex = (s1 :> 9 @@ s2 :> 3 @@ s3 :> 3)
/\ inflights = ( s1 :> (s1 :> {} @@ s2 :> {} @@ s3 :> {}) @@
  s2 :> (s1 :> {} @@ s2 :> {} @@ s3 :> {}) @@
  s3 :> (s1 :> {} @@ s2 :> {} @@ s3 :> {}) )
/\ messages = ( [ mdest |-> s2,
    msource |-> s1,
    mterm |-> 2,
    mtype |-> AppendEntriesRequest,
    mseq |-> 27,
    msubtype |-> "app",
    mprevLogIndex |-> 8,
    mprevLogTerm |-> 2,
    mentries |-> <<>>,
    mcommitIndex |-> 9 ] :>
      1 @@
  [ mdest |-> s1,
    msource |-> s3,
    mterm |-> 2,
    mtype |-> AppendEntriesResponse,
    mseq |-> 26,
    msubtype |-> "app",
    msuccess |-> FALSE,
    mmatchIndex |-> 8,
    mrejectHint |-> 3,
    mlogTerm |-> 1 ] :>
      1 )
/\ currentTerm = (s1 :> 2 @@ s2 :> 2 @@ s3 :> 2)
/\ log = ( s1 :>
      [ offset |-> 1,
        entries |->
            << [ value |-> [newconf |-> {s1}, learners |-> {}],
                 term |-> 1,
                 type |-> ConfigEntry ],
               [ value |-> [newconf |-> {s1, s2}, learners |-> {}],
                 term |-> 1,
                 type |-> ConfigEntry ],
               [ value |-> [newconf |-> {s1, s2, s3}, learners |-> {}],
                 term |-> 1,
                 type |-> ConfigEntry ],
               [ value |->
                     [ newconf |-> {s3},
                       learners |-> {},
                       enterJoint |-> TRUE,
                       oldconf |-> {s1, s2, s3} ],
                 term |-> 2,
                 type |-> ConfigEntry ],
               [value |-> [val |-> v1], term |-> 2, type |-> ValueEntry],
               [value |-> [val |-> v2], term |-> 2, type |-> ValueEntry],
               [value |-> [val |-> 0], term |-> 2, type |-> ValueEntry],
               [value |-> [val |-> 0], term |-> 2, type |-> ValueEntry],
               [value |-> [val |-> v2], term |-> 2, type |-> ValueEntry] >>,
        snapshotIndex |-> 0,
        snapshotTerm |-> 0 ] @@
  s2 :>
      [ offset |-> 1,
        entries |->
            << [ value |-> [newconf |-> {s1}, learners |-> {}],
                 term |-> 1,
                 type |-> ConfigEntry ],
               [ value |-> [newconf |-> {s1, s2}, learners |-> {}],
                 term |-> 1,
                 type |-> ConfigEntry ],
               [ value |-> [newconf |-> {s1, s2, s3}, learners |-> {}],
                 term |-> 1,
                 type |-> ConfigEntry ],
               [ value |->
                     [ newconf |-> {s3},
                       learners |-> {},
                       enterJoint |-> TRUE,
                       oldconf |-> {s1, s2, s3} ],
                 term |-> 2,
                 type |-> ConfigEntry ],
               [value |-> [val |-> v1], term |-> 2, type |-> ValueEntry],
               [value |-> [val |-> v2], term |-> 2, type |-> ValueEntry] >>,
        snapshotIndex |-> 0,
        snapshotTerm |-> 0 ] @@
  s3 :>
      [ offset |-> 3,
        entries |->
            << [ value |-> [newconf |-> {s1, s2, s3}, learners |-> {}],
                 term |-> 1,
                 type |-> ConfigEntry ] >>,
        snapshotIndex |-> 2,
        snapshotTerm |-> 1 ] )
/\ partitions = (s1 :> 0 @@ s2 :> 0 @@ s3 :> 0)
/\ votesGranted = (s1 :> {s1, s2} @@ s2 :> {} @@ s3 :> {})
/\ pendingConfChangeIndex = (s1 :> 0 @@ s2 :> 0 @@ s3 :> 0)

@!@!@ENDMSG 2217 @!@!@
@!@!@STARTMSG 2217:4 @!@!@
78: <MCDynamicConfigActions line 426, col 8 to line 436, col 29 of module MCetcdraft>
/\ progressState = ( s1 :> (s1 :> StateReplicate @@ s2 :> StateProbe @@ s3 :> StateProbe) @@
  s2 :> (s1 :> StateProbe @@ s2 :> StateProbe @@ s3 :> StateProbe) @@
  s3 :> (s1 :> StateProbe @@ s2 :> StateProbe @@ s3 :> StateProbe) )
/\ msgSeqCounter = 28
/\ constraintCounters = [ timeout |-> 2,
  request |-> 3,
  restart |-> 1,
  drop |-> 2,
  duplicate |-> 0,
  heartbeat |-> 4,
  stepDown |-> 1,
  snapshot |-> 1,
  compact |-> 1,
  confChange |-> 1,
  reportUnreachable |-> 1,
  partition |-> 0 ]
/\ pendingMessages = <<>>
/\ appliedConfigIndex = (s1 :> 0 @@ s2 :> 3 @@ s3 :> 3)
/\ reconfigCount = 1
/\ votesResponded = (s1 :> {s1, s2, s3} @@ s2 :> {} @@ s3 :> {})
/\ msgAppFlowPaused = ( s1 :> (s1 :> FALSE @@ s2 :> FALSE @@ s3 :> FALSE) @@
  s2 :> (s1 :> FALSE @@ s2 :> FALSE @@ s3 :> FALSE) @@
  s3 :> (s1 :> FALSE @@ s2 :> FALSE @@ s3 :> FALSE) )
/\ state = (s1 :> Leader @@ s2 :> Follower @@ s3 :> Follower)
/\ pendingSnapshot = ( s1 :> (s1 :> 0 @@ s2 :> 0 @@ s3 :> 0) @@
  s2 :> (s1 :> 0 @@ s2 :> 0 @@ s3 :> 0) @@
  s3 :> (s1 :> 0 @@ s2 :> 0 @@ s3 :> 0) )
/\ config = ( s1 :> [learners |-> {}, jointConfig |-> <<{s3}, {}>>, autoLeave |-> FALSE] @@
  s2 :>
      [ learners |-> {},
        jointConfig |-> <<{s1, s2, s3}, {}>>,
        autoLeave |-> FALSE ] @@
  s3 :>
      [ learners |-> {},
        jointConfig |-> <<{s1, s2, s3}, {}>>,
        autoLeave |-> FALSE ] )
/\ matchIndex = ( s1 :> (s1 :> 9 @@ s2 :> 0 @@ s3 :> 0) @@
  s2 :> (s1 :> 0 @@ s2 :> 0 @@ s3 :> 0) @@
  s3 :> (s1 :> 0 @@ s2 :> 0 @@ s3 :> 0) )
/\ applied = (s1 :> 3 @@ s2 :> 0 @@ s3 :> 3)
/\ votedFor = (s1 :> s1 @@ s2 :> s1 @@ s3 :> s3)
/\ durableState = ( s1 :>
      [ currentTerm |-> 2,
        votedFor |-> s1,
        log |-> 9,
        entries |->
            << [ value |-> [newconf |-> {s1}, learners |-> {}],
                 term |-> 1,
                 type |-> ConfigEntry ],
               [ value |-> [newconf |-> {s1, s2}, learners |-> {}],
                 term |-> 1,
                 type |-> ConfigEntry ],
               [ value |-> [newconf |-> {s1, s2, s3}, learners |-> {}],
                 term |-> 1,
                 type |-> ConfigEntry ],
               [ value |->
                     [ newconf |-> {s3},
                       learners |-> {},
                       enterJoint |-> TRUE,
                       oldconf |-> {s1, s2, s3} ],
                 term |-> 2,
                 type |-> ConfigEntry ],
               [value |-> [val |-> v1], term |-> 2, type |-> ValueEntry],
               [value |-> [val |-> v2], term |-> 2, type |-> ValueEntry],
               [value |-> [val |-> 0], term |-> 2, type |-> ValueEntry],
               [value |-> [val |-> 0], term |-> 2, type |-> ValueEntry],
               [value |-> [val |-> v2], term |-> 2, type |-> ValueEntry] >>,
        snapshotIndex |-> 0,
        snapshotTerm |-> 0,
        commitIndex |-> 9,
        config |->
            [ learners |-> {},
              jointConfig |-> <<{s1, s2}, {}>>,
              autoLeave |-> FALSE ],
        snapshotHistory |-> <<>> ] @@
  s2 :>
      [ currentTerm |-> 2,
        votedFor |-> s1,
        log |-> 6,
        entries |->
            << [ value |-> [newconf |-> {s1}, learners |-> {}],
                 term |-> 1,
                 type |-> ConfigEntry ],
               [ value |-> [newconf |-> {s1, s2}, learners |-> {}],
                 term |-> 1,
                 type |-> ConfigEntry ],
               [ value |-> [newconf |-> {s1, s2, s3}, learners |-> {}],
                 term |-> 1,
                 type |-> ConfigEntry ],
               [ value |->
                     [ newconf |-> {s3},
                       learners |-> {},
                       enterJoint |-> TRUE,
                       oldconf |-> {s1, s2, s3} ],
                 term |-> 2,
                 type |-> ConfigEntry ],
               [value |-> [val |-> v1], term |-> 2, type |-> ValueEntry],
               [value |-> [val |-> v2], term |-> 2, type |-> ValueEntry] >>,
        snapshotIndex |-> 0,
        snapshotTerm |-> 0,
        commitIndex |-> 3,
        config |->
            [ learners |-> {},
              jointConfig |-> <<{s1, s2, s3}, {}>>,
              autoLeave |-> FALSE ],
        snapshotHistory |-> <<>> ] @@
  s3 :>
      [ currentTerm |-> 2,
        votedFor |-> s3,
        log |-> 3,
        entries |->
            << [ value |-> [newconf |-> {s1, s2, s3}, learners |-> {}],
                 term |-> 1,
                 type |-> ConfigEntry ] >>,
        snapshotIndex |-> 2,
        snapshotTerm |-> 1,
        commitIndex |-> 3,
        config |->
            [ learners |-> {},
              jointConfig |-> <<{s1, s2, s3}, {}>>,
              autoLeave |-> FALSE ],
        snapshotHistory |->
            << [ value |-> [newconf |-> {s1}, learners |-> {}],
                 term |-> 1,
                 type |-> ConfigEntry ],
               [ value |-> [newconf |-> {s1, s2}, learners |-> {}],
                 term |-> 1,
                 type |-> ConfigEntry ] >> ] )
/\ historyLog = ( s1 :>
      << [ value |-> [newconf |-> {s1}, learners |-> {}],
           term |-> 1,
           type |-> ConfigEntry ],
         [ value |-> [newconf |-> {s1, s2}, learners |-> {}],
           term |-> 1,
           type |-> ConfigEntry ],
         [ value |-> [newconf |-> {s1, s2, s3}, learners |-> {}],
           term |-> 1,
           type |-> ConfigEntry ],
         [ value |->
               [ newconf |-> {s3},
                 learners |-> {},
                 enterJoint |-> TRUE,
                 oldconf |-> {s1, s2, s3} ],
           term |-> 2,
           type |-> ConfigEntry ],
         [value |-> [val |-> v1], term |-> 2, type |-> ValueEntry],
         [value |-> [val |-> v2], term |-> 2, type |-> ValueEntry],
         [value |-> [val |-> 0], term |-> 2, type |-> ValueEntry],
         [value |-> [val |-> 0], term |-> 2, type |-> ValueEntry],
         [value |-> [val |-> v2], term |-> 2, type |-> ValueEntry] >> @@
  s2 :>
      << [ value |-> [newconf |-> {s1}, learners |-> {}],
           term |-> 1,
           type |-> ConfigEntry ],
         [ value |-> [newconf |-> {s1, s2}, learners |-> {}],
           term |-> 1,
           type |-> ConfigEntry ],
         [ value |-> [newconf |-> {s1, s2, s3}, learners |-> {}],
           term |-> 1,
           type |-> ConfigEntry ],
         [ value |->
               [ newconf |-> {s3},
                 learners |-> {},
                 enterJoint |-> TRUE,
                 oldconf |-> {s1, s2, s3} ],
           term |-> 2,
           type |-> ConfigEntry ],
         [value |-> [val |-> v1], term |-> 2, type |-> ValueEntry],
         [value |-> [val |-> v2], term |-> 2, type |-> ValueEntry] >> @@
  s3 :>
      << [ value |-> [newconf |-> {s1}, learners |-> {}],
           term |-> 1,
           type |-> ConfigEntry ],
         [ value |-> [newconf |-> {s1, s2}, learners |-> {}],
           term |-> 1,
           type |-> ConfigEntry ],
         [ value |-> [newconf |-> {s1, s2, s3}, learners |-> {}],
           term |-> 1,
           type |-> ConfigEntry ] >> )
/\ nextIndex = ( s1 :> (s1 :> 9 @@ s2 :> 9 @@ s3 :> 9) @@
  s2 :> (s1 :> 1 @@ s2 :> 1 @@ s3 :> 1) @@
  s3 :> (s1 :> 1 @@ s2 :> 1 @@ s3 :> 1) )
/\ commitIndex = (s1 :> 9 @@ s2 :> 3 @@ s3 :> 3)
/\ inflights = ( s1 :> (s1 :> {} @@ s2 :> {} @@ s3 :> {}) @@
  s2 :> (s1 :> {} @@ s2 :> {} @@ s3 :> {}) @@
  s3 :> (s1 :> {} @@ s2 :> {} @@ s3 :> {}) )
/\ messages = ( [ mdest |-> s2,
    msource |-> s1,
    mterm |-> 2,
    mtype |-> AppendEntriesRequest,
    mseq |-> 27,
    msubtype |-> "app",
    mprevLogIndex |-> 8,
    mprevLogTerm |-> 2,
    mentries |-> <<>>,
    mcommitIndex |-> 9 ] :>
      1 @@
  [ mdest |-> s1,
    msource |-> s3,
    mterm |-> 2,
    mtype |-> AppendEntriesResponse,
    mseq |-> 26,
    msubtype |-> "app",
    msuccess |-> FALSE,
    mmatchIndex |-> 8,
    mrejectHint |-> 3,
    mlogTerm |-> 1 ] :>
      1 )
/\ currentTerm = (s1 :> 2 @@ s2 :> 2 @@ s3 :> 2)
/\ log = ( s1 :>
      [ offset |-> 1,
        entries |->
            << [ value |-> [newconf |-> {s1}, learners |-> {}],
                 term |-> 1,
                 type |-> ConfigEntry ],
               [ value |-> [newconf |-> {s1, s2}, learners |-> {}],
                 term |-> 1,
                 type |-> ConfigEntry ],
               [ value |-> [newconf |-> {s1, s2, s3}, learners |-> {}],
                 term |-> 1,
                 type |-> ConfigEntry ],
               [ value |->
                     [ newconf |-> {s3},
                       learners |-> {},
                       enterJoint |-> TRUE,
                       oldconf |-> {s1, s2, s3} ],
                 term |-> 2,
                 type |-> ConfigEntry ],
               [value |-> [val |-> v1], term |-> 2, type |-> ValueEntry],
               [value |-> [val |-> v2], term |-> 2, type |-> ValueEntry],
               [value |-> [val |-> 0], term |-> 2, type |-> ValueEntry],
               [value |-> [val |-> 0], term |-> 2, type |-> ValueEntry],
               [value |-> [val |-> v2], term |-> 2, type |-> ValueEntry] >>,
        snapshotIndex |-> 0,
        snapshotTerm |-> 0 ] @@
  s2 :>
      [ offset |-> 1,
        entries |->
            << [ value |-> [newconf |-> {s1}, learners |-> {}],
                 term |-> 1,
                 type |-> ConfigEntry ],
               [ value |-> [newconf |-> {s1, s2}, learners |-> {}],
                 term |-> 1,
                 type |-> ConfigEntry ],
               [ value |-> [newconf |-> {s1, s2, s3}, learners |-> {}],
                 term |-> 1,
                 type |-> ConfigEntry ],
               [ value |->
                     [ newconf |-> {s3},
                       learners |-> {},
                       enterJoint |-> TRUE,
                       oldconf |-> {s1, s2, s3} ],
                 term |-> 2,
                 type |-> ConfigEntry ],
               [value |-> [val |-> v1], term |-> 2, type |-> ValueEntry],
               [value |-> [val |-> v2], term |-> 2, type |-> ValueEntry] >>,
        snapshotIndex |-> 0,
        snapshotTerm |-> 0 ] @@
  s3 :>
      [ offset |-> 3,
        entries |->
            << [ value |-> [newconf |-> {s1, s2, s3}, learners |-> {}],
                 term |-> 1,
                 type |-> ConfigEntry ] >>,
        snapshotIndex |-> 2,
        snapshotTerm |-> 1 ] )
/\ partitions = (s1 :> 0 @@ s2 :> 0 @@ s3 :> 0)
/\ votesGranted = (s1 :> {s1, s2} @@ s2 :> {} @@ s3 :> {})
/\ pendingConfChangeIndex = (s1 :> 0 @@ s2 :> 0 @@ s3 :> 0)

@!@!@ENDMSG 2217 @!@!@
@!@!@STARTMSG 2217:4 @!@!@
79: <MCDynamicConfigActions line 417, col 8 to line 418, col 29 of module MCetcdraft>
/\ progressState = ( s1 :> (s1 :> StateReplicate @@ s2 :> StateProbe @@ s3 :> StateProbe) @@
  s2 :> (s1 :> StateProbe @@ s2 :> StateProbe @@ s3 :> StateProbe) @@
  s3 :> (s1 :> StateProbe @@ s2 :> StateProbe @@ s3 :> StateProbe) )
/\ msgSeqCounter = 28
/\ constraintCounters = [ timeout |-> 2,
  request |-> 3,
  restart |-> 1,
  drop |-> 2,
  duplicate |-> 0,
  heartbeat |-> 4,
  stepDown |-> 1,
  snapshot |-> 1,
  compact |-> 1,
  confChange |-> 1,
  reportUnreachable |-> 1,
  partition |-> 0 ]
/\ pendingMessages = <<>>
/\ appliedConfigIndex = (s1 :> 1 @@ s2 :> 3 @@ s3 :> 3)
/\ reconfigCount = 1
/\ votesResponded = (s1 :> {s1, s2, s3} @@ s2 :> {} @@ s3 :> {})
/\ msgAppFlowPaused = ( s1 :> (s1 :> FALSE @@ s2 :> FALSE @@ s3 :> FALSE) @@
  s2 :> (s1 :> FALSE @@ s2 :> FALSE @@ s3 :> FALSE) @@
  s3 :> (s1 :> FALSE @@ s2 :> FALSE @@ s3 :> FALSE) )
/\ state = (s1 :> Leader @@ s2 :> Follower @@ s3 :> Follower)
/\ pendingSnapshot = ( s1 :> (s1 :> 0 @@ s2 :> 0 @@ s3 :> 0) @@
  s2 :> (s1 :> 0 @@ s2 :> 0 @@ s3 :> 0) @@
  s3 :> (s1 :> 0 @@ s2 :> 0 @@ s3 :> 0) )
/\ config = ( s1 :> [learners |-> {}, jointConfig |-> <<{s1}, {}>>, autoLeave |-> FALSE] @@
  s2 :>
      [ learners |-> {},
        jointConfig |-> <<{s1, s2, s3}, {}>>,
        autoLeave |-> FALSE ] @@
  s3 :>
      [ learners |-> {},
        jointConfig |-> <<{s1, s2, s3}, {}>>,
        autoLeave |-> FALSE ] )
/\ matchIndex = ( s1 :> (s1 :> 9 @@ s2 :> 0 @@ s3 :> 0) @@
  s2 :> (s1 :> 0 @@ s2 :> 0 @@ s3 :> 0) @@
  s3 :> (s1 :> 0 @@ s2 :> 0 @@ s3 :> 0) )
/\ applied = (s1 :> 3 @@ s2 :> 0 @@ s3 :> 3)
/\ votedFor = (s1 :> s1 @@ s2 :> s1 @@ s3 :> s3)
/\ durableState = ( s1 :>
      [ currentTerm |-> 2,
        votedFor |-> s1,
        log |-> 9,
        entries |->
            << [ value |-> [newconf |-> {s1}, learners |-> {}],
                 term |-> 1,
                 type |-> ConfigEntry ],
               [ value |-> [newconf |-> {s1, s2}, learners |-> {}],
                 term |-> 1,
                 type |-> ConfigEntry ],
               [ value |-> [newconf |-> {s1, s2, s3}, learners |-> {}],
                 term |-> 1,
                 type |-> ConfigEntry ],
               [ value |->
                     [ newconf |-> {s3},
                       learners |-> {},
                       enterJoint |-> TRUE,
                       oldconf |-> {s1, s2, s3} ],
                 term |-> 2,
                 type |-> ConfigEntry ],
               [value |-> [val |-> v1], term |-> 2, type |-> ValueEntry],
               [value |-> [val |-> v2], term |-> 2, type |-> ValueEntry],
               [value |-> [val |-> 0], term |-> 2, type |-> ValueEntry],
               [value |-> [val |-> 0], term |-> 2, type |-> ValueEntry],
               [value |-> [val |-> v2], term |-> 2, type |-> ValueEntry] >>,
        snapshotIndex |-> 0,
        snapshotTerm |-> 0,
        commitIndex |-> 9,
        config |->
            [ learners |-> {},
              jointConfig |-> <<{s1, s2}, {}>>,
              autoLeave |-> FALSE ],
        snapshotHistory |-> <<>> ] @@
  s2 :>
      [ currentTerm |-> 2,
        votedFor |-> s1,
        log |-> 6,
        entries |->
            << [ value |-> [newconf |-> {s1}, learners |-> {}],
                 term |-> 1,
                 type |-> ConfigEntry ],
               [ value |-> [newconf |-> {s1, s2}, learners |-> {}],
                 term |-> 1,
                 type |-> ConfigEntry ],
               [ value |-> [newconf |-> {s1, s2, s3}, learners |-> {}],
                 term |-> 1,
                 type |-> ConfigEntry ],
               [ value |->
                     [ newconf |-> {s3},
                       learners |-> {},
                       enterJoint |-> TRUE,
                       oldconf |-> {s1, s2, s3} ],
                 term |-> 2,
                 type |-> ConfigEntry ],
               [value |-> [val |-> v1], term |-> 2, type |-> ValueEntry],
               [value |-> [val |-> v2], term |-> 2, type |-> ValueEntry] >>,
        snapshotIndex |-> 0,
        snapshotTerm |-> 0,
        commitIndex |-> 3,
        config |->
            [ learners |-> {},
              jointConfig |-> <<{s1, s2, s3}, {}>>,
              autoLeave |-> FALSE ],
        snapshotHistory |-> <<>> ] @@
  s3 :>
      [ currentTerm |-> 2,
        votedFor |-> s3,
        log |-> 3,
        entries |->
            << [ value |-> [newconf |-> {s1, s2, s3}, learners |-> {}],
                 term |-> 1,
                 type |-> ConfigEntry ] >>,
        snapshotIndex |-> 2,
        snapshotTerm |-> 1,
        commitIndex |-> 3,
        config |->
            [ learners |-> {},
              jointConfig |-> <<{s1, s2, s3}, {}>>,
              autoLeave |-> FALSE ],
        snapshotHistory |->
            << [ value |-> [newconf |-> {s1}, learners |-> {}],
                 term |-> 1,
                 type |-> ConfigEntry ],
               [ value |-> [newconf |-> {s1, s2}, learners |-> {}],
                 term |-> 1,
                 type |-> ConfigEntry ] >> ] )
/\ historyLog = ( s1 :>
      << [ value |-> [newconf |-> {s1}, learners |-> {}],
           term |-> 1,
           type |-> ConfigEntry ],
         [ value |-> [newconf |-> {s1, s2}, learners |-> {}],
           term |-> 1,
           type |-> ConfigEntry ],
         [ value |-> [newconf |-> {s1, s2, s3}, learners |-> {}],
           term |-> 1,
           type |-> ConfigEntry ],
         [ value |->
               [ newconf |-> {s3},
                 learners |-> {},
                 enterJoint |-> TRUE,
                 oldconf |-> {s1, s2, s3} ],
           term |-> 2,
           type |-> ConfigEntry ],
         [value |-> [val |-> v1], term |-> 2, type |-> ValueEntry],
         [value |-> [val |-> v2], term |-> 2, type |-> ValueEntry],
         [value |-> [val |-> 0], term |-> 2, type |-> ValueEntry],
         [value |-> [val |-> 0], term |-> 2, type |-> ValueEntry],
         [value |-> [val |-> v2], term |-> 2, type |-> ValueEntry] >> @@
  s2 :>
      << [ value |-> [newconf |-> {s1}, learners |-> {}],
           term |-> 1,
           type |-> ConfigEntry ],
         [ value |-> [newconf |-> {s1, s2}, learners |-> {}],
           term |-> 1,
           type |-> ConfigEntry ],
         [ value |-> [newconf |-> {s1, s2, s3}, learners |-> {}],
           term |-> 1,
           type |-> ConfigEntry ],
         [ value |->
               [ newconf |-> {s3},
                 learners |-> {},
                 enterJoint |-> TRUE,
                 oldconf |-> {s1, s2, s3} ],
           term |-> 2,
           type |-> ConfigEntry ],
         [value |-> [val |-> v1], term |-> 2, type |-> ValueEntry],
         [value |-> [val |-> v2], term |-> 2, type |-> ValueEntry] >> @@
  s3 :>
      << [ value |-> [newconf |-> {s1}, learners |-> {}],
           term |-> 1,
           type |-> ConfigEntry ],
         [ value |-> [newconf |-> {s1, s2}, learners |-> {}],
           term |-> 1,
           type |-> ConfigEntry ],
         [ value |-> [newconf |-> {s1, s2, s3}, learners |-> {}],
           term |-> 1,
           type |-> ConfigEntry ] >> )
/\ nextIndex = ( s1 :> (s1 :> 9 @@ s2 :> 9 @@ s3 :> 9) @@
  s2 :> (s1 :> 1 @@ s2 :> 1 @@ s3 :> 1) @@
  s3 :> (s1 :> 1 @@ s2 :> 1 @@ s3 :> 1) )
/\ commitIndex = (s1 :> 9 @@ s2 :> 3 @@ s3 :> 3)
/\ inflights = ( s1 :> (s1 :> {} @@ s2 :> {} @@ s3 :> {}) @@
  s2 :> (s1 :> {} @@ s2 :> {} @@ s3 :> {}) @@
  s3 :> (s1 :> {} @@ s2 :> {} @@ s3 :> {}) )
/\ messages = ( [ mdest |-> s2,
    msource |-> s1,
    mterm |-> 2,
    mtype |-> AppendEntriesRequest,
    mseq |-> 27,
    msubtype |-> "app",
    mprevLogIndex |-> 8,
    mprevLogTerm |-> 2,
    mentries |-> <<>>,
    mcommitIndex |-> 9 ] :>
      1 @@
  [ mdest |-> s1,
    msource |-> s3,
    mterm |-> 2,
    mtype |-> AppendEntriesResponse,
    mseq |-> 26,
    msubtype |-> "app",
    msuccess |-> FALSE,
    mmatchIndex |-> 8,
    mrejectHint |-> 3,
    mlogTerm |-> 1 ] :>
      1 )
/\ currentTerm = (s1 :> 2 @@ s2 :> 2 @@ s3 :> 2)
/\ log = ( s1 :>
      [ offset |-> 1,
        entries |->
            << [ value |-> [newconf |-> {s1}, learners |-> {}],
                 term |-> 1,
                 type |-> ConfigEntry ],
               [ value |-> [newconf |-> {s1, s2}, learners |-> {}],
                 term |-> 1,
                 type |-> ConfigEntry ],
               [ value |-> [newconf |-> {s1, s2, s3}, learners |-> {}],
                 term |-> 1,
                 type |-> ConfigEntry ],
               [ value |->
                     [ newconf |-> {s3},
                       learners |-> {},
                       enterJoint |-> TRUE,
                       oldconf |-> {s1, s2, s3} ],
                 term |-> 2,
                 type |-> ConfigEntry ],
               [value |-> [val |-> v1], term |-> 2, type |-> ValueEntry],
               [value |-> [val |-> v2], term |-> 2, type |-> ValueEntry],
               [value |-> [val |-> 0], term |-> 2, type |-> ValueEntry],
               [value |-> [val |-> 0], term |-> 2, type |-> ValueEntry],
               [value |-> [val |-> v2], term |-> 2, type |-> ValueEntry] >>,
        snapshotIndex |-> 0,
        snapshotTerm |-> 0 ] @@
  s2 :>
      [ offset |-> 1,
        entries |->
            << [ value |-> [newconf |-> {s1}, learners |-> {}],
                 term |-> 1,
                 type |-> ConfigEntry ],
               [ value |-> [newconf |-> {s1, s2}, learners |-> {}],
                 term |-> 1,
                 type |-> ConfigEntry ],
               [ value |-> [newconf |-> {s1, s2, s3}, learners |-> {}],
                 term |-> 1,
                 type |-> ConfigEntry ],
               [ value |->
                     [ newconf |-> {s3},
                       learners |-> {},
                       enterJoint |-> TRUE,
                       oldconf |-> {s1, s2, s3} ],
                 term |-> 2,
                 type |-> ConfigEntry ],
               [value |-> [val |-> v1], term |-> 2, type |-> ValueEntry],
               [value |-> [val |-> v2], term |-> 2, type |-> ValueEntry] >>,
        snapshotIndex |-> 0,
        snapshotTerm |-> 0 ] @@
  s3 :>
      [ offset |-> 3,
        entries |->
            << [ value |-> [newconf |-> {s1, s2, s3}, learners |-> {}],
                 term |-> 1,
                 type |-> ConfigEntry ] >>,
        snapshotIndex |-> 2,
        snapshotTerm |-> 1 ] )
/\ partitions = (s1 :> 0 @@ s2 :> 0 @@ s3 :> 0)
/\ votesGranted = (s1 :> {s1, s2} @@ s2 :> {} @@ s3 :> {})
/\ pendingConfChangeIndex = (s1 :> 0 @@ s2 :> 0 @@ s3 :> 0)

@!@!@ENDMSG 2217 @!@!@
@!@!@STARTMSG 2217:4 @!@!@
80: <MCNextAsyncWithReady(s1) line 362, col 5 to line 362, col 35 of module MCetcdraft>
/\ progressState = ( s1 :> (s1 :> StateReplicate @@ s2 :> StateProbe @@ s3 :> StateProbe) @@
  s2 :> (s1 :> StateProbe @@ s2 :> StateProbe @@ s3 :> StateProbe) @@
  s3 :> (s1 :> StateProbe @@ s2 :> StateProbe @@ s3 :> StateProbe) )
/\ msgSeqCounter = 29
/\ constraintCounters = [ timeout |-> 2,
  request |-> 3,
  restart |-> 1,
  drop |-> 2,
  duplicate |-> 0,
  heartbeat |-> 4,
  stepDown |-> 1,
  snapshot |-> 1,
  compact |-> 1,
  confChange |-> 1,
  reportUnreachable |-> 1,
  partition |-> 0 ]
/\ pendingMessages = <<>>
/\ appliedConfigIndex = (s1 :> 1 @@ s2 :> 3 @@ s3 :> 3)
/\ reconfigCount = 1
/\ votesResponded = (s1 :> {s1, s2, s3} @@ s2 :> {} @@ s3 :> {})
/\ msgAppFlowPaused = ( s1 :> (s1 :> FALSE @@ s2 :> FALSE @@ s3 :> FALSE) @@
  s2 :> (s1 :> FALSE @@ s2 :> FALSE @@ s3 :> FALSE) @@
  s3 :> (s1 :> FALSE @@ s2 :> FALSE @@ s3 :> FALSE) )
/\ state = (s1 :> Leader @@ s2 :> Follower @@ s3 :> Follower)
/\ pendingSnapshot = ( s1 :> (s1 :> 0 @@ s2 :> 0 @@ s3 :> 0) @@
  s2 :> (s1 :> 0 @@ s2 :> 0 @@ s3 :> 0) @@
  s3 :> (s1 :> 0 @@ s2 :> 0 @@ s3 :> 0) )
/\ config = ( s1 :> [learners |-> {}, jointConfig |-> <<{s1}, {}>>, autoLeave |-> FALSE] @@
  s2 :>
      [ learners |-> {},
        jointConfig |-> <<{s1, s2, s3}, {}>>,
        autoLeave |-> FALSE ] @@
  s3 :>
      [ learners |-> {},
        jointConfig |-> <<{s1, s2, s3}, {}>>,
        autoLeave |-> FALSE ] )
/\ matchIndex = ( s1 :> (s1 :> 9 @@ s2 :> 0 @@ s3 :> 0) @@
  s2 :> (s1 :> 0 @@ s2 :> 0 @@ s3 :> 0) @@
  s3 :> (s1 :> 0 @@ s2 :> 0 @@ s3 :> 0) )
/\ applied = (s1 :> 3 @@ s2 :> 0 @@ s3 :> 3)
/\ votedFor = (s1 :> s1 @@ s2 :> s1 @@ s3 :> s3)
/\ durableState = ( s1 :>
      [ currentTerm |-> 2,
        votedFor |-> s1,
        log |-> 10,
        entries |->
            << [ value |-> [newconf |-> {s1}, learners |-> {}],
                 term |-> 1,
                 type |-> ConfigEntry ],
               [ value |-> [newconf |-> {s1, s2}, learners |-> {}],
                 term |-> 1,
                 type |-> ConfigEntry ],
               [ value |-> [newconf |-> {s1, s2, s3}, learners |-> {}],
                 term |-> 1,
                 type |-> ConfigEntry ],
               [ value |->
                     [ newconf |-> {s3},
                       learners |-> {},
                       enterJoint |-> TRUE,
                       oldconf |-> {s1, s2, s3} ],
                 term |-> 2,
                 type |-> ConfigEntry ],
               [value |-> [val |-> v1], term |-> 2, type |-> ValueEntry],
               [value |-> [val |-> v2], term |-> 2, type |-> ValueEntry],
               [value |-> [val |-> 0], term |-> 2, type |-> ValueEntry],
               [value |-> [val |-> 0], term |-> 2, type |-> ValueEntry],
               [value |-> [val |-> v2], term |-> 2, type |-> ValueEntry],
               [value |-> [val |-> 0], term |-> 2, type |-> ValueEntry] >>,
        snapshotIndex |-> 0,
        snapshotTerm |-> 0,
        commitIndex |-> 9,
        config |->
            [ learners |-> {},
              jointConfig |-> <<{s1}, {}>>,
              autoLeave |-> FALSE ],
        snapshotHistory |-> <<>> ] @@
  s2 :>
      [ currentTerm |-> 2,
        votedFor |-> s1,
        log |-> 6,
        entries |->
            << [ value |-> [newconf |-> {s1}, learners |-> {}],
                 term |-> 1,
                 type |-> ConfigEntry ],
               [ value |-> [newconf |-> {s1, s2}, learners |-> {}],
                 term |-> 1,
                 type |-> ConfigEntry ],
               [ value |-> [newconf |-> {s1, s2, s3}, learners |-> {}],
                 term |-> 1,
                 type |-> ConfigEntry ],
               [ value |->
                     [ newconf |-> {s3},
                       learners |-> {},
                       enterJoint |-> TRUE,
                       oldconf |-> {s1, s2, s3} ],
                 term |-> 2,
                 type |-> ConfigEntry ],
               [value |-> [val |-> v1], term |-> 2, type |-> ValueEntry],
               [value |-> [val |-> v2], term |-> 2, type |-> ValueEntry] >>,
        snapshotIndex |-> 0,
        snapshotTerm |-> 0,
        commitIndex |-> 3,
        config |->
            [ learners |-> {},
              jointConfig |-> <<{s1, s2, s3}, {}>>,
              autoLeave |-> FALSE ],
        snapshotHistory |-> <<>> ] @@
  s3 :>
      [ currentTerm |-> 2,
        votedFor |-> s3,
        log |-> 3,
        entries |->
            << [ value |-> [newconf |-> {s1, s2, s3}, learners |-> {}],
                 term |-> 1,
                 type |-> ConfigEntry ] >>,
        snapshotIndex |-> 2,
        snapshotTerm |-> 1,
        commitIndex |-> 3,
        config |->
            [ learners |-> {},
              jointConfig |-> <<{s1, s2, s3}, {}>>,
              autoLeave |-> FALSE ],
        snapshotHistory |->
            << [ value |-> [newconf |-> {s1}, learners |-> {}],
                 term |-> 1,
                 type |-> ConfigEntry ],
               [ value |-> [newconf |-> {s1, s2}, learners |-> {}],
                 term |-> 1,
                 type |-> ConfigEntry ] >> ] )
/\ historyLog = ( s1 :>
      << [ value |-> [newconf |-> {s1}, learners |-> {}],
           term |-> 1,
           type |-> ConfigEntry ],
         [ value |-> [newconf |-> {s1, s2}, learners |-> {}],
           term |-> 1,
           type |-> ConfigEntry ],
         [ value |-> [newconf |-> {s1, s2, s3}, learners |-> {}],
           term |-> 1,
           type |-> ConfigEntry ],
         [ value |->
               [ newconf |-> {s3},
                 learners |-> {},
                 enterJoint |-> TRUE,
                 oldconf |-> {s1, s2, s3} ],
           term |-> 2,
           type |-> ConfigEntry ],
         [value |-> [val |-> v1], term |-> 2, type |-> ValueEntry],
         [value |-> [val |-> v2], term |-> 2, type |-> ValueEntry],
         [value |-> [val |-> 0], term |-> 2, type |-> ValueEntry],
         [value |-> [val |-> 0], term |-> 2, type |-> ValueEntry],
         [value |-> [val |-> v2], term |-> 2, type |-> ValueEntry],
         [value |-> [val |-> 0], term |-> 2, type |-> ValueEntry] >> @@
  s2 :>
      << [ value |-> [newconf |-> {s1}, learners |-> {}],
           term |-> 1,
           type |-> ConfigEntry ],
         [ value |-> [newconf |-> {s1, s2}, learners |-> {}],
           term |-> 1,
           type |-> ConfigEntry ],
         [ value |-> [newconf |-> {s1, s2, s3}, learners |-> {}],
           term |-> 1,
           type |-> ConfigEntry ],
         [ value |->
               [ newconf |-> {s3},
                 learners |-> {},
                 enterJoint |-> TRUE,
                 oldconf |-> {s1, s2, s3} ],
           term |-> 2,
           type |-> ConfigEntry ],
         [value |-> [val |-> v1], term |-> 2, type |-> ValueEntry],
         [value |-> [val |-> v2], term |-> 2, type |-> ValueEntry] >> @@
  s3 :>
      << [ value |-> [newconf |-> {s1}, learners |-> {}],
           term |-> 1,
           type |-> ConfigEntry ],
         [ value |-> [newconf |-> {s1, s2}, learners |-> {}],
           term |-> 1,
           type |-> ConfigEntry ],
         [ value |-> [newconf |-> {s1, s2, s3}, learners |-> {}],
           term |-> 1,
           type |-> ConfigEntry ] >> )
/\ nextIndex = ( s1 :> (s1 :> 9 @@ s2 :> 9 @@ s3 :> 9) @@
  s2 :> (s1 :> 1 @@ s2 :> 1 @@ s3 :> 1) @@
  s3 :> (s1 :> 1 @@ s2 :> 1 @@ s3 :> 1) )
/\ commitIndex = (s1 :> 9 @@ s2 :> 3 @@ s3 :> 3)
/\ inflights = ( s1 :> (s1 :> {} @@ s2 :> {} @@ s3 :> {}) @@
  s2 :> (s1 :> {} @@ s2 :> {} @@ s3 :> {}) @@
  s3 :> (s1 :> {} @@ s2 :> {} @@ s3 :> {}) )
/\ messages = ( [ mdest |-> s2,
    msource |-> s1,
    mterm |-> 2,
    mtype |-> AppendEntriesRequest,
    mseq |-> 27,
    msubtype |-> "app",
    mprevLogIndex |-> 8,
    mprevLogTerm |-> 2,
    mentries |-> <<>>,
    mcommitIndex |-> 9 ] :>
      1 @@
  [ mdest |-> s1,
    msource |-> s1,
    mterm |-> 2,
    mtype |-> AppendEntriesResponse,
    mseq |-> 28,
    msubtype |-> "app",
    msuccess |-> TRUE,
    mmatchIndex |-> 10,
    mrejectHint |-> 0,
    mlogTerm |-> 0 ] :>
      1 @@
  [ mdest |-> s1,
    msource |-> s3,
    mterm |-> 2,
    mtype |-> AppendEntriesResponse,
    mseq |-> 26,
    msubtype |-> "app",
    msuccess |-> FALSE,
    mmatchIndex |-> 8,
    mrejectHint |-> 3,
    mlogTerm |-> 1 ] :>
      1 )
/\ currentTerm = (s1 :> 2 @@ s2 :> 2 @@ s3 :> 2)
/\ log = ( s1 :>
      [ offset |-> 1,
        entries |->
            << [ value |-> [newconf |-> {s1}, learners |-> {}],
                 term |-> 1,
                 type |-> ConfigEntry ],
               [ value |-> [newconf |-> {s1, s2}, learners |-> {}],
                 term |-> 1,
                 type |-> ConfigEntry ],
               [ value |-> [newconf |-> {s1, s2, s3}, learners |-> {}],
                 term |-> 1,
                 type |-> ConfigEntry ],
               [ value |->
                     [ newconf |-> {s3},
                       learners |-> {},
                       enterJoint |-> TRUE,
                       oldconf |-> {s1, s2, s3} ],
                 term |-> 2,
                 type |-> ConfigEntry ],
               [value |-> [val |-> v1], term |-> 2, type |-> ValueEntry],
               [value |-> [val |-> v2], term |-> 2, type |-> ValueEntry],
               [value |-> [val |-> 0], term |-> 2, type |-> ValueEntry],
               [value |-> [val |-> 0], term |-> 2, type |-> ValueEntry],
               [value |-> [val |-> v2], term |-> 2, type |-> ValueEntry],
               [value |-> [val |-> 0], term |-> 2, type |-> ValueEntry] >>,
        snapshotIndex |-> 0,
        snapshotTerm |-> 0 ] @@
  s2 :>
      [ offset |-> 1,
        entries |->
            << [ value |-> [newconf |-> {s1}, learners |-> {}],
                 term |-> 1,
                 type |-> ConfigEntry ],
               [ value |-> [newconf |-> {s1, s2}, learners |-> {}],
                 term |-> 1,
                 type |-> ConfigEntry ],
               [ value |-> [newconf |-> {s1, s2, s3}, learners |-> {}],
                 term |-> 1,
                 type |-> ConfigEntry ],
               [ value |->
                     [ newconf |-> {s3},
                       learners |-> {},
                       enterJoint |-> TRUE,
                       oldconf |-> {s1, s2, s3} ],
                 term |-> 2,
                 type |-> ConfigEntry ],
               [value |-> [val |-> v1], term |-> 2, type |-> ValueEntry],
               [value |-> [val |-> v2], term |-> 2, type |-> ValueEntry] >>,
        snapshotIndex |-> 0,
        snapshotTerm |-> 0 ] @@
  s3 :>
      [ offset |-> 3,
        entries |->
            << [ value |-> [newconf |-> {s1, s2, s3}, learners |-> {}],
                 term |-> 1,
                 type |-> ConfigEntry ] >>,
        snapshotIndex |-> 2,
        snapshotTerm |-> 1 ] )
/\ partitions = (s1 :> 0 @@ s2 :> 0 @@ s3 :> 0)
/\ votesGranted = (s1 :> {s1, s2} @@ s2 :> {} @@ s3 :> {})
/\ pendingConfChangeIndex = (s1 :> 0 @@ s2 :> 0 @@ s3 :> 0)

@!@!@ENDMSG 2217 @!@!@
@!@!@STARTMSG 2217:4 @!@!@
81: <MCDynamicConfigActions line 426, col 8 to line 436, col 29 of module MCetcdraft>
/\ progressState = ( s1 :> (s1 :> StateReplicate @@ s2 :> StateProbe @@ s3 :> StateProbe) @@
  s2 :> (s1 :> StateProbe @@ s2 :> StateProbe @@ s3 :> StateProbe) @@
  s3 :> (s1 :> StateProbe @@ s2 :> StateProbe @@ s3 :> StateProbe) )
/\ msgSeqCounter = 29
/\ constraintCounters = [ timeout |-> 2,
  request |-> 3,
  restart |-> 1,
  drop |-> 2,
  duplicate |-> 0,
  heartbeat |-> 4,
  stepDown |-> 1,
  snapshot |-> 1,
  compact |-> 1,
  confChange |-> 1,
  reportUnreachable |-> 1,
  partition |-> 0 ]
/\ pendingMessages = <<>>
/\ appliedConfigIndex = (s1 :> 0 @@ s2 :> 3 @@ s3 :> 3)
/\ reconfigCount = 1
/\ votesResponded = (s1 :> {s1, s2, s3} @@ s2 :> {} @@ s3 :> {})
/\ msgAppFlowPaused = ( s1 :> (s1 :> FALSE @@ s2 :> FALSE @@ s3 :> FALSE) @@
  s2 :> (s1 :> FALSE @@ s2 :> FALSE @@ s3 :> FALSE) @@
  s3 :> (s1 :> FALSE @@ s2 :> FALSE @@ s3 :> FALSE) )
/\ state = (s1 :> Leader @@ s2 :> Follower @@ s3 :> Follower)
/\ pendingSnapshot = ( s1 :> (s1 :> 0 @@ s2 :> 0 @@ s3 :> 0) @@
  s2 :> (s1 :> 0 @@ s2 :> 0 @@ s3 :> 0) @@
  s3 :> (s1 :> 0 @@ s2 :> 0 @@ s3 :> 0) )
/\ config = ( s1 :> [learners |-> {}, jointConfig |-> <<{s3}, {}>>, autoLeave |-> FALSE] @@
  s2 :>
      [ learners |-> {},
        jointConfig |-> <<{s1, s2, s3}, {}>>,
        autoLeave |-> FALSE ] @@
  s3 :>
      [ learners |-> {},
        jointConfig |-> <<{s1, s2, s3}, {}>>,
        autoLeave |-> FALSE ] )
/\ matchIndex = ( s1 :> (s1 :> 9 @@ s2 :> 0 @@ s3 :> 0) @@
  s2 :> (s1 :> 0 @@ s2 :> 0 @@ s3 :> 0) @@
  s3 :> (s1 :> 0 @@ s2 :> 0 @@ s3 :> 0) )
/\ applied = (s1 :> 3 @@ s2 :> 0 @@ s3 :> 3)
/\ votedFor = (s1 :> s1 @@ s2 :> s1 @@ s3 :> s3)
/\ durableState = ( s1 :>
      [ currentTerm |-> 2,
        votedFor |-> s1,
        log |-> 10,
        entries |->
            << [ value |-> [newconf |-> {s1}, learners |-> {}],
                 term |-> 1,
                 type |-> ConfigEntry ],
               [ value |-> [newconf |-> {s1, s2}, learners |-> {}],
                 term |-> 1,
                 type |-> ConfigEntry ],
               [ value |-> [newconf |-> {s1, s2, s3}, learners |-> {}],
                 term |-> 1,
                 type |-> ConfigEntry ],
               [ value |->
                     [ newconf |-> {s3},
                       learners |-> {},
                       enterJoint |-> TRUE,
                       oldconf |-> {s1, s2, s3} ],
                 term |-> 2,
                 type |-> ConfigEntry ],
               [value |-> [val |-> v1], term |-> 2, type |-> ValueEntry],
               [value |-> [val |-> v2], term |-> 2, type |-> ValueEntry],
               [value |-> [val |-> 0], term |-> 2, type |-> ValueEntry],
               [value |-> [val |-> 0], term |-> 2, type |-> ValueEntry],
               [value |-> [val |-> v2], term |-> 2, type |-> ValueEntry],
               [value |-> [val |-> 0], term |-> 2, type |-> ValueEntry] >>,
        snapshotIndex |-> 0,
        snapshotTerm |-> 0,
        commitIndex |-> 9,
        config |->
            [ learners |-> {},
              jointConfig |-> <<{s1}, {}>>,
              autoLeave |-> FALSE ],
        snapshotHistory |-> <<>> ] @@
  s2 :>
      [ currentTerm |-> 2,
        votedFor |-> s1,
        log |-> 6,
        entries |->
            << [ value |-> [newconf |-> {s1}, learners |-> {}],
                 term |-> 1,
                 type |-> ConfigEntry ],
               [ value |-> [newconf |-> {s1, s2}, learners |-> {}],
                 term |-> 1,
                 type |-> ConfigEntry ],
               [ value |-> [newconf |-> {s1, s2, s3}, learners |-> {}],
                 term |-> 1,
                 type |-> ConfigEntry ],
               [ value |->
                     [ newconf |-> {s3},
                       learners |-> {},
                       enterJoint |-> TRUE,
                       oldconf |-> {s1, s2, s3} ],
                 term |-> 2,
                 type |-> ConfigEntry ],
               [value |-> [val |-> v1], term |-> 2, type |-> ValueEntry],
               [value |-> [val |-> v2], term |-> 2, type |-> ValueEntry] >>,
        snapshotIndex |-> 0,
        snapshotTerm |-> 0,
        commitIndex |-> 3,
        config |->
            [ learners |-> {},
              jointConfig |-> <<{s1, s2, s3}, {}>>,
              autoLeave |-> FALSE ],
        snapshotHistory |-> <<>> ] @@
  s3 :>
      [ currentTerm |-> 2,
        votedFor |-> s3,
        log |-> 3,
        entries |->
            << [ value |-> [newconf |-> {s1, s2, s3}, learners |-> {}],
                 term |-> 1,
                 type |-> ConfigEntry ] >>,
        snapshotIndex |-> 2,
        snapshotTerm |-> 1,
        commitIndex |-> 3,
        config |->
            [ learners |-> {},
              jointConfig |-> <<{s1, s2, s3}, {}>>,
              autoLeave |-> FALSE ],
        snapshotHistory |->
            << [ value |-> [newconf |-> {s1}, learners |-> {}],
                 term |-> 1,
                 type |-> ConfigEntry ],
               [ value |-> [newconf |-> {s1, s2}, learners |-> {}],
                 term |-> 1,
                 type |-> ConfigEntry ] >> ] )
/\ historyLog = ( s1 :>
      << [ value |-> [newconf |-> {s1}, learners |-> {}],
           term |-> 1,
           type |-> ConfigEntry ],
         [ value |-> [newconf |-> {s1, s2}, learners |-> {}],
           term |-> 1,
           type |-> ConfigEntry ],
         [ value |-> [newconf |-> {s1, s2, s3}, learners |-> {}],
           term |-> 1,
           type |-> ConfigEntry ],
         [ value |->
               [ newconf |-> {s3},
                 learners |-> {},
                 enterJoint |-> TRUE,
                 oldconf |-> {s1, s2, s3} ],
           term |-> 2,
           type |-> ConfigEntry ],
         [value |-> [val |-> v1], term |-> 2, type |-> ValueEntry],
         [value |-> [val |-> v2], term |-> 2, type |-> ValueEntry],
         [value |-> [val |-> 0], term |-> 2, type |-> ValueEntry],
         [value |-> [val |-> 0], term |-> 2, type |-> ValueEntry],
         [value |-> [val |-> v2], term |-> 2, type |-> ValueEntry],
         [value |-> [val |-> 0], term |-> 2, type |-> ValueEntry] >> @@
  s2 :>
      << [ value |-> [newconf |-> {s1}, learners |-> {}],
           term |-> 1,
           type |-> ConfigEntry ],
         [ value |-> [newconf |-> {s1, s2}, learners |-> {}],
           term |-> 1,
           type |-> ConfigEntry ],
         [ value |-> [newconf |-> {s1, s2, s3}, learners |-> {}],
           term |-> 1,
           type |-> ConfigEntry ],
         [ value |->
               [ newconf |-> {s3},
                 learners |-> {},
                 enterJoint |-> TRUE,
                 oldconf |-> {s1, s2, s3} ],
           term |-> 2,
           type |-> ConfigEntry ],
         [value |-> [val |-> v1], term |-> 2, type |-> ValueEntry],
         [value |-> [val |-> v2], term |-> 2, type |-> ValueEntry] >> @@
  s3 :>
      << [ value |-> [newconf |-> {s1}, learners |-> {}],
           term |-> 1,
           type |-> ConfigEntry ],
         [ value |-> [newconf |-> {s1, s2}, learners |-> {}],
           term |-> 1,
           type |-> ConfigEntry ],
         [ value |-> [newconf |-> {s1, s2, s3}, learners |-> {}],
           term |-> 1,
           type |-> ConfigEntry ] >> )
/\ nextIndex = ( s1 :> (s1 :> 9 @@ s2 :> 9 @@ s3 :> 9) @@
  s2 :> (s1 :> 1 @@ s2 :> 1 @@ s3 :> 1) @@
  s3 :> (s1 :> 1 @@ s2 :> 1 @@ s3 :> 1) )
/\ commitIndex = (s1 :> 9 @@ s2 :> 3 @@ s3 :> 3)
/\ inflights = ( s1 :> (s1 :> {} @@ s2 :> {} @@ s3 :> {}) @@
  s2 :> (s1 :> {} @@ s2 :> {} @@ s3 :> {}) @@
  s3 :> (s1 :> {} @@ s2 :> {} @@ s3 :> {}) )
/\ messages = ( [ mdest |-> s2,
    msource |-> s1,
    mterm |-> 2,
    mtype |-> AppendEntriesRequest,
    mseq |-> 27,
    msubtype |-> "app",
    mprevLogIndex |-> 8,
    mprevLogTerm |-> 2,
    mentries |-> <<>>,
    mcommitIndex |-> 9 ] :>
      1 @@
  [ mdest |-> s1,
    msource |-> s1,
    mterm |-> 2,
    mtype |-> AppendEntriesResponse,
    mseq |-> 28,
    msubtype |-> "app",
    msuccess |-> TRUE,
    mmatchIndex |-> 10,
    mrejectHint |-> 0,
    mlogTerm |-> 0 ] :>
      1 @@
  [ mdest |-> s1,
    msource |-> s3,
    mterm |-> 2,
    mtype |-> AppendEntriesResponse,
    mseq |-> 26,
    msubtype |-> "app",
    msuccess |-> FALSE,
    mmatchIndex |-> 8,
    mrejectHint |-> 3,
    mlogTerm |-> 1 ] :>
      1 )
/\ currentTerm = (s1 :> 2 @@ s2 :> 2 @@ s3 :> 2)
/\ log = ( s1 :>
      [ offset |-> 1,
        entries |->
            << [ value |-> [newconf |-> {s1}, learners |-> {}],
                 term |-> 1,
                 type |-> ConfigEntry ],
               [ value |-> [newconf |-> {s1, s2}, learners |-> {}],
                 term |-> 1,
                 type |-> ConfigEntry ],
               [ value |-> [newconf |-> {s1, s2, s3}, learners |-> {}],
                 term |-> 1,
                 type |-> ConfigEntry ],
               [ value |->
                     [ newconf |-> {s3},
                       learners |-> {},
                       enterJoint |-> TRUE,
                       oldconf |-> {s1, s2, s3} ],
                 term |-> 2,
                 type |-> ConfigEntry ],
               [value |-> [val |-> v1], term |-> 2, type |-> ValueEntry],
               [value |-> [val |-> v2], term |-> 2, type |-> ValueEntry],
               [value |-> [val |-> 0], term |-> 2, type |-> ValueEntry],
               [value |-> [val |-> 0], term |-> 2, type |-> ValueEntry],
               [value |-> [val |-> v2], term |-> 2, type |-> ValueEntry],
               [value |-> [val |-> 0], term |-> 2, type |-> ValueEntry] >>,
        snapshotIndex |-> 0,
        snapshotTerm |-> 0 ] @@
  s2 :>
      [ offset |-> 1,
        entries |->
            << [ value |-> [newconf |-> {s1}, learners |-> {}],
                 term |-> 1,
                 type |-> ConfigEntry ],
               [ value |-> [newconf |-> {s1, s2}, learners |-> {}],
                 term |-> 1,
                 type |-> ConfigEntry ],
               [ value |-> [newconf |-> {s1, s2, s3}, learners |-> {}],
                 term |-> 1,
                 type |-> ConfigEntry ],
               [ value |->
                     [ newconf |-> {s3},
                       learners |-> {},
                       enterJoint |-> TRUE,
                       oldconf |-> {s1, s2, s3} ],
                 term |-> 2,
                 type |-> ConfigEntry ],
               [value |-> [val |-> v1], term |-> 2, type |-> ValueEntry],
               [value |-> [val |-> v2], term |-> 2, type |-> ValueEntry] >>,
        snapshotIndex |-> 0,
        snapshotTerm |-> 0 ] @@
  s3 :>
      [ offset |-> 3,
        entries |->
            << [ value |-> [newconf |-> {s1, s2, s3}, learners |-> {}],
                 term |-> 1,
                 type |-> ConfigEntry ] >>,
        snapshotIndex |-> 2,
        snapshotTerm |-> 1 ] )
/\ partitions = (s1 :> 0 @@ s2 :> 0 @@ s3 :> 0)
/\ votesGranted = (s1 :> {s1, s2} @@ s2 :> {} @@ s3 :> {})
/\ pendingConfChangeIndex = (s1 :> 0 @@ s2 :> 0 @@ s3 :> 0)

@!@!@ENDMSG 2217 @!@!@
@!@!@STARTMSG 2217:4 @!@!@
82: <MCNextAsyncWithReady(s2) line 362, col 5 to line 362, col 35 of module MCetcdraft>
/\ progressState = ( s1 :> (s1 :> StateReplicate @@ s2 :> StateProbe @@ s3 :> StateProbe) @@
  s2 :> (s1 :> StateProbe @@ s2 :> StateProbe @@ s3 :> StateProbe) @@
  s3 :> (s1 :> StateProbe @@ s2 :> StateProbe @@ s3 :> StateProbe) )
/\ msgSeqCounter = 30
/\ constraintCounters = [ timeout |-> 2,
  request |-> 3,
  restart |-> 1,
  drop |-> 2,
  duplicate |-> 0,
  heartbeat |-> 4,
  stepDown |-> 1,
  snapshot |-> 1,
  compact |-> 1,
  confChange |-> 1,
  reportUnreachable |-> 1,
  partition |-> 0 ]
/\ pendingMessages = <<>>
/\ appliedConfigIndex = (s1 :> 0 @@ s2 :> 3 @@ s3 :> 3)
/\ reconfigCount = 1
/\ votesResponded = (s1 :> {s1, s2, s3} @@ s2 :> {} @@ s3 :> {})
/\ msgAppFlowPaused = ( s1 :> (s1 :> FALSE @@ s2 :> FALSE @@ s3 :> FALSE) @@
  s2 :> (s1 :> FALSE @@ s2 :> FALSE @@ s3 :> FALSE) @@
  s3 :> (s1 :> FALSE @@ s2 :> FALSE @@ s3 :> FALSE) )
/\ state = (s1 :> Leader @@ s2 :> Follower @@ s3 :> Follower)
/\ pendingSnapshot = ( s1 :> (s1 :> 0 @@ s2 :> 0 @@ s3 :> 0) @@
  s2 :> (s1 :> 0 @@ s2 :> 0 @@ s3 :> 0) @@
  s3 :> (s1 :> 0 @@ s2 :> 0 @@ s3 :> 0) )
/\ config = ( s1 :> [learners |-> {}, jointConfig |-> <<{s3}, {}>>, autoLeave |-> FALSE] @@
  s2 :>
      [ learners |-> {},
        jointConfig |-> <<{s1, s2, s3}, {}>>,
        autoLeave |-> FALSE ] @@
  s3 :>
      [ learners |-> {},
        jointConfig |-> <<{s1, s2, s3}, {}>>,
        autoLeave |-> FALSE ] )
/\ matchIndex = ( s1 :> (s1 :> 9 @@ s2 :> 0 @@ s3 :> 0) @@
  s2 :> (s1 :> 0 @@ s2 :> 0 @@ s3 :> 0) @@
  s3 :> (s1 :> 0 @@ s2 :> 0 @@ s3 :> 0) )
/\ applied = (s1 :> 3 @@ s2 :> 0 @@ s3 :> 3)
/\ votedFor = (s1 :> s1 @@ s2 :> s1 @@ s3 :> s3)
/\ durableState = ( s1 :>
      [ currentTerm |-> 2,
        votedFor |-> s1,
        log |-> 10,
        entries |->
            << [ value |-> [newconf |-> {s1}, learners |-> {}],
                 term |-> 1,
                 type |-> ConfigEntry ],
               [ value |-> [newconf |-> {s1, s2}, learners |-> {}],
                 term |-> 1,
                 type |-> ConfigEntry ],
               [ value |-> [newconf |-> {s1, s2, s3}, learners |-> {}],
                 term |-> 1,
                 type |-> ConfigEntry ],
               [ value |->
                     [ newconf |-> {s3},
                       learners |-> {},
                       enterJoint |-> TRUE,
                       oldconf |-> {s1, s2, s3} ],
                 term |-> 2,
                 type |-> ConfigEntry ],
               [value |-> [val |-> v1], term |-> 2, type |-> ValueEntry],
               [value |-> [val |-> v2], term |-> 2, type |-> ValueEntry],
               [value |-> [val |-> 0], term |-> 2, type |-> ValueEntry],
               [value |-> [val |-> 0], term |-> 2, type |-> ValueEntry],
               [value |-> [val |-> v2], term |-> 2, type |-> ValueEntry],
               [value |-> [val |-> 0], term |-> 2, type |-> ValueEntry] >>,
        snapshotIndex |-> 0,
        snapshotTerm |-> 0,
        commitIndex |-> 9,
        config |->
            [ learners |-> {},
              jointConfig |-> <<{s1}, {}>>,
              autoLeave |-> FALSE ],
        snapshotHistory |-> <<>> ] @@
  s2 :>
      [ currentTerm |-> 2,
        votedFor |-> s1,
        log |-> 6,
        entries |->
            << [ value |-> [newconf |-> {s1}, learners |-> {}],
                 term |-> 1,
                 type |-> ConfigEntry ],
               [ value |-> [newconf |-> {s1, s2}, learners |-> {}],
                 term |-> 1,
                 type |-> ConfigEntry ],
               [ value |-> [newconf |-> {s1, s2, s3}, learners |-> {}],
                 term |-> 1,
                 type |-> ConfigEntry ],
               [ value |->
                     [ newconf |-> {s3},
                       learners |-> {},
                       enterJoint |-> TRUE,
                       oldconf |-> {s1, s2, s3} ],
                 term |-> 2,
                 type |-> ConfigEntry ],
               [value |-> [val |-> v1], term |-> 2, type |-> ValueEntry],
               [value |-> [val |-> v2], term |-> 2, type |-> ValueEntry] >>,
        snapshotIndex |-> 0,
        snapshotTerm |-> 0,
        commitIndex |-> 3,
        config |->
            [ learners |-> {},
              jointConfig |-> <<{s1, s2, s3}, {}>>,
              autoLeave |-> FALSE ],
        snapshotHistory |-> <<>> ] @@
  s3 :>
      [ currentTerm |-> 2,
        votedFor |-> s3,
        log |-> 3,
        entries |->
            << [ value |-> [newconf |-> {s1, s2, s3}, learners |-> {}],
                 term |-> 1,
                 type |-> ConfigEntry ] >>,
        snapshotIndex |-> 2,
        snapshotTerm |-> 1,
        commitIndex |-> 3,
        config |->
            [ learners |-> {},
              jointConfig |-> <<{s1, s2, s3}, {}>>,
              autoLeave |-> FALSE ],
        snapshotHistory |->
            << [ value |-> [newconf |-> {s1}, learners |-> {}],
                 term |-> 1,
                 type |-> ConfigEntry ],
               [ value |-> [newconf |-> {s1, s2}, learners |-> {}],
                 term |-> 1,
                 type |-> ConfigEntry ] >> ] )
/\ historyLog = ( s1 :>
      << [ value |-> [newconf |-> {s1}, learners |-> {}],
           term |-> 1,
           type |-> ConfigEntry ],
         [ value |-> [newconf |-> {s1, s2}, learners |-> {}],
           term |-> 1,
           type |-> ConfigEntry ],
         [ value |-> [newconf |-> {s1, s2, s3}, learners |-> {}],
           term |-> 1,
           type |-> ConfigEntry ],
         [ value |->
               [ newconf |-> {s3},
                 learners |-> {},
                 enterJoint |-> TRUE,
                 oldconf |-> {s1, s2, s3} ],
           term |-> 2,
           type |-> ConfigEntry ],
         [value |-> [val |-> v1], term |-> 2, type |-> ValueEntry],
         [value |-> [val |-> v2], term |-> 2, type |-> ValueEntry],
         [value |-> [val |-> 0], term |-> 2, type |-> ValueEntry],
         [value |-> [val |-> 0], term |-> 2, type |-> ValueEntry],
         [value |-> [val |-> v2], term |-> 2, type |-> ValueEntry],
         [value |-> [val |-> 0], term |-> 2, type |-> ValueEntry] >> @@
  s2 :>
      << [ value |-> [newconf |-> {s1}, learners |-> {}],
           term |-> 1,
           type |-> ConfigEntry ],
         [ value |-> [newconf |-> {s1, s2}, learners |-> {}],
           term |-> 1,
           type |-> ConfigEntry ],
         [ value |-> [newconf |-> {s1, s2, s3}, learners |-> {}],
           term |-> 1,
           type |-> ConfigEntry ],
         [ value |->
               [ newconf |-> {s3},
                 learners |-> {},
                 enterJoint |-> TRUE,
                 oldconf |-> {s1, s2, s3} ],
           term |-> 2,
           type |-> ConfigEntry ],
         [value |-> [val |-> v1], term |-> 2, type |-> ValueEntry],
         [value |-> [val |-> v2], term |-> 2, type |-> ValueEntry] >> @@
  s3 :>
      << [ value |-> [newconf |-> {s1}, learners |-> {}],
           term |-> 1,
           type |-> ConfigEntry ],
         [ value |-> [newconf |-> {s1, s2}, learners |-> {}],
           term |-> 1,
           type |-> ConfigEntry ],
         [ value |-> [newconf |-> {s1, s2, s3}, learners |-> {}],
           term |-> 1,
           type |-> ConfigEntry ] >> )
/\ nextIndex = ( s1 :> (s1 :> 9 @@ s2 :> 9 @@ s3 :> 9) @@
  s2 :> (s1 :> 1 @@ s2 :> 1 @@ s3 :> 1) @@
  s3 :> (s1 :> 1 @@ s2 :> 1 @@ s3 :> 1) )
/\ commitIndex = (s1 :> 9 @@ s2 :> 3 @@ s3 :> 3)
/\ inflights = ( s1 :> (s1 :> {} @@ s2 :> {} @@ s3 :> {}) @@
  s2 :> (s1 :> {} @@ s2 :> {} @@ s3 :> {}) @@
  s3 :> (s1 :> {} @@ s2 :> {} @@ s3 :> {}) )
/\ messages = ( [ mdest |-> s1,
    msource |-> s1,
    mterm |-> 2,
    mtype |-> AppendEntriesResponse,
    mseq |-> 28,
    msubtype |-> "app",
    msuccess |-> TRUE,
    mmatchIndex |-> 10,
    mrejectHint |-> 0,
    mlogTerm |-> 0 ] :>
      1 @@
  [ mdest |-> s1,
    msource |-> s2,
    mterm |-> 2,
    mtype |-> AppendEntriesResponse,
    mseq |-> 29,
    msubtype |-> "app",
    msuccess |-> FALSE,
    mmatchIndex |-> 8,
    mrejectHint |-> 6,
    mlogTerm |-> 2 ] :>
      1 @@
  [ mdest |-> s1,
    msource |-> s3,
    mterm |-> 2,
    mtype |-> AppendEntriesResponse,
    mseq |-> 26,
    msubtype |-> "app",
    msuccess |-> FALSE,
    mmatchIndex |-> 8,
    mrejectHint |-> 3,
    mlogTerm |-> 1 ] :>
      1 )
/\ currentTerm = (s1 :> 2 @@ s2 :> 2 @@ s3 :> 2)
/\ log = ( s1 :>
      [ offset |-> 1,
        entries |->
            << [ value |-> [newconf |-> {s1}, learners |-> {}],
                 term |-> 1,
                 type |-> ConfigEntry ],
               [ value |-> [newconf |-> {s1, s2}, learners |-> {}],
                 term |-> 1,
                 type |-> ConfigEntry ],
               [ value |-> [newconf |-> {s1, s2, s3}, learners |-> {}],
                 term |-> 1,
                 type |-> ConfigEntry ],
               [ value |->
                     [ newconf |-> {s3},
                       learners |-> {},
                       enterJoint |-> TRUE,
                       oldconf |-> {s1, s2, s3} ],
                 term |-> 2,
                 type |-> ConfigEntry ],
               [value |-> [val |-> v1], term |-> 2, type |-> ValueEntry],
               [value |-> [val |-> v2], term |-> 2, type |-> ValueEntry],
               [value |-> [val |-> 0], term |-> 2, type |-> ValueEntry],
               [value |-> [val |-> 0], term |-> 2, type |-> ValueEntry],
               [value |-> [val |-> v2], term |-> 2, type |-> ValueEntry],
               [value |-> [val |-> 0], term |-> 2, type |-> ValueEntry] >>,
        snapshotIndex |-> 0,
        snapshotTerm |-> 0 ] @@
  s2 :>
      [ offset |-> 1,
        entries |->
            << [ value |-> [newconf |-> {s1}, learners |-> {}],
                 term |-> 1,
                 type |-> ConfigEntry ],
               [ value |-> [newconf |-> {s1, s2}, learners |-> {}],
                 term |-> 1,
                 type |-> ConfigEntry ],
               [ value |-> [newconf |-> {s1, s2, s3}, learners |-> {}],
                 term |-> 1,
                 type |-> ConfigEntry ],
               [ value |->
                     [ newconf |-> {s3},
                       learners |-> {},
                       enterJoint |-> TRUE,
                       oldconf |-> {s1, s2, s3} ],
                 term |-> 2,
                 type |-> ConfigEntry ],
               [value |-> [val |-> v1], term |-> 2, type |-> ValueEntry],
               [value |-> [val |-> v2], term |-> 2, type |-> ValueEntry] >>,
        snapshotIndex |-> 0,
        snapshotTerm |-> 0 ] @@
  s3 :>
      [ offset |-> 3,
        entries |->
            << [ value |-> [newconf |-> {s1, s2, s3}, learners |-> {}],
                 term |-> 1,
                 type |-> ConfigEntry ] >>,
        snapshotIndex |-> 2,
        snapshotTerm |-> 1 ] )
/\ partitions = (s1 :> 0 @@ s2 :> 0 @@ s3 :> 0)
/\ votesGranted = (s1 :> {s1, s2} @@ s2 :> {} @@ s3 :> {})
/\ pendingConfChangeIndex = (s1 :> 0 @@ s2 :> 0 @@ s3 :> 0)

@!@!@ENDMSG 2217 @!@!@
@!@!@STARTMSG 2217:4 @!@!@
83: <MCDynamicConfigActions line 417, col 8 to line 418, col 29 of module MCetcdraft>
/\ progressState = ( s1 :> (s1 :> StateReplicate @@ s2 :> StateProbe @@ s3 :> StateProbe) @@
  s2 :> (s1 :> StateProbe @@ s2 :> StateProbe @@ s3 :> StateProbe) @@
  s3 :> (s1 :> StateProbe @@ s2 :> StateProbe @@ s3 :> StateProbe) )
/\ msgSeqCounter = 30
/\ constraintCounters = [ timeout |-> 2,
  request |-> 3,
  restart |-> 1,
  drop |-> 2,
  duplicate |-> 0,
  heartbeat |-> 4,
  stepDown |-> 1,
  snapshot |-> 1,
  compact |-> 1,
  confChange |-> 1,
  reportUnreachable |-> 1,
  partition |-> 0 ]
/\ pendingMessages = <<>>
/\ appliedConfigIndex = (s1 :> 1 @@ s2 :> 3 @@ s3 :> 3)
/\ reconfigCount = 1
/\ votesResponded = (s1 :> {s1, s2, s3} @@ s2 :> {} @@ s3 :> {})
/\ msgAppFlowPaused = ( s1 :> (s1 :> FALSE @@ s2 :> FALSE @@ s3 :> FALSE) @@
  s2 :> (s1 :> FALSE @@ s2 :> FALSE @@ s3 :> FALSE) @@
  s3 :> (s1 :> FALSE @@ s2 :> FALSE @@ s3 :> FALSE) )
/\ state = (s1 :> Leader @@ s2 :> Follower @@ s3 :> Follower)
/\ pendingSnapshot = ( s1 :> (s1 :> 0 @@ s2 :> 0 @@ s3 :> 0) @@
  s2 :> (s1 :> 0 @@ s2 :> 0 @@ s3 :> 0) @@
  s3 :> (s1 :> 0 @@ s2 :> 0 @@ s3 :> 0) )
/\ config = ( s1 :> [learners |-> {}, jointConfig |-> <<{s1}, {}>>, autoLeave |-> FALSE] @@
  s2 :>
      [ learners |-> {},
        jointConfig |-> <<{s1, s2, s3}, {}>>,
        autoLeave |-> FALSE ] @@
  s3 :>
      [ learners |-> {},
        jointConfig |-> <<{s1, s2, s3}, {}>>,
        autoLeave |-> FALSE ] )
/\ matchIndex = ( s1 :> (s1 :> 9 @@ s2 :> 0 @@ s3 :> 0) @@
  s2 :> (s1 :> 0 @@ s2 :> 0 @@ s3 :> 0) @@
  s3 :> (s1 :> 0 @@ s2 :> 0 @@ s3 :> 0) )
/\ applied = (s1 :> 3 @@ s2 :> 0 @@ s3 :> 3)
/\ votedFor = (s1 :> s1 @@ s2 :> s1 @@ s3 :> s3)
/\ durableState = ( s1 :>
      [ currentTerm |-> 2,
        votedFor |-> s1,
        log |-> 10,
        entries |->
            << [ value |-> [newconf |-> {s1}, learners |-> {}],
                 term |-> 1,
                 type |-> ConfigEntry ],
               [ value |-> [newconf |-> {s1, s2}, learners |-> {}],
                 term |-> 1,
                 type |-> ConfigEntry ],
               [ value |-> [newconf |-> {s1, s2, s3}, learners |-> {}],
                 term |-> 1,
                 type |-> ConfigEntry ],
               [ value |->
                     [ newconf |-> {s3},
                       learners |-> {},
                       enterJoint |-> TRUE,
                       oldconf |-> {s1, s2, s3} ],
                 term |-> 2,
                 type |-> ConfigEntry ],
               [value |-> [val |-> v1], term |-> 2, type |-> ValueEntry],
               [value |-> [val |-> v2], term |-> 2, type |-> ValueEntry],
               [value |-> [val |-> 0], term |-> 2, type |-> ValueEntry],
               [value |-> [val |-> 0], term |-> 2, type |-> ValueEntry],
               [value |-> [val |-> v2], term |-> 2, type |-> ValueEntry],
               [value |-> [val |-> 0], term |-> 2, type |-> ValueEntry] >>,
        snapshotIndex |-> 0,
        snapshotTerm |-> 0,
        commitIndex |-> 9,
        config |->
            [ learners |-> {},
              jointConfig |-> <<{s1}, {}>>,
              autoLeave |-> FALSE ],
        snapshotHistory |-> <<>> ] @@
  s2 :>
      [ currentTerm |-> 2,
        votedFor |-> s1,
        log |-> 6,
        entries |->
            << [ value |-> [newconf |-> {s1}, learners |-> {}],
                 term |-> 1,
                 type |-> ConfigEntry ],
               [ value |-> [newconf |-> {s1, s2}, learners |-> {}],
                 term |-> 1,
                 type |-> ConfigEntry ],
               [ value |-> [newconf |-> {s1, s2, s3}, learners |-> {}],
                 term |-> 1,
                 type |-> ConfigEntry ],
               [ value |->
                     [ newconf |-> {s3},
                       learners |-> {},
                       enterJoint |-> TRUE,
                       oldconf |-> {s1, s2, s3} ],
                 term |-> 2,
                 type |-> ConfigEntry ],
               [value |-> [val |-> v1], term |-> 2, type |-> ValueEntry],
               [value |-> [val |-> v2], term |-> 2, type |-> ValueEntry] >>,
        snapshotIndex |-> 0,
        snapshotTerm |-> 0,
        commitIndex |-> 3,
        config |->
            [ learners |-> {},
              jointConfig |-> <<{s1, s2, s3}, {}>>,
              autoLeave |-> FALSE ],
        snapshotHistory |-> <<>> ] @@
  s3 :>
      [ currentTerm |-> 2,
        votedFor |-> s3,
        log |-> 3,
        entries |->
            << [ value |-> [newconf |-> {s1, s2, s3}, learners |-> {}],
                 term |-> 1,
                 type |-> ConfigEntry ] >>,
        snapshotIndex |-> 2,
        snapshotTerm |-> 1,
        commitIndex |-> 3,
        config |->
            [ learners |-> {},
              jointConfig |-> <<{s1, s2, s3}, {}>>,
              autoLeave |-> FALSE ],
        snapshotHistory |->
            << [ value |-> [newconf |-> {s1}, learners |-> {}],
                 term |-> 1,
                 type |-> ConfigEntry ],
               [ value |-> [newconf |-> {s1, s2}, learners |-> {}],
                 term |-> 1,
                 type |-> ConfigEntry ] >> ] )
/\ historyLog = ( s1 :>
      << [ value |-> [newconf |-> {s1}, learners |-> {}],
           term |-> 1,
           type |-> ConfigEntry ],
         [ value |-> [newconf |-> {s1, s2}, learners |-> {}],
           term |-> 1,
           type |-> ConfigEntry ],
         [ value |-> [newconf |-> {s1, s2, s3}, learners |-> {}],
           term |-> 1,
           type |-> ConfigEntry ],
         [ value |->
               [ newconf |-> {s3},
                 learners |-> {},
                 enterJoint |-> TRUE,
                 oldconf |-> {s1, s2, s3} ],
           term |-> 2,
           type |-> ConfigEntry ],
         [value |-> [val |-> v1], term |-> 2, type |-> ValueEntry],
         [value |-> [val |-> v2], term |-> 2, type |-> ValueEntry],
         [value |-> [val |-> 0], term |-> 2, type |-> ValueEntry],
         [value |-> [val |-> 0], term |-> 2, type |-> ValueEntry],
         [value |-> [val |-> v2], term |-> 2, type |-> ValueEntry],
         [value |-> [val |-> 0], term |-> 2, type |-> ValueEntry] >> @@
  s2 :>
      << [ value |-> [newconf |-> {s1}, learners |-> {}],
           term |-> 1,
           type |-> ConfigEntry ],
         [ value |-> [newconf |-> {s1, s2}, learners |-> {}],
           term |-> 1,
           type |-> ConfigEntry ],
         [ value |-> [newconf |-> {s1, s2, s3}, learners |-> {}],
           term |-> 1,
           type |-> ConfigEntry ],
         [ value |->
               [ newconf |-> {s3},
                 learners |-> {},
                 enterJoint |-> TRUE,
                 oldconf |-> {s1, s2, s3} ],
           term |-> 2,
           type |-> ConfigEntry ],
         [value |-> [val |-> v1], term |-> 2, type |-> ValueEntry],
         [value |-> [val |-> v2], term |-> 2, type |-> ValueEntry] >> @@
  s3 :>
      << [ value |-> [newconf |-> {s1}, learners |-> {}],
           term |-> 1,
           type |-> ConfigEntry ],
         [ value |-> [newconf |-> {s1, s2}, learners |-> {}],
           term |-> 1,
           type |-> ConfigEntry ],
         [ value |-> [newconf |-> {s1, s2, s3}, learners |-> {}],
           term |-> 1,
           type |-> ConfigEntry ] >> )
/\ nextIndex = ( s1 :> (s1 :> 10 @@ s2 :> 9 @@ s3 :> 9) @@
  s2 :> (s1 :> 1 @@ s2 :> 1 @@ s3 :> 1) @@
  s3 :> (s1 :> 1 @@ s2 :> 1 @@ s3 :> 1) )
/\ commitIndex = (s1 :> 9 @@ s2 :> 3 @@ s3 :> 3)
/\ inflights = ( s1 :> (s1 :> {} @@ s2 :> {} @@ s3 :> {}) @@
  s2 :> (s1 :> {} @@ s2 :> {} @@ s3 :> {}) @@
  s3 :> (s1 :> {} @@ s2 :> {} @@ s3 :> {}) )
/\ messages = ( [ mdest |-> s1,
    msource |-> s1,
    mterm |-> 2,
    mtype |-> AppendEntriesResponse,
    mseq |-> 28,
    msubtype |-> "app",
    msuccess |-> TRUE,
    mmatchIndex |-> 10,
    mrejectHint |-> 0,
    mlogTerm |-> 0 ] :>
      1 @@
  [ mdest |-> s1,
    msource |-> s2,
    mterm |-> 2,
    mtype |-> AppendEntriesResponse,
    mseq |-> 29,
    msubtype |-> "app",
    msuccess |-> FALSE,
    mmatchIndex |-> 8,
    mrejectHint |-> 6,
    mlogTerm |-> 2 ] :>
      1 @@
  [ mdest |-> s1,
    msource |-> s3,
    mterm |-> 2,
    mtype |-> AppendEntriesResponse,
    mseq |-> 26,
    msubtype |-> "app",
    msuccess |-> FALSE,
    mmatchIndex |-> 8,
    mrejectHint |-> 3,
    mlogTerm |-> 1 ] :>
      1 )
/\ currentTerm = (s1 :> 2 @@ s2 :> 2 @@ s3 :> 2)
/\ log = ( s1 :>
      [ offset |-> 1,
        entries |->
            << [ value |-> [newconf |-> {s1}, learners |-> {}],
                 term |-> 1,
                 type |-> ConfigEntry ],
               [ value |-> [newconf |-> {s1, s2}, learners |-> {}],
                 term |-> 1,
                 type |-> ConfigEntry ],
               [ value |-> [newconf |-> {s1, s2, s3}, learners |-> {}],
                 term |-> 1,
                 type |-> ConfigEntry ],
               [ value |->
                     [ newconf |-> {s3},
                       learners |-> {},
                       enterJoint |-> TRUE,
                       oldconf |-> {s1, s2, s3} ],
                 term |-> 2,
                 type |-> ConfigEntry ],
               [value |-> [val |-> v1], term |-> 2, type |-> ValueEntry],
               [value |-> [val |-> v2], term |-> 2, type |-> ValueEntry],
               [value |-> [val |-> 0], term |-> 2, type |-> ValueEntry],
               [value |-> [val |-> 0], term |-> 2, type |-> ValueEntry],
               [value |-> [val |-> v2], term |-> 2, type |-> ValueEntry],
               [value |-> [val |-> 0], term |-> 2, type |-> ValueEntry] >>,
        snapshotIndex |-> 0,
        snapshotTerm |-> 0 ] @@
  s2 :>
      [ offset |-> 1,
        entries |->
            << [ value |-> [newconf |-> {s1}, learners |-> {}],
                 term |-> 1,
                 type |-> ConfigEntry ],
               [ value |-> [newconf |-> {s1, s2}, learners |-> {}],
                 term |-> 1,
                 type |-> ConfigEntry ],
               [ value |-> [newconf |-> {s1, s2, s3}, learners |-> {}],
                 term |-> 1,
                 type |-> ConfigEntry ],
               [ value |->
                     [ newconf |-> {s3},
                       learners |-> {},
                       enterJoint |-> TRUE,
                       oldconf |-> {s1, s2, s3} ],
                 term |-> 2,
                 type |-> ConfigEntry ],
               [value |-> [val |-> v1], term |-> 2, type |-> ValueEntry],
               [value |-> [val |-> v2], term |-> 2, type |-> ValueEntry] >>,
        snapshotIndex |-> 0,
        snapshotTerm |-> 0 ] @@
  s3 :>
      [ offset |-> 3,
        entries |->
            << [ value |-> [newconf |-> {s1, s2, s3}, learners |-> {}],
                 term |-> 1,
                 type |-> ConfigEntry ] >>,
        snapshotIndex |-> 2,
        snapshotTerm |-> 1 ] )
/\ partitions = (s1 :> 0 @@ s2 :> 0 @@ s3 :> 0)
/\ votesGranted = (s1 :> {s1, s2} @@ s2 :> {} @@ s3 :> {})
/\ pendingConfChangeIndex = (s1 :> 0 @@ s2 :> 0 @@ s3 :> 0)

@!@!@ENDMSG 2217 @!@!@
@!@!@STARTMSG 2217:4 @!@!@
84: <MCNextAsyncWithReady(s1) line 362, col 5 to line 362, col 35 of module MCetcdraft>
/\ progressState = ( s1 :> (s1 :> StateReplicate @@ s2 :> StateProbe @@ s3 :> StateProbe) @@
  s2 :> (s1 :> StateProbe @@ s2 :> StateProbe @@ s3 :> StateProbe) @@
  s3 :> (s1 :> StateProbe @@ s2 :> StateProbe @@ s3 :> StateProbe) )
/\ msgSeqCounter = 30
/\ constraintCounters = [ timeout |-> 2,
  request |-> 3,
  restart |-> 1,
  drop |-> 2,
  duplicate |-> 0,
  heartbeat |-> 4,
  stepDown |-> 1,
  snapshot |-> 1,
  compact |-> 1,
  confChange |-> 1,
  reportUnreachable |-> 1,
  partition |-> 0 ]
/\ pendingMessages = <<>>
/\ appliedConfigIndex = (s1 :> 1 @@ s2 :> 3 @@ s3 :> 3)
/\ reconfigCount = 1
/\ votesResponded = (s1 :> {s1, s2, s3} @@ s2 :> {} @@ s3 :> {})
/\ msgAppFlowPaused = ( s1 :> (s1 :> FALSE @@ s2 :> FALSE @@ s3 :> FALSE) @@
  s2 :> (s1 :> FALSE @@ s2 :> FALSE @@ s3 :> FALSE) @@
  s3 :> (s1 :> FALSE @@ s2 :> FALSE @@ s3 :> FALSE) )
/\ state = (s1 :> Leader @@ s2 :> Follower @@ s3 :> Follower)
/\ pendingSnapshot = ( s1 :> (s1 :> 0 @@ s2 :> 0 @@ s3 :> 0) @@
  s2 :> (s1 :> 0 @@ s2 :> 0 @@ s3 :> 0) @@
  s3 :> (s1 :> 0 @@ s2 :> 0 @@ s3 :> 0) )
/\ config = ( s1 :> [learners |-> {}, jointConfig |-> <<{s1}, {}>>, autoLeave |-> FALSE] @@
  s2 :>
      [ learners |-> {},
        jointConfig |-> <<{s1, s2, s3}, {}>>,
        autoLeave |-> FALSE ] @@
  s3 :>
      [ learners |-> {},
        jointConfig |-> <<{s1, s2, s3}, {}>>,
        autoLeave |-> FALSE ] )
/\ matchIndex = ( s1 :> (s1 :> 10 @@ s2 :> 0 @@ s3 :> 0) @@
  s2 :> (s1 :> 0 @@ s2 :> 0 @@ s3 :> 0) @@
  s3 :> (s1 :> 0 @@ s2 :> 0 @@ s3 :> 0) )
/\ applied = (s1 :> 3 @@ s2 :> 0 @@ s3 :> 3)
/\ votedFor = (s1 :> s1 @@ s2 :> s1 @@ s3 :> s3)
/\ durableState = ( s1 :>
      [ currentTerm |-> 2,
        votedFor |-> s1,
        log |-> 10,
        entries |->
            << [ value |-> [newconf |-> {s1}, learners |-> {}],
                 term |-> 1,
                 type |-> ConfigEntry ],
               [ value |-> [newconf |-> {s1, s2}, learners |-> {}],
                 term |-> 1,
                 type |-> ConfigEntry ],
               [ value |-> [newconf |-> {s1, s2, s3}, learners |-> {}],
                 term |-> 1,
                 type |-> ConfigEntry ],
               [ value |->
                     [ newconf |-> {s3},
                       learners |-> {},
                       enterJoint |-> TRUE,
                       oldconf |-> {s1, s2, s3} ],
                 term |-> 2,
                 type |-> ConfigEntry ],
               [value |-> [val |-> v1], term |-> 2, type |-> ValueEntry],
               [value |-> [val |-> v2], term |-> 2, type |-> ValueEntry],
               [value |-> [val |-> 0], term |-> 2, type |-> ValueEntry],
               [value |-> [val |-> 0], term |-> 2, type |-> ValueEntry],
               [value |-> [val |-> v2], term |-> 2, type |-> ValueEntry],
               [value |-> [val |-> 0], term |-> 2, type |-> ValueEntry] >>,
        snapshotIndex |-> 0,
        snapshotTerm |-> 0,
        commitIndex |-> 9,
        config |->
            [ learners |-> {},
              jointConfig |-> <<{s1}, {}>>,
              autoLeave |-> FALSE ],
        snapshotHistory |-> <<>> ] @@
  s2 :>
      [ currentTerm |-> 2,
        votedFor |-> s1,
        log |-> 6,
        entries |->
            << [ value |-> [newconf |-> {s1}, learners |-> {}],
                 term |-> 1,
                 type |-> ConfigEntry ],
               [ value |-> [newconf |-> {s1, s2}, learners |-> {}],
                 term |-> 1,
                 type |-> ConfigEntry ],
               [ value |-> [newconf |-> {s1, s2, s3}, learners |-> {}],
                 term |-> 1,
                 type |-> ConfigEntry ],
               [ value |->
                     [ newconf |-> {s3},
                       learners |-> {},
                       enterJoint |-> TRUE,
                       oldconf |-> {s1, s2, s3} ],
                 term |-> 2,
                 type |-> ConfigEntry ],
               [value |-> [val |-> v1], term |-> 2, type |-> ValueEntry],
               [value |-> [val |-> v2], term |-> 2, type |-> ValueEntry] >>,
        snapshotIndex |-> 0,
        snapshotTerm |-> 0,
        commitIndex |-> 3,
        config |->
            [ learners |-> {},
              jointConfig |-> <<{s1, s2, s3}, {}>>,
              autoLeave |-> FALSE ],
        snapshotHistory |-> <<>> ] @@
  s3 :>
      [ currentTerm |-> 2,
        votedFor |-> s3,
        log |-> 3,
        entries |->
            << [ value |-> [newconf |-> {s1, s2, s3}, learners |-> {}],
                 term |-> 1,
                 type |-> ConfigEntry ] >>,
        snapshotIndex |-> 2,
        snapshotTerm |-> 1,
        commitIndex |-> 3,
        config |->
            [ learners |-> {},
              jointConfig |-> <<{s1, s2, s3}, {}>>,
              autoLeave |-> FALSE ],
        snapshotHistory |->
            << [ value |-> [newconf |-> {s1}, learners |-> {}],
                 term |-> 1,
                 type |-> ConfigEntry ],
               [ value |-> [newconf |-> {s1, s2}, learners |-> {}],
                 term |-> 1,
                 type |-> ConfigEntry ] >> ] )
/\ historyLog = ( s1 :>
      << [ value |-> [newconf |-> {s1}, learners |-> {}],
           term |-> 1,
           type |-> ConfigEntry ],
         [ value |-> [newconf |-> {s1, s2}, learners |-> {}],
           term |-> 1,
           type |-> ConfigEntry ],
         [ value |-> [newconf |-> {s1, s2, s3}, learners |-> {}],
           term |-> 1,
           type |-> ConfigEntry ],
         [ value |->
               [ newconf |-> {s3},
                 learners |-> {},
                 enterJoint |-> TRUE,
                 oldconf |-> {s1, s2, s3} ],
           term |-> 2,
           type |-> ConfigEntry ],
         [value |-> [val |-> v1], term |-> 2, type |-> ValueEntry],
         [value |-> [val |-> v2], term |-> 2, type |-> ValueEntry],
         [value |-> [val |-> 0], term |-> 2, type |-> ValueEntry],
         [value |-> [val |-> 0], term |-> 2, type |-> ValueEntry],
         [value |-> [val |-> v2], term |-> 2, type |-> ValueEntry],
         [value |-> [val |-> 0], term |-> 2, type |-> ValueEntry] >> @@
  s2 :>
      << [ value |-> [newconf |-> {s1}, learners |-> {}],
           term |-> 1,
           type |-> ConfigEntry ],
         [ value |-> [newconf |-> {s1, s2}, learners |-> {}],
           term |-> 1,
           type |-> ConfigEntry ],
         [ value |-> [newconf |-> {s1, s2, s3}, learners |-> {}],
           term |-> 1,
           type |-> ConfigEntry ],
         [ value |->
               [ newconf |-> {s3},
                 learners |-> {},
                 enterJoint |-> TRUE,
                 oldconf |-> {s1, s2, s3} ],
           term |-> 2,
           type |-> ConfigEntry ],
         [value |-> [val |-> v1], term |-> 2, type |-> ValueEntry],
         [value |-> [val |-> v2], term |-> 2, type |-> ValueEntry] >> @@
  s3 :>
      << [ value |-> [newconf |-> {s1}, learners |-> {}],
           term |-> 1,
           type |-> ConfigEntry ],
         [ value |-> [newconf |-> {s1, s2}, learners |-> {}],
           term |-> 1,
           type |-> ConfigEntry ],
         [ value |-> [newconf |-> {s1, s2, s3}, learners |-> {}],
           term |-> 1,
           type |-> ConfigEntry ] >> )
/\ nextIndex = ( s1 :> (s1 :> 11 @@ s2 :> 9 @@ s3 :> 9) @@
  s2 :> (s1 :> 1 @@ s2 :> 1 @@ s3 :> 1) @@
  s3 :> (s1 :> 1 @@ s2 :> 1 @@ s3 :> 1) )
/\ commitIndex = (s1 :> 9 @@ s2 :> 3 @@ s3 :> 3)
/\ inflights = ( s1 :> (s1 :> {} @@ s2 :> {} @@ s3 :> {}) @@
  s2 :> (s1 :> {} @@ s2 :> {} @@ s3 :> {}) @@
  s3 :> (s1 :> {} @@ s2 :> {} @@ s3 :> {}) )
/\ messages = ( [ mdest |-> s1,
    msource |-> s2,
    mterm |-> 2,
    mtype |-> AppendEntriesResponse,
    mseq |-> 29,
    msubtype |-> "app",
    msuccess |-> FALSE,
    mmatchIndex |-> 8,
    mrejectHint |-> 6,
    mlogTerm |-> 2 ] :>
      1 @@
  [ mdest |-> s1,
    msource |-> s3,
    mterm |-> 2,
    mtype |-> AppendEntriesResponse,
    mseq |-> 26,
    msubtype |-> "app",
    msuccess |-> FALSE,
    mmatchIndex |-> 8,
    mrejectHint |-> 3,
    mlogTerm |-> 1 ] :>
      1 )
/\ currentTerm = (s1 :> 2 @@ s2 :> 2 @@ s3 :> 2)
/\ log = ( s1 :>
      [ offset |-> 1,
        entries |->
            << [ value |-> [newconf |-> {s1}, learners |-> {}],
                 term |-> 1,
                 type |-> ConfigEntry ],
               [ value |-> [newconf |-> {s1, s2}, learners |-> {}],
                 term |-> 1,
                 type |-> ConfigEntry ],
               [ value |-> [newconf |-> {s1, s2, s3}, learners |-> {}],
                 term |-> 1,
                 type |-> ConfigEntry ],
               [ value |->
                     [ newconf |-> {s3},
                       learners |-> {},
                       enterJoint |-> TRUE,
                       oldconf |-> {s1, s2, s3} ],
                 term |-> 2,
                 type |-> ConfigEntry ],
               [value |-> [val |-> v1], term |-> 2, type |-> ValueEntry],
               [value |-> [val |-> v2], term |-> 2, type |-> ValueEntry],
               [value |-> [val |-> 0], term |-> 2, type |-> ValueEntry],
               [value |-> [val |-> 0], term |-> 2, type |-> ValueEntry],
               [value |-> [val |-> v2], term |-> 2, type |-> ValueEntry],
               [value |-> [val |-> 0], term |-> 2, type |-> ValueEntry] >>,
        snapshotIndex |-> 0,
        snapshotTerm |-> 0 ] @@
  s2 :>
      [ offset |-> 1,
        entries |->
            << [ value |-> [newconf |-> {s1}, learners |-> {}],
                 term |-> 1,
                 type |-> ConfigEntry ],
               [ value |-> [newconf |-> {s1, s2}, learners |-> {}],
                 term |-> 1,
                 type |-> ConfigEntry ],
               [ value |-> [newconf |-> {s1, s2, s3}, learners |-> {}],
                 term |-> 1,
                 type |-> ConfigEntry ],
               [ value |->
                     [ newconf |-> {s3},
                       learners |-> {},
                       enterJoint |-> TRUE,
                       oldconf |-> {s1, s2, s3} ],
                 term |-> 2,
                 type |-> ConfigEntry ],
               [value |-> [val |-> v1], term |-> 2, type |-> ValueEntry],
               [value |-> [val |-> v2], term |-> 2, type |-> ValueEntry] >>,
        snapshotIndex |-> 0,
        snapshotTerm |-> 0 ] @@
  s3 :>
      [ offset |-> 3,
        entries |->
            << [ value |-> [newconf |-> {s1, s2, s3}, learners |-> {}],
                 term |-> 1,
                 type |-> ConfigEntry ] >>,
        snapshotIndex |-> 2,
        snapshotTerm |-> 1 ] )
/\ partitions = (s1 :> 0 @@ s2 :> 0 @@ s3 :> 0)
/\ votesGranted = (s1 :> {s1, s2} @@ s2 :> {} @@ s3 :> {})
/\ pendingConfChangeIndex = (s1 :> 0 @@ s2 :> 0 @@ s3 :> 0)

@!@!@ENDMSG 2217 @!@!@
@!@!@STARTMSG 2217:4 @!@!@
85: <MCDynamicConfigActions line 426, col 8 to line 436, col 29 of module MCetcdraft>
/\ progressState = ( s1 :> (s1 :> StateReplicate @@ s2 :> StateProbe @@ s3 :> StateProbe) @@
  s2 :> (s1 :> StateProbe @@ s2 :> StateProbe @@ s3 :> StateProbe) @@
  s3 :> (s1 :> StateProbe @@ s2 :> StateProbe @@ s3 :> StateProbe) )
/\ msgSeqCounter = 30
/\ constraintCounters = [ timeout |-> 2,
  request |-> 3,
  restart |-> 1,
  drop |-> 2,
  duplicate |-> 0,
  heartbeat |-> 4,
  stepDown |-> 1,
  snapshot |-> 1,
  compact |-> 1,
  confChange |-> 1,
  reportUnreachable |-> 1,
  partition |-> 0 ]
/\ pendingMessages = <<>>
/\ appliedConfigIndex = (s1 :> 0 @@ s2 :> 3 @@ s3 :> 3)
/\ reconfigCount = 1
/\ votesResponded = (s1 :> {s1, s2, s3} @@ s2 :> {} @@ s3 :> {})
/\ msgAppFlowPaused = ( s1 :> (s1 :> FALSE @@ s2 :> FALSE @@ s3 :> FALSE) @@
  s2 :> (s1 :> FALSE @@ s2 :> FALSE @@ s3 :> FALSE) @@
  s3 :> (s1 :> FALSE @@ s2 :> FALSE @@ s3 :> FALSE) )
/\ state = (s1 :> Leader @@ s2 :> Follower @@ s3 :> Follower)
/\ pendingSnapshot = ( s1 :> (s1 :> 0 @@ s2 :> 0 @@ s3 :> 0) @@
  s2 :> (s1 :> 0 @@ s2 :> 0 @@ s3 :> 0) @@
  s3 :> (s1 :> 0 @@ s2 :> 0 @@ s3 :> 0) )
/\ config = ( s1 :> [learners |-> {}, jointConfig |-> <<{s3}, {}>>, autoLeave |-> FALSE] @@
  s2 :>
      [ learners |-> {},
        jointConfig |-> <<{s1, s2, s3}, {}>>,
        autoLeave |-> FALSE ] @@
  s3 :>
      [ learners |-> {},
        jointConfig |-> <<{s1, s2, s3}, {}>>,
        autoLeave |-> FALSE ] )
/\ matchIndex = ( s1 :> (s1 :> 10 @@ s2 :> 0 @@ s3 :> 0) @@
  s2 :> (s1 :> 0 @@ s2 :> 0 @@ s3 :> 0) @@
  s3 :> (s1 :> 0 @@ s2 :> 0 @@ s3 :> 0) )
/\ applied = (s1 :> 3 @@ s2 :> 0 @@ s3 :> 3)
/\ votedFor = (s1 :> s1 @@ s2 :> s1 @@ s3 :> s3)
/\ durableState = ( s1 :>
      [ currentTerm |-> 2,
        votedFor |-> s1,
        log |-> 10,
        entries |->
            << [ value |-> [newconf |-> {s1}, learners |-> {}],
                 term |-> 1,
                 type |-> ConfigEntry ],
               [ value |-> [newconf |-> {s1, s2}, learners |-> {}],
                 term |-> 1,
                 type |-> ConfigEntry ],
               [ value |-> [newconf |-> {s1, s2, s3}, learners |-> {}],
                 term |-> 1,
                 type |-> ConfigEntry ],
               [ value |->
                     [ newconf |-> {s3},
                       learners |-> {},
                       enterJoint |-> TRUE,
                       oldconf |-> {s1, s2, s3} ],
                 term |-> 2,
                 type |-> ConfigEntry ],
               [value |-> [val |-> v1], term |-> 2, type |-> ValueEntry],
               [value |-> [val |-> v2], term |-> 2, type |-> ValueEntry],
               [value |-> [val |-> 0], term |-> 2, type |-> ValueEntry],
               [value |-> [val |-> 0], term |-> 2, type |-> ValueEntry],
               [value |-> [val |-> v2], term |-> 2, type |-> ValueEntry],
               [value |-> [val |-> 0], term |-> 2, type |-> ValueEntry] >>,
        snapshotIndex |-> 0,
        snapshotTerm |-> 0,
        commitIndex |-> 9,
        config |->
            [ learners |-> {},
              jointConfig |-> <<{s1}, {}>>,
              autoLeave |-> FALSE ],
        snapshotHistory |-> <<>> ] @@
  s2 :>
      [ currentTerm |-> 2,
        votedFor |-> s1,
        log |-> 6,
        entries |->
            << [ value |-> [newconf |-> {s1}, learners |-> {}],
                 term |-> 1,
                 type |-> ConfigEntry ],
               [ value |-> [newconf |-> {s1, s2}, learners |-> {}],
                 term |-> 1,
                 type |-> ConfigEntry ],
               [ value |-> [newconf |-> {s1, s2, s3}, learners |-> {}],
                 term |-> 1,
                 type |-> ConfigEntry ],
               [ value |->
                     [ newconf |-> {s3},
                       learners |-> {},
                       enterJoint |-> TRUE,
                       oldconf |-> {s1, s2, s3} ],
                 term |-> 2,
                 type |-> ConfigEntry ],
               [value |-> [val |-> v1], term |-> 2, type |-> ValueEntry],
               [value |-> [val |-> v2], term |-> 2, type |-> ValueEntry] >>,
        snapshotIndex |-> 0,
        snapshotTerm |-> 0,
        commitIndex |-> 3,
        config |->
            [ learners |-> {},
              jointConfig |-> <<{s1, s2, s3}, {}>>,
              autoLeave |-> FALSE ],
        snapshotHistory |-> <<>> ] @@
  s3 :>
      [ currentTerm |-> 2,
        votedFor |-> s3,
        log |-> 3,
        entries |->
            << [ value |-> [newconf |-> {s1, s2, s3}, learners |-> {}],
                 term |-> 1,
                 type |-> ConfigEntry ] >>,
        snapshotIndex |-> 2,
        snapshotTerm |-> 1,
        commitIndex |-> 3,
        config |->
            [ learners |-> {},
              jointConfig |-> <<{s1, s2, s3}, {}>>,
              autoLeave |-> FALSE ],
        snapshotHistory |->
            << [ value |-> [newconf |-> {s1}, learners |-> {}],
                 term |-> 1,
                 type |-> ConfigEntry ],
               [ value |-> [newconf |-> {s1, s2}, learners |-> {}],
                 term |-> 1,
                 type |-> ConfigEntry ] >> ] )
/\ historyLog = ( s1 :>
      << [ value |-> [newconf |-> {s1}, learners |-> {}],
           term |-> 1,
           type |-> ConfigEntry ],
         [ value |-> [newconf |-> {s1, s2}, learners |-> {}],
           term |-> 1,
           type |-> ConfigEntry ],
         [ value |-> [newconf |-> {s1, s2, s3}, learners |-> {}],
           term |-> 1,
           type |-> ConfigEntry ],
         [ value |->
               [ newconf |-> {s3},
                 learners |-> {},
                 enterJoint |-> TRUE,
                 oldconf |-> {s1, s2, s3} ],
           term |-> 2,
           type |-> ConfigEntry ],
         [value |-> [val |-> v1], term |-> 2, type |-> ValueEntry],
         [value |-> [val |-> v2], term |-> 2, type |-> ValueEntry],
         [value |-> [val |-> 0], term |-> 2, type |-> ValueEntry],
         [value |-> [val |-> 0], term |-> 2, type |-> ValueEntry],
         [value |-> [val |-> v2], term |-> 2, type |-> ValueEntry],
         [value |-> [val |-> 0], term |-> 2, type |-> ValueEntry] >> @@
  s2 :>
      << [ value |-> [newconf |-> {s1}, learners |-> {}],
           term |-> 1,
           type |-> ConfigEntry ],
         [ value |-> [newconf |-> {s1, s2}, learners |-> {}],
           term |-> 1,
           type |-> ConfigEntry ],
         [ value |-> [newconf |-> {s1, s2, s3}, learners |-> {}],
           term |-> 1,
           type |-> ConfigEntry ],
         [ value |->
               [ newconf |-> {s3},
                 learners |-> {},
                 enterJoint |-> TRUE,
                 oldconf |-> {s1, s2, s3} ],
           term |-> 2,
           type |-> ConfigEntry ],
         [value |-> [val |-> v1], term |-> 2, type |-> ValueEntry],
         [value |-> [val |-> v2], term |-> 2, type |-> ValueEntry] >> @@
  s3 :>
      << [ value |-> [newconf |-> {s1}, learners |-> {}],
           term |-> 1,
           type |-> ConfigEntry ],
         [ value |-> [newconf |-> {s1, s2}, learners |-> {}],
           term |-> 1,
           type |-> ConfigEntry ],
         [ value |-> [newconf |-> {s1, s2, s3}, learners |-> {}],
           term |-> 1,
           type |-> ConfigEntry ] >> )
/\ nextIndex = ( s1 :> (s1 :> 11 @@ s2 :> 9 @@ s3 :> 9) @@
  s2 :> (s1 :> 1 @@ s2 :> 1 @@ s3 :> 1) @@
  s3 :> (s1 :> 1 @@ s2 :> 1 @@ s3 :> 1) )
/\ commitIndex = (s1 :> 9 @@ s2 :> 3 @@ s3 :> 3)
/\ inflights = ( s1 :> (s1 :> {} @@ s2 :> {} @@ s3 :> {}) @@
  s2 :> (s1 :> {} @@ s2 :> {} @@ s3 :> {}) @@
  s3 :> (s1 :> {} @@ s2 :> {} @@ s3 :> {}) )
/\ messages = ( [ mdest |-> s1,
    msource |-> s2,
    mterm |-> 2,
    mtype |-> AppendEntriesResponse,
    mseq |-> 29,
    msubtype |-> "app",
    msuccess |-> FALSE,
    mmatchIndex |-> 8,
    mrejectHint |-> 6,
    mlogTerm |-> 2 ] :>
      1 @@
  [ mdest |-> s1,
    msource |-> s3,
    mterm |-> 2,
    mtype |-> AppendEntriesResponse,
    mseq |-> 26,
    msubtype |-> "app",
    msuccess |-> FALSE,
    mmatchIndex |-> 8,
    mrejectHint |-> 3,
    mlogTerm |-> 1 ] :>
      1 )
/\ currentTerm = (s1 :> 2 @@ s2 :> 2 @@ s3 :> 2)
/\ log = ( s1 :>
      [ offset |-> 1,
        entries |->
            << [ value |-> [newconf |-> {s1}, learners |-> {}],
                 term |-> 1,
                 type |-> ConfigEntry ],
               [ value |-> [newconf |-> {s1, s2}, learners |-> {}],
                 term |-> 1,
                 type |-> ConfigEntry ],
               [ value |-> [newconf |-> {s1, s2, s3}, learners |-> {}],
                 term |-> 1,
                 type |-> ConfigEntry ],
               [ value |->
                     [ newconf |-> {s3},
                       learners |-> {},
                       enterJoint |-> TRUE,
                       oldconf |-> {s1, s2, s3} ],
                 term |-> 2,
                 type |-> ConfigEntry ],
               [value |-> [val |-> v1], term |-> 2, type |-> ValueEntry],
               [value |-> [val |-> v2], term |-> 2, type |-> ValueEntry],
               [value |-> [val |-> 0], term |-> 2, type |-> ValueEntry],
               [value |-> [val |-> 0], term |-> 2, type |-> ValueEntry],
               [value |-> [val |-> v2], term |-> 2, type |-> ValueEntry],
               [value |-> [val |-> 0], term |-> 2, type |-> ValueEntry] >>,
        snapshotIndex |-> 0,
        snapshotTerm |-> 0 ] @@
  s2 :>
      [ offset |-> 1,
        entries |->
            << [ value |-> [newconf |-> {s1}, learners |-> {}],
                 term |-> 1,
                 type |-> ConfigEntry ],
               [ value |-> [newconf |-> {s1, s2}, learners |-> {}],
                 term |-> 1,
                 type |-> ConfigEntry ],
               [ value |-> [newconf |-> {s1, s2, s3}, learners |-> {}],
                 term |-> 1,
                 type |-> ConfigEntry ],
               [ value |->
                     [ newconf |-> {s3},
                       learners |-> {},
                       enterJoint |-> TRUE,
                       oldconf |-> {s1, s2, s3} ],
                 term |-> 2,
                 type |-> ConfigEntry ],
               [value |-> [val |-> v1], term |-> 2, type |-> ValueEntry],
               [value |-> [val |-> v2], term |-> 2, type |-> ValueEntry] >>,
        snapshotIndex |-> 0,
        snapshotTerm |-> 0 ] @@
  s3 :>
      [ offset |-> 3,
        entries |->
            << [ value |-> [newconf |-> {s1, s2, s3}, learners |-> {}],
                 term |-> 1,
                 type |-> ConfigEntry ] >>,
        snapshotIndex |-> 2,
        snapshotTerm |-> 1 ] )
/\ partitions = (s1 :> 0 @@ s2 :> 0 @@ s3 :> 0)
/\ votesGranted = (s1 :> {s1, s2} @@ s2 :> {} @@ s3 :> {})
/\ pendingConfChangeIndex = (s1 :> 0 @@ s2 :> 0 @@ s3 :> 0)

@!@!@ENDMSG 2217 @!@!@
@!@!@STARTMSG 2217:4 @!@!@
86: <MCDynamicConfigActions line 417, col 8 to line 418, col 29 of module MCetcdraft>
/\ progressState = ( s1 :> (s1 :> StateReplicate @@ s2 :> StateProbe @@ s3 :> StateProbe) @@
  s2 :> (s1 :> StateProbe @@ s2 :> StateProbe @@ s3 :> StateProbe) @@
  s3 :> (s1 :> StateProbe @@ s2 :> StateProbe @@ s3 :> StateProbe) )
/\ msgSeqCounter = 30
/\ constraintCounters = [ timeout |-> 2,
  request |-> 3,
  restart |-> 1,
  drop |-> 2,
  duplicate |-> 0,
  heartbeat |-> 4,
  stepDown |-> 1,
  snapshot |-> 1,
  compact |-> 1,
  confChange |-> 1,
  reportUnreachable |-> 1,
  partition |-> 0 ]
/\ pendingMessages = <<>>
/\ appliedConfigIndex = (s1 :> 1 @@ s2 :> 3 @@ s3 :> 3)
/\ reconfigCount = 1
/\ votesResponded = (s1 :> {s1, s2, s3} @@ s2 :> {} @@ s3 :> {})
/\ msgAppFlowPaused = ( s1 :> (s1 :> FALSE @@ s2 :> FALSE @@ s3 :> FALSE) @@
  s2 :> (s1 :> FALSE @@ s2 :> FALSE @@ s3 :> FALSE) @@
  s3 :> (s1 :> FALSE @@ s2 :> FALSE @@ s3 :> FALSE) )
/\ state = (s1 :> Leader @@ s2 :> Follower @@ s3 :> Follower)
/\ pendingSnapshot = ( s1 :> (s1 :> 0 @@ s2 :> 0 @@ s3 :> 0) @@
  s2 :> (s1 :> 0 @@ s2 :> 0 @@ s3 :> 0) @@
  s3 :> (s1 :> 0 @@ s2 :> 0 @@ s3 :> 0) )
/\ config = ( s1 :> [learners |-> {}, jointConfig |-> <<{s1}, {}>>, autoLeave |-> FALSE] @@
  s2 :>
      [ learners |-> {},
        jointConfig |-> <<{s1, s2, s3}, {}>>,
        autoLeave |-> FALSE ] @@
  s3 :>
      [ learners |-> {},
        jointConfig |-> <<{s1, s2, s3}, {}>>,
        autoLeave |-> FALSE ] )
/\ matchIndex = ( s1 :> (s1 :> 10 @@ s2 :> 0 @@ s3 :> 0) @@
  s2 :> (s1 :> 0 @@ s2 :> 0 @@ s3 :> 0) @@
  s3 :> (s1 :> 0 @@ s2 :> 0 @@ s3 :> 0) )
/\ applied = (s1 :> 3 @@ s2 :> 0 @@ s3 :> 3)
/\ votedFor = (s1 :> s1 @@ s2 :> s1 @@ s3 :> s3)
/\ durableState = ( s1 :>
      [ currentTerm |-> 2,
        votedFor |-> s1,
        log |-> 10,
        entries |->
            << [ value |-> [newconf |-> {s1}, learners |-> {}],
                 term |-> 1,
                 type |-> ConfigEntry ],
               [ value |-> [newconf |-> {s1, s2}, learners |-> {}],
                 term |-> 1,
                 type |-> ConfigEntry ],
               [ value |-> [newconf |-> {s1, s2, s3}, learners |-> {}],
                 term |-> 1,
                 type |-> ConfigEntry ],
               [ value |->
                     [ newconf |-> {s3},
                       learners |-> {},
                       enterJoint |-> TRUE,
                       oldconf |-> {s1, s2, s3} ],
                 term |-> 2,
                 type |-> ConfigEntry ],
               [value |-> [val |-> v1], term |-> 2, type |-> ValueEntry],
               [value |-> [val |-> v2], term |-> 2, type |-> ValueEntry],
               [value |-> [val |-> 0], term |-> 2, type |-> ValueEntry],
               [value |-> [val |-> 0], term |-> 2, type |-> ValueEntry],
               [value |-> [val |-> v2], term |-> 2, type |-> ValueEntry],
               [value |-> [val |-> 0], term |-> 2, type |-> ValueEntry] >>,
        snapshotIndex |-> 0,
        snapshotTerm |-> 0,
        commitIndex |-> 9,
        config |->
            [ learners |-> {},
              jointConfig |-> <<{s1}, {}>>,
              autoLeave |-> FALSE ],
        snapshotHistory |-> <<>> ] @@
  s2 :>
      [ currentTerm |-> 2,
        votedFor |-> s1,
        log |-> 6,
        entries |->
            << [ value |-> [newconf |-> {s1}, learners |-> {}],
                 term |-> 1,
                 type |-> ConfigEntry ],
               [ value |-> [newconf |-> {s1, s2}, learners |-> {}],
                 term |-> 1,
                 type |-> ConfigEntry ],
               [ value |-> [newconf |-> {s1, s2, s3}, learners |-> {}],
                 term |-> 1,
                 type |-> ConfigEntry ],
               [ value |->
                     [ newconf |-> {s3},
                       learners |-> {},
                       enterJoint |-> TRUE,
                       oldconf |-> {s1, s2, s3} ],
                 term |-> 2,
                 type |-> ConfigEntry ],
               [value |-> [val |-> v1], term |-> 2, type |-> ValueEntry],
               [value |-> [val |-> v2], term |-> 2, type |-> ValueEntry] >>,
        snapshotIndex |-> 0,
        snapshotTerm |-> 0,
        commitIndex |-> 3,
        config |->
            [ learners |-> {},
              jointConfig |-> <<{s1, s2, s3}, {}>>,
              autoLeave |-> FALSE ],
        snapshotHistory |-> <<>> ] @@
  s3 :>
      [ currentTerm |-> 2,
        votedFor |-> s3,
        log |-> 3,
        entries |->
            << [ value |-> [newconf |-> {s1, s2, s3}, learners |-> {}],
                 term |-> 1,
                 type |-> ConfigEntry ] >>,
        snapshotIndex |-> 2,
        snapshotTerm |-> 1,
        commitIndex |-> 3,
        config |->
            [ learners |-> {},
              jointConfig |-> <<{s1, s2, s3}, {}>>,
              autoLeave |-> FALSE ],
        snapshotHistory |->
            << [ value |-> [newconf |-> {s1}, learners |-> {}],
                 term |-> 1,
                 type |-> ConfigEntry ],
               [ value |-> [newconf |-> {s1, s2}, learners |-> {}],
                 term |-> 1,
                 type |-> ConfigEntry ] >> ] )
/\ historyLog = ( s1 :>
      << [ value |-> [newconf |-> {s1}, learners |-> {}],
           term |-> 1,
           type |-> ConfigEntry ],
         [ value |-> [newconf |-> {s1, s2}, learners |-> {}],
           term |-> 1,
           type |-> ConfigEntry ],
         [ value |-> [newconf |-> {s1, s2, s3}, learners |-> {}],
           term |-> 1,
           type |-> ConfigEntry ],
         [ value |->
               [ newconf |-> {s3},
                 learners |-> {},
                 enterJoint |-> TRUE,
                 oldconf |-> {s1, s2, s3} ],
           term |-> 2,
           type |-> ConfigEntry ],
         [value |-> [val |-> v1], term |-> 2, type |-> ValueEntry],
         [value |-> [val |-> v2], term |-> 2, type |-> ValueEntry],
         [value |-> [val |-> 0], term |-> 2, type |-> ValueEntry],
         [value |-> [val |-> 0], term |-> 2, type |-> ValueEntry],
         [value |-> [val |-> v2], term |-> 2, type |-> ValueEntry],
         [value |-> [val |-> 0], term |-> 2, type |-> ValueEntry] >> @@
  s2 :>
      << [ value |-> [newconf |-> {s1}, learners |-> {}],
           term |-> 1,
           type |-> ConfigEntry ],
         [ value |-> [newconf |-> {s1, s2}, learners |-> {}],
           term |-> 1,
           type |-> ConfigEntry ],
         [ value |-> [newconf |-> {s1, s2, s3}, learners |-> {}],
           term |-> 1,
           type |-> ConfigEntry ],
         [ value |->
               [ newconf |-> {s3},
                 learners |-> {},
                 enterJoint |-> TRUE,
                 oldconf |-> {s1, s2, s3} ],
           term |-> 2,
           type |-> ConfigEntry ],
         [value |-> [val |-> v1], term |-> 2, type |-> ValueEntry],
         [value |-> [val |-> v2], term |-> 2, type |-> ValueEntry] >> @@
  s3 :>
      << [ value |-> [newconf |-> {s1}, learners |-> {}],
           term |-> 1,
           type |-> ConfigEntry ],
         [ value |-> [newconf |-> {s1, s2}, learners |-> {}],
           term |-> 1,
           type |-> ConfigEntry ],
         [ value |-> [newconf |-> {s1, s2, s3}, learners |-> {}],
           term |-> 1,
           type |-> ConfigEntry ] >> )
/\ nextIndex = ( s1 :> (s1 :> 10 @@ s2 :> 9 @@ s3 :> 9) @@
  s2 :> (s1 :> 1 @@ s2 :> 1 @@ s3 :> 1) @@
  s3 :> (s1 :> 1 @@ s2 :> 1 @@ s3 :> 1) )
/\ commitIndex = (s1 :> 9 @@ s2 :> 3 @@ s3 :> 3)
/\ inflights = ( s1 :> (s1 :> {} @@ s2 :> {} @@ s3 :> {}) @@
  s2 :> (s1 :> {} @@ s2 :> {} @@ s3 :> {}) @@
  s3 :> (s1 :> {} @@ s2 :> {} @@ s3 :> {}) )
/\ messages = ( [ mdest |-> s1,
    msource |-> s2,
    mterm |-> 2,
    mtype |-> AppendEntriesResponse,
    mseq |-> 29,
    msubtype |-> "app",
    msuccess |-> FALSE,
    mmatchIndex |-> 8,
    mrejectHint |-> 6,
    mlogTerm |-> 2 ] :>
      1 @@
  [ mdest |-> s1,
    msource |-> s3,
    mterm |-> 2,
    mtype |-> AppendEntriesResponse,
    mseq |-> 26,
    msubtype |-> "app",
    msuccess |-> FALSE,
    mmatchIndex |-> 8,
    mrejectHint |-> 3,
    mlogTerm |-> 1 ] :>
      1 )
/\ currentTerm = (s1 :> 2 @@ s2 :> 2 @@ s3 :> 2)
/\ log = ( s1 :>
      [ offset |-> 1,
        entries |->
            << [ value |-> [newconf |-> {s1}, learners |-> {}],
                 term |-> 1,
                 type |-> ConfigEntry ],
               [ value |-> [newconf |-> {s1, s2}, learners |-> {}],
                 term |-> 1,
                 type |-> ConfigEntry ],
               [ value |-> [newconf |-> {s1, s2, s3}, learners |-> {}],
                 term |-> 1,
                 type |-> ConfigEntry ],
               [ value |->
                     [ newconf |-> {s3},
                       learners |-> {},
                       enterJoint |-> TRUE,
                       oldconf |-> {s1, s2, s3} ],
                 term |-> 2,
                 type |-> ConfigEntry ],
               [value |-> [val |-> v1], term |-> 2, type |-> ValueEntry],
               [value |-> [val |-> v2], term |-> 2, type |-> ValueEntry],
               [value |-> [val |-> 0], term |-> 2, type |-> ValueEntry],
               [value |-> [val |-> 0], term |-> 2, type |-> ValueEntry],
               [value |-> [val |-> v2], term |-> 2, type |-> ValueEntry],
               [value |-> [val |-> 0], term |-> 2, type |-> ValueEntry] >>,
        snapshotIndex |-> 0,
        snapshotTerm |-> 0 ] @@
  s2 :>
      [ offset |-> 1,
        entries |->
            << [ value |-> [newconf |-> {s1}, learners |-> {}],
                 term |-> 1,
                 type |-> ConfigEntry ],
               [ value |-> [newconf |-> {s1, s2}, learners |-> {}],
                 term |-> 1,
                 type |-> ConfigEntry ],
               [ value |-> [newconf |-> {s1, s2, s3}, learners |-> {}],
                 term |-> 1,
                 type |-> ConfigEntry ],
               [ value |->
                     [ newconf |-> {s3},
                       learners |-> {},
                       enterJoint |-> TRUE,
                       oldconf |-> {s1, s2, s3} ],
                 term |-> 2,
                 type |-> ConfigEntry ],
               [value |-> [val |-> v1], term |-> 2, type |-> ValueEntry],
               [value |-> [val |-> v2], term |-> 2, type |-> ValueEntry] >>,
        snapshotIndex |-> 0,
        snapshotTerm |-> 0 ] @@
  s3 :>
      [ offset |-> 3,
        entries |->
            << [ value |-> [newconf |-> {s1, s2, s3}, learners |-> {}],
                 term |-> 1,
                 type |-> ConfigEntry ] >>,
        snapshotIndex |-> 2,
        snapshotTerm |-> 1 ] )
/\ partitions = (s1 :> 0 @@ s2 :> 0 @@ s3 :> 0)
/\ votesGranted = (s1 :> {s1, s2} @@ s2 :> {} @@ s3 :> {})
/\ pendingConfChangeIndex = (s1 :> 0 @@ s2 :> 0 @@ s3 :> 0)

@!@!@ENDMSG 2217 @!@!@
@!@!@STARTMSG 2217:4 @!@!@
87: <MCDynamicConfigActions line 417, col 8 to line 418, col 29 of module MCetcdraft>
/\ progressState = ( s1 :> (s1 :> StateReplicate @@ s2 :> StateProbe @@ s3 :> StateProbe) @@
  s2 :> (s1 :> StateProbe @@ s2 :> StateProbe @@ s3 :> StateProbe) @@
  s3 :> (s1 :> StateProbe @@ s2 :> StateProbe @@ s3 :> StateProbe) )
/\ msgSeqCounter = 30
/\ constraintCounters = [ timeout |-> 2,
  request |-> 3,
  restart |-> 1,
  drop |-> 2,
  duplicate |-> 0,
  heartbeat |-> 4,
  stepDown |-> 1,
  snapshot |-> 1,
  compact |-> 1,
  confChange |-> 1,
  reportUnreachable |-> 1,
  partition |-> 0 ]
/\ pendingMessages = <<>>
/\ appliedConfigIndex = (s1 :> 2 @@ s2 :> 3 @@ s3 :> 3)
/\ reconfigCount = 1
/\ votesResponded = (s1 :> {s1, s2, s3} @@ s2 :> {} @@ s3 :> {})
/\ msgAppFlowPaused = ( s1 :> (s1 :> FALSE @@ s2 :> FALSE @@ s3 :> FALSE) @@
  s2 :> (s1 :> FALSE @@ s2 :> FALSE @@ s3 :> FALSE) @@
  s3 :> (s1 :> FALSE @@ s2 :> FALSE @@ s3 :> FALSE) )
/\ state = (s1 :> Leader @@ s2 :> Follower @@ s3 :> Follower)
/\ pendingSnapshot = ( s1 :> (s1 :> 0 @@ s2 :> 0 @@ s3 :> 0) @@
  s2 :> (s1 :> 0 @@ s2 :> 0 @@ s3 :> 0) @@
  s3 :> (s1 :> 0 @@ s2 :> 0 @@ s3 :> 0) )
/\ config = ( s1 :>
      [ learners |-> {},
        jointConfig |-> <<{s1, s2}, {}>>,
        autoLeave |-> FALSE ] @@
  s2 :>
      [ learners |-> {},
        jointConfig |-> <<{s1, s2, s3}, {}>>,
        autoLeave |-> FALSE ] @@
  s3 :>
      [ learners |-> {},
        jointConfig |-> <<{s1, s2, s3}, {}>>,
        autoLeave |-> FALSE ] )
/\ matchIndex = ( s1 :> (s1 :> 10 @@ s2 :> 0 @@ s3 :> 0) @@
  s2 :> (s1 :> 0 @@ s2 :> 0 @@ s3 :> 0) @@
  s3 :> (s1 :> 0 @@ s2 :> 0 @@ s3 :> 0) )
/\ applied = (s1 :> 3 @@ s2 :> 0 @@ s3 :> 3)
/\ votedFor = (s1 :> s1 @@ s2 :> s1 @@ s3 :> s3)
/\ durableState = ( s1 :>
      [ currentTerm |-> 2,
        votedFor |-> s1,
        log |-> 10,
        entries |->
            << [ value |-> [newconf |-> {s1}, learners |-> {}],
                 term |-> 1,
                 type |-> ConfigEntry ],
               [ value |-> [newconf |-> {s1, s2}, learners |-> {}],
                 term |-> 1,
                 type |-> ConfigEntry ],
               [ value |-> [newconf |-> {s1, s2, s3}, learners |-> {}],
                 term |-> 1,
                 type |-> ConfigEntry ],
               [ value |->
                     [ newconf |-> {s3},
                       learners |-> {},
                       enterJoint |-> TRUE,
                       oldconf |-> {s1, s2, s3} ],
                 term |-> 2,
                 type |-> ConfigEntry ],
               [value |-> [val |-> v1], term |-> 2, type |-> ValueEntry],
               [value |-> [val |-> v2], term |-> 2, type |-> ValueEntry],
               [value |-> [val |-> 0], term |-> 2, type |-> ValueEntry],
               [value |-> [val |-> 0], term |-> 2, type |-> ValueEntry],
               [value |-> [val |-> v2], term |-> 2, type |-> ValueEntry],
               [value |-> [val |-> 0], term |-> 2, type |-> ValueEntry] >>,
        snapshotIndex |-> 0,
        snapshotTerm |-> 0,
        commitIndex |-> 9,
        config |->
            [ learners |-> {},
              jointConfig |-> <<{s1}, {}>>,
              autoLeave |-> FALSE ],
        snapshotHistory |-> <<>> ] @@
  s2 :>
      [ currentTerm |-> 2,
        votedFor |-> s1,
        log |-> 6,
        entries |->
            << [ value |-> [newconf |-> {s1}, learners |-> {}],
                 term |-> 1,
                 type |-> ConfigEntry ],
               [ value |-> [newconf |-> {s1, s2}, learners |-> {}],
                 term |-> 1,
                 type |-> ConfigEntry ],
               [ value |-> [newconf |-> {s1, s2, s3}, learners |-> {}],
                 term |-> 1,
                 type |-> ConfigEntry ],
               [ value |->
                     [ newconf |-> {s3},
                       learners |-> {},
                       enterJoint |-> TRUE,
                       oldconf |-> {s1, s2, s3} ],
                 term |-> 2,
                 type |-> ConfigEntry ],
               [value |-> [val |-> v1], term |-> 2, type |-> ValueEntry],
               [value |-> [val |-> v2], term |-> 2, type |-> ValueEntry] >>,
        snapshotIndex |-> 0,
        snapshotTerm |-> 0,
        commitIndex |-> 3,
        config |->
            [ learners |-> {},
              jointConfig |-> <<{s1, s2, s3}, {}>>,
              autoLeave |-> FALSE ],
        snapshotHistory |-> <<>> ] @@
  s3 :>
      [ currentTerm |-> 2,
        votedFor |-> s3,
        log |-> 3,
        entries |->
            << [ value |-> [newconf |-> {s1, s2, s3}, learners |-> {}],
                 term |-> 1,
                 type |-> ConfigEntry ] >>,
        snapshotIndex |-> 2,
        snapshotTerm |-> 1,
        commitIndex |-> 3,
        config |->
            [ learners |-> {},
              jointConfig |-> <<{s1, s2, s3}, {}>>,
              autoLeave |-> FALSE ],
        snapshotHistory |->
            << [ value |-> [newconf |-> {s1}, learners |-> {}],
                 term |-> 1,
                 type |-> ConfigEntry ],
               [ value |-> [newconf |-> {s1, s2}, learners |-> {}],
                 term |-> 1,
                 type |-> ConfigEntry ] >> ] )
/\ historyLog = ( s1 :>
      << [ value |-> [newconf |-> {s1}, learners |-> {}],
           term |-> 1,
           type |-> ConfigEntry ],
         [ value |-> [newconf |-> {s1, s2}, learners |-> {}],
           term |-> 1,
           type |-> ConfigEntry ],
         [ value |-> [newconf |-> {s1, s2, s3}, learners |-> {}],
           term |-> 1,
           type |-> ConfigEntry ],
         [ value |->
               [ newconf |-> {s3},
                 learners |-> {},
                 enterJoint |-> TRUE,
                 oldconf |-> {s1, s2, s3} ],
           term |-> 2,
           type |-> ConfigEntry ],
         [value |-> [val |-> v1], term |-> 2, type |-> ValueEntry],
         [value |-> [val |-> v2], term |-> 2, type |-> ValueEntry],
         [value |-> [val |-> 0], term |-> 2, type |-> ValueEntry],
         [value |-> [val |-> 0], term |-> 2, type |-> ValueEntry],
         [value |-> [val |-> v2], term |-> 2, type |-> ValueEntry],
         [value |-> [val |-> 0], term |-> 2, type |-> ValueEntry] >> @@
  s2 :>
      << [ value |-> [newconf |-> {s1}, learners |-> {}],
           term |-> 1,
           type |-> ConfigEntry ],
         [ value |-> [newconf |-> {s1, s2}, learners |-> {}],
           term |-> 1,
           type |-> ConfigEntry ],
         [ value |-> [newconf |-> {s1, s2, s3}, learners |-> {}],
           term |-> 1,
           type |-> ConfigEntry ],
         [ value |->
               [ newconf |-> {s3},
                 learners |-> {},
                 enterJoint |-> TRUE,
                 oldconf |-> {s1, s2, s3} ],
           term |-> 2,
           type |-> ConfigEntry ],
         [value |-> [val |-> v1], term |-> 2, type |-> ValueEntry],
         [value |-> [val |-> v2], term |-> 2, type |-> ValueEntry] >> @@
  s3 :>
      << [ value |-> [newconf |-> {s1}, learners |-> {}],
           term |-> 1,
           type |-> ConfigEntry ],
         [ value |-> [newconf |-> {s1, s2}, learners |-> {}],
           term |-> 1,
           type |-> ConfigEntry ],
         [ value |-> [newconf |-> {s1, s2, s3}, learners |-> {}],
           term |-> 1,
           type |-> ConfigEntry ] >> )
/\ nextIndex = ( s1 :> (s1 :> 10 @@ s2 :> 10 @@ s3 :> 9) @@
  s2 :> (s1 :> 1 @@ s2 :> 1 @@ s3 :> 1) @@
  s3 :> (s1 :> 1 @@ s2 :> 1 @@ s3 :> 1) )
/\ commitIndex = (s1 :> 9 @@ s2 :> 3 @@ s3 :> 3)
/\ inflights = ( s1 :> (s1 :> {} @@ s2 :> {} @@ s3 :> {}) @@
  s2 :> (s1 :> {} @@ s2 :> {} @@ s3 :> {}) @@
  s3 :> (s1 :> {} @@ s2 :> {} @@ s3 :> {}) )
/\ messages = ( [ mdest |-> s1,
    msource |-> s2,
    mterm |-> 2,
    mtype |-> AppendEntriesResponse,
    mseq |-> 29,
    msubtype |-> "app",
    msuccess |-> FALSE,
    mmatchIndex |-> 8,
    mrejectHint |-> 6,
    mlogTerm |-> 2 ] :>
      1 @@
  [ mdest |-> s1,
    msource |-> s3,
    mterm |-> 2,
    mtype |-> AppendEntriesResponse,
    mseq |-> 26,
    msubtype |-> "app",
    msuccess |-> FALSE,
    mmatchIndex |-> 8,
    mrejectHint |-> 3,
    mlogTerm |-> 1 ] :>
      1 )
/\ currentTerm = (s1 :> 2 @@ s2 :> 2 @@ s3 :> 2)
/\ log = ( s1 :>
      [ offset |-> 1,
        entries |->
            << [ value |-> [newconf |-> {s1}, learners |-> {}],
                 term |-> 1,
                 type |-> ConfigEntry ],
               [ value |-> [newconf |-> {s1, s2}, learners |-> {}],
                 term |-> 1,
                 type |-> ConfigEntry ],
               [ value |-> [newconf |-> {s1, s2, s3}, learners |-> {}],
                 term |-> 1,
                 type |-> ConfigEntry ],
               [ value |->
                     [ newconf |-> {s3},
                       learners |-> {},
                       enterJoint |-> TRUE,
                       oldconf |-> {s1, s2, s3} ],
                 term |-> 2,
                 type |-> ConfigEntry ],
               [value |-> [val |-> v1], term |-> 2, type |-> ValueEntry],
               [value |-> [val |-> v2], term |-> 2, type |-> ValueEntry],
               [value |-> [val |-> 0], term |-> 2, type |-> ValueEntry],
               [value |-> [val |-> 0], term |-> 2, type |-> ValueEntry],
               [value |-> [val |-> v2], term |-> 2, type |-> ValueEntry],
               [value |-> [val |-> 0], term |-> 2, type |-> ValueEntry] >>,
        snapshotIndex |-> 0,
        snapshotTerm |-> 0 ] @@
  s2 :>
      [ offset |-> 1,
        entries |->
            << [ value |-> [newconf |-> {s1}, learners |-> {}],
                 term |-> 1,
                 type |-> ConfigEntry ],
               [ value |-> [newconf |-> {s1, s2}, learners |-> {}],
                 term |-> 1,
                 type |-> ConfigEntry ],
               [ value |-> [newconf |-> {s1, s2, s3}, learners |-> {}],
                 term |-> 1,
                 type |-> ConfigEntry ],
               [ value |->
                     [ newconf |-> {s3},
                       learners |-> {},
                       enterJoint |-> TRUE,
                       oldconf |-> {s1, s2, s3} ],
                 term |-> 2,
                 type |-> ConfigEntry ],
               [value |-> [val |-> v1], term |-> 2, type |-> ValueEntry],
               [value |-> [val |-> v2], term |-> 2, type |-> ValueEntry] >>,
        snapshotIndex |-> 0,
        snapshotTerm |-> 0 ] @@
  s3 :>
      [ offset |-> 3,
        entries |->
            << [ value |-> [newconf |-> {s1, s2, s3}, learners |-> {}],
                 term |-> 1,
                 type |-> ConfigEntry ] >>,
        snapshotIndex |-> 2,
        snapshotTerm |-> 1 ] )
/\ partitions = (s1 :> 0 @@ s2 :> 0 @@ s3 :> 0)
/\ votesGranted = (s1 :> {s1, s2} @@ s2 :> {} @@ s3 :> {})
/\ pendingConfChangeIndex = (s1 :> 0 @@ s2 :> 0 @@ s3 :> 0)

@!@!@ENDMSG 2217 @!@!@
@!@!@STARTMSG 2217:4 @!@!@
88: <MCNextAsyncWithReady(s1) line 362, col 5 to line 362, col 35 of module MCetcdraft>
/\ progressState = ( s1 :> (s1 :> StateReplicate @@ s2 :> StateProbe @@ s3 :> StateProbe) @@
  s2 :> (s1 :> StateProbe @@ s2 :> StateProbe @@ s3 :> StateProbe) @@
  s3 :> (s1 :> StateProbe @@ s2 :> StateProbe @@ s3 :> StateProbe) )
/\ msgSeqCounter = 30
/\ constraintCounters = [ timeout |-> 2,
  request |-> 4,
  restart |-> 1,
  drop |-> 2,
  duplicate |-> 0,
  heartbeat |-> 4,
  stepDown |-> 1,
  snapshot |-> 1,
  compact |-> 1,
  confChange |-> 1,
  reportUnreachable |-> 1,
  partition |-> 0 ]
/\ pendingMessages = <<>>
/\ appliedConfigIndex = (s1 :> 2 @@ s2 :> 3 @@ s3 :> 3)
/\ reconfigCount = 1
/\ votesResponded = (s1 :> {s1, s2, s3} @@ s2 :> {} @@ s3 :> {})
/\ msgAppFlowPaused = ( s1 :> (s1 :> FALSE @@ s2 :> FALSE @@ s3 :> FALSE) @@
  s2 :> (s1 :> FALSE @@ s2 :> FALSE @@ s3 :> FALSE) @@
  s3 :> (s1 :> FALSE @@ s2 :> FALSE @@ s3 :> FALSE) )
/\ state = (s1 :> Leader @@ s2 :> Follower @@ s3 :> Follower)
/\ pendingSnapshot = ( s1 :> (s1 :> 0 @@ s2 :> 0 @@ s3 :> 0) @@
  s2 :> (s1 :> 0 @@ s2 :> 0 @@ s3 :> 0) @@
  s3 :> (s1 :> 0 @@ s2 :> 0 @@ s3 :> 0) )
/\ config = ( s1 :>
      [ learners |-> {},
        jointConfig |-> <<{s1, s2}, {}>>,
        autoLeave |-> FALSE ] @@
  s2 :>
      [ learners |-> {},
        jointConfig |-> <<{s1, s2, s3}, {}>>,
        autoLeave |-> FALSE ] @@
  s3 :>
      [ learners |-> {},
        jointConfig |-> <<{s1, s2, s3}, {}>>,
        autoLeave |-> FALSE ] )
/\ matchIndex = ( s1 :> (s1 :> 10 @@ s2 :> 0 @@ s3 :> 0) @@
  s2 :> (s1 :> 0 @@ s2 :> 0 @@ s3 :> 0) @@
  s3 :> (s1 :> 0 @@ s2 :> 0 @@ s3 :> 0) )
/\ applied = (s1 :> 3 @@ s2 :> 0 @@ s3 :> 3)
/\ votedFor = (s1 :> s1 @@ s2 :> s1 @@ s3 :> s3)
/\ durableState = ( s1 :>
      [ currentTerm |-> 2,
        votedFor |-> s1,
        log |-> 11,
        entries |->
            << [ value |-> [newconf |-> {s1}, learners |-> {}],
                 term |-> 1,
                 type |-> ConfigEntry ],
               [ value |-> [newconf |-> {s1, s2}, learners |-> {}],
                 term |-> 1,
                 type |-> ConfigEntry ],
               [ value |-> [newconf |-> {s1, s2, s3}, learners |-> {}],
                 term |-> 1,
                 type |-> ConfigEntry ],
               [ value |->
                     [ newconf |-> {s3},
                       learners |-> {},
                       enterJoint |-> TRUE,
                       oldconf |-> {s1, s2, s3} ],
                 term |-> 2,
                 type |-> ConfigEntry ],
               [value |-> [val |-> v1], term |-> 2, type |-> ValueEntry],
               [value |-> [val |-> v2], term |-> 2, type |-> ValueEntry],
               [value |-> [val |-> 0], term |-> 2, type |-> ValueEntry],
               [value |-> [val |-> 0], term |-> 2, type |-> ValueEntry],
               [value |-> [val |-> v2], term |-> 2, type |-> ValueEntry],
               [value |-> [val |-> 0], term |-> 2, type |-> ValueEntry],
               [value |-> [val |-> v2], term |-> 2, type |-> ValueEntry] >>,
        snapshotIndex |-> 0,
        snapshotTerm |-> 0,
        commitIndex |-> 9,
        config |->
            [ learners |-> {},
              jointConfig |-> <<{s1, s2}, {}>>,
              autoLeave |-> FALSE ],
        snapshotHistory |-> <<>> ] @@
  s2 :>
      [ currentTerm |-> 2,
        votedFor |-> s1,
        log |-> 6,
        entries |->
            << [ value |-> [newconf |-> {s1}, learners |-> {}],
                 term |-> 1,
                 type |-> ConfigEntry ],
               [ value |-> [newconf |-> {s1, s2}, learners |-> {}],
                 term |-> 1,
                 type |-> ConfigEntry ],
               [ value |-> [newconf |-> {s1, s2, s3}, learners |-> {}],
                 term |-> 1,
                 type |-> ConfigEntry ],
               [ value |->
                     [ newconf |-> {s3},
                       learners |-> {},
                       enterJoint |-> TRUE,
                       oldconf |-> {s1, s2, s3} ],
                 term |-> 2,
                 type |-> ConfigEntry ],
               [value |-> [val |-> v1], term |-> 2, type |-> ValueEntry],
               [value |-> [val |-> v2], term |-> 2, type |-> ValueEntry] >>,
        snapshotIndex |-> 0,
        snapshotTerm |-> 0,
        commitIndex |-> 3,
        config |->
            [ learners |-> {},
              jointConfig |-> <<{s1, s2, s3}, {}>>,
              autoLeave |-> FALSE ],
        snapshotHistory |-> <<>> ] @@
  s3 :>
      [ currentTerm |-> 2,
        votedFor |-> s3,
        log |-> 3,
        entries |->
            << [ value |-> [newconf |-> {s1, s2, s3}, learners |-> {}],
                 term |-> 1,
                 type |-> ConfigEntry ] >>,
        snapshotIndex |-> 2,
        snapshotTerm |-> 1,
        commitIndex |-> 3,
        config |->
            [ learners |-> {},
              jointConfig |-> <<{s1, s2, s3}, {}>>,
              autoLeave |-> FALSE ],
        snapshotHistory |->
            << [ value |-> [newconf |-> {s1}, learners |-> {}],
                 term |-> 1,
                 type |-> ConfigEntry ],
               [ value |-> [newconf |-> {s1, s2}, learners |-> {}],
                 term |-> 1,
                 type |-> ConfigEntry ] >> ] )
/\ historyLog = ( s1 :>
      << [ value |-> [newconf |-> {s1}, learners |-> {}],
           term |-> 1,
           type |-> ConfigEntry ],
         [ value |-> [newconf |-> {s1, s2}, learners |-> {}],
           term |-> 1,
           type |-> ConfigEntry ],
         [ value |-> [newconf |-> {s1, s2, s3}, learners |-> {}],
           term |-> 1,
           type |-> ConfigEntry ],
         [ value |->
               [ newconf |-> {s3},
                 learners |-> {},
                 enterJoint |-> TRUE,
                 oldconf |-> {s1, s2, s3} ],
           term |-> 2,
           type |-> ConfigEntry ],
         [value |-> [val |-> v1], term |-> 2, type |-> ValueEntry],
         [value |-> [val |-> v2], term |-> 2, type |-> ValueEntry],
         [value |-> [val |-> 0], term |-> 2, type |-> ValueEntry],
         [value |-> [val |-> 0], term |-> 2, type |-> ValueEntry],
         [value |-> [val |-> v2], term |-> 2, type |-> ValueEntry],
         [value |-> [val |-> 0], term |-> 2, type |-> ValueEntry],
         [value |-> [val |-> v2], term |-> 2, type |-> ValueEntry] >> @@
  s2 :>
      << [ value |-> [newconf |-> {s1}, learners |-> {}],
           term |-> 1,
           type |-> ConfigEntry ],
         [ value |-> [newconf |-> {s1, s2}, learners |-> {}],
           term |-> 1,
           type |-> ConfigEntry ],
         [ value |-> [newconf |-> {s1, s2, s3}, learners |-> {}],
           term |-> 1,
           type |-> ConfigEntry ],
         [ value |->
               [ newconf |-> {s3},
                 learners |-> {},
                 enterJoint |-> TRUE,
                 oldconf |-> {s1, s2, s3} ],
           term |-> 2,
           type |-> ConfigEntry ],
         [value |-> [val |-> v1], term |-> 2, type |-> ValueEntry],
         [value |-> [val |-> v2], term |-> 2, type |-> ValueEntry] >> @@
  s3 :>
      << [ value |-> [newconf |-> {s1}, learners |-> {}],
           term |-> 1,
           type |-> ConfigEntry ],
         [ value |-> [newconf |-> {s1, s2}, learners |-> {}],
           term |-> 1,
           type |-> ConfigEntry ],
         [ value |-> [newconf |-> {s1, s2, s3}, learners |-> {}],
           term |-> 1,
           type |-> ConfigEntry ] >> )
/\ nextIndex = ( s1 :> (s1 :> 10 @@ s2 :> 10 @@ s3 :> 9) @@
  s2 :> (s1 :> 1 @@ s2 :> 1 @@ s3 :> 1) @@
  s3 :> (s1 :> 1 @@ s2 :> 1 @@ s3 :> 1) )
/\ commitIndex = (s1 :> 9 @@ s2 :> 3 @@ s3 :> 3)
/\ inflights = ( s1 :> (s1 :> {} @@ s2 :> {} @@ s3 :> {}) @@
  s2 :> (s1 :> {} @@ s2 :> {} @@ s3 :> {}) @@
  s3 :> (s1 :> {} @@ s2 :> {} @@ s3 :> {}) )
/\ messages = ( [ mdest |-> s1,
    msource |-> s2,
    mterm |-> 2,
    mtype |-> AppendEntriesResponse,
    mseq |-> 29,
    msubtype |-> "app",
    msuccess |-> FALSE,
    mmatchIndex |-> 8,
    mrejectHint |-> 6,
    mlogTerm |-> 2 ] :>
      1 @@
  [ mdest |-> s1,
    msource |-> s3,
    mterm |-> 2,
    mtype |-> AppendEntriesResponse,
    mseq |-> 26,
    msubtype |-> "app",
    msuccess |-> FALSE,
    mmatchIndex |-> 8,
    mrejectHint |-> 3,
    mlogTerm |-> 1 ] :>
      1 )
/\ currentTerm = (s1 :> 2 @@ s2 :> 2 @@ s3 :> 2)
/\ log = ( s1 :>
      [ offset |-> 1,
        entries |->
            << [ value |-> [newconf |-> {s1}, learners |-> {}],
                 term |-> 1,
                 type |-> ConfigEntry ],
               [ value |-> [newconf |-> {s1, s2}, learners |-> {}],
                 term |-> 1,
                 type |-> ConfigEntry ],
               [ value |-> [newconf |-> {s1, s2, s3}, learners |-> {}],
                 term |-> 1,
                 type |-> ConfigEntry ],
               [ value |->
                     [ newconf |-> {s3},
                       learners |-> {},
                       enterJoint |-> TRUE,
                       oldconf |-> {s1, s2, s3} ],
                 term |-> 2,
                 type |-> ConfigEntry ],
               [value |-> [val |-> v1], term |-> 2, type |-> ValueEntry],
               [value |-> [val |-> v2], term |-> 2, type |-> ValueEntry],
               [value |-> [val |-> 0], term |-> 2, type |-> ValueEntry],
               [value |-> [val |-> 0], term |-> 2, type |-> ValueEntry],
               [value |-> [val |-> v2], term |-> 2, type |-> ValueEntry],
               [value |-> [val |-> 0], term |-> 2, type |-> ValueEntry],
               [value |-> [val |-> v2], term |-> 2, type |-> ValueEntry] >>,
        snapshotIndex |-> 0,
        snapshotTerm |-> 0 ] @@
  s2 :>
      [ offset |-> 1,
        entries |->
            << [ value |-> [newconf |-> {s1}, learners |-> {}],
                 term |-> 1,
                 type |-> ConfigEntry ],
               [ value |-> [newconf |-> {s1, s2}, learners |-> {}],
                 term |-> 1,
                 type |-> ConfigEntry ],
               [ value |-> [newconf |-> {s1, s2, s3}, learners |-> {}],
                 term |-> 1,
                 type |-> ConfigEntry ],
               [ value |->
                     [ newconf |-> {s3},
                       learners |-> {},
                       enterJoint |-> TRUE,
                       oldconf |-> {s1, s2, s3} ],
                 term |-> 2,
                 type |-> ConfigEntry ],
               [value |-> [val |-> v1], term |-> 2, type |-> ValueEntry],
               [value |-> [val |-> v2], term |-> 2, type |-> ValueEntry] >>,
        snapshotIndex |-> 0,
        snapshotTerm |-> 0 ] @@
  s3 :>
      [ offset |-> 3,
        entries |->
            << [ value |-> [newconf |-> {s1, s2, s3}, learners |-> {}],
                 term |-> 1,
                 type |-> ConfigEntry ] >>,
        snapshotIndex |-> 2,
        snapshotTerm |-> 1 ] )
/\ partitions = (s1 :> 0 @@ s2 :> 0 @@ s3 :> 0)
/\ votesGranted = (s1 :> {s1, s2} @@ s2 :> {} @@ s3 :> {})
/\ pendingConfChangeIndex = (s1 :> 0 @@ s2 :> 0 @@ s3 :> 0)

@!@!@ENDMSG 2217 @!@!@
@!@!@STARTMSG 2217:4 @!@!@
89: <MCDynamicConfigActions line 426, col 8 to line 436, col 29 of module MCetcdraft>
/\ progressState = ( s1 :> (s1 :> StateReplicate @@ s2 :> StateProbe @@ s3 :> StateProbe) @@
  s2 :> (s1 :> StateProbe @@ s2 :> StateProbe @@ s3 :> StateProbe) @@
  s3 :> (s1 :> StateProbe @@ s2 :> StateProbe @@ s3 :> StateProbe) )
/\ msgSeqCounter = 30
/\ constraintCounters = [ timeout |-> 2,
  request |-> 4,
  restart |-> 1,
  drop |-> 2,
  duplicate |-> 0,
  heartbeat |-> 4,
  stepDown |-> 1,
  snapshot |-> 1,
  compact |-> 1,
  confChange |-> 1,
  reportUnreachable |-> 1,
  partition |-> 0 ]
/\ pendingMessages = <<>>
/\ appliedConfigIndex = (s1 :> 0 @@ s2 :> 3 @@ s3 :> 3)
/\ reconfigCount = 1
/\ votesResponded = (s1 :> {s1, s2, s3} @@ s2 :> {} @@ s3 :> {})
/\ msgAppFlowPaused = ( s1 :> (s1 :> FALSE @@ s2 :> FALSE @@ s3 :> FALSE) @@
  s2 :> (s1 :> FALSE @@ s2 :> FALSE @@ s3 :> FALSE) @@
  s3 :> (s1 :> FALSE @@ s2 :> FALSE @@ s3 :> FALSE) )
/\ state = (s1 :> Leader @@ s2 :> Follower @@ s3 :> Follower)
/\ pendingSnapshot = ( s1 :> (s1 :> 0 @@ s2 :> 0 @@ s3 :> 0) @@
  s2 :> (s1 :> 0 @@ s2 :> 0 @@ s3 :> 0) @@
  s3 :> (s1 :> 0 @@ s2 :> 0 @@ s3 :> 0) )
/\ config = ( s1 :> [learners |-> {}, jointConfig |-> <<{s3}, {}>>, autoLeave |-> FALSE] @@
  s2 :>
      [ learners |-> {},
        jointConfig |-> <<{s1, s2, s3}, {}>>,
        autoLeave |-> FALSE ] @@
  s3 :>
      [ learners |-> {},
        jointConfig |-> <<{s1, s2, s3}, {}>>,
        autoLeave |-> FALSE ] )
/\ matchIndex = ( s1 :> (s1 :> 10 @@ s2 :> 0 @@ s3 :> 0) @@
  s2 :> (s1 :> 0 @@ s2 :> 0 @@ s3 :> 0) @@
  s3 :> (s1 :> 0 @@ s2 :> 0 @@ s3 :> 0) )
/\ applied = (s1 :> 3 @@ s2 :> 0 @@ s3 :> 3)
/\ votedFor = (s1 :> s1 @@ s2 :> s1 @@ s3 :> s3)
/\ durableState = ( s1 :>
      [ currentTerm |-> 2,
        votedFor |-> s1,
        log |-> 11,
        entries |->
            << [ value |-> [newconf |-> {s1}, learners |-> {}],
                 term |-> 1,
                 type |-> ConfigEntry ],
               [ value |-> [newconf |-> {s1, s2}, learners |-> {}],
                 term |-> 1,
                 type |-> ConfigEntry ],
               [ value |-> [newconf |-> {s1, s2, s3}, learners |-> {}],
                 term |-> 1,
                 type |-> ConfigEntry ],
               [ value |->
                     [ newconf |-> {s3},
                       learners |-> {},
                       enterJoint |-> TRUE,
                       oldconf |-> {s1, s2, s3} ],
                 term |-> 2,
                 type |-> ConfigEntry ],
               [value |-> [val |-> v1], term |-> 2, type |-> ValueEntry],
               [value |-> [val |-> v2], term |-> 2, type |-> ValueEntry],
               [value |-> [val |-> 0], term |-> 2, type |-> ValueEntry],
               [value |-> [val |-> 0], term |-> 2, type |-> ValueEntry],
               [value |-> [val |-> v2], term |-> 2, type |-> ValueEntry],
               [value |-> [val |-> 0], term |-> 2, type |-> ValueEntry],
               [value |-> [val |-> v2], term |-> 2, type |-> ValueEntry] >>,
        snapshotIndex |-> 0,
        snapshotTerm |-> 0,
        commitIndex |-> 9,
        config |->
            [ learners |-> {},
              jointConfig |-> <<{s1, s2}, {}>>,
              autoLeave |-> FALSE ],
        snapshotHistory |-> <<>> ] @@
  s2 :>
      [ currentTerm |-> 2,
        votedFor |-> s1,
        log |-> 6,
        entries |->
            << [ value |-> [newconf |-> {s1}, learners |-> {}],
                 term |-> 1,
                 type |-> ConfigEntry ],
               [ value |-> [newconf |-> {s1, s2}, learners |-> {}],
                 term |-> 1,
                 type |-> ConfigEntry ],
               [ value |-> [newconf |-> {s1, s2, s3}, learners |-> {}],
                 term |-> 1,
                 type |-> ConfigEntry ],
               [ value |->
                     [ newconf |-> {s3},
                       learners |-> {},
                       enterJoint |-> TRUE,
                       oldconf |-> {s1, s2, s3} ],
                 term |-> 2,
                 type |-> ConfigEntry ],
               [value |-> [val |-> v1], term |-> 2, type |-> ValueEntry],
               [value |-> [val |-> v2], term |-> 2, type |-> ValueEntry] >>,
        snapshotIndex |-> 0,
        snapshotTerm |-> 0,
        commitIndex |-> 3,
        config |->
            [ learners |-> {},
              jointConfig |-> <<{s1, s2, s3}, {}>>,
              autoLeave |-> FALSE ],
        snapshotHistory |-> <<>> ] @@
  s3 :>
      [ currentTerm |-> 2,
        votedFor |-> s3,
        log |-> 3,
        entries |->
            << [ value |-> [newconf |-> {s1, s2, s3}, learners |-> {}],
                 term |-> 1,
                 type |-> ConfigEntry ] >>,
        snapshotIndex |-> 2,
        snapshotTerm |-> 1,
        commitIndex |-> 3,
        config |->
            [ learners |-> {},
              jointConfig |-> <<{s1, s2, s3}, {}>>,
              autoLeave |-> FALSE ],
        snapshotHistory |->
            << [ value |-> [newconf |-> {s1}, learners |-> {}],
                 term |-> 1,
                 type |-> ConfigEntry ],
               [ value |-> [newconf |-> {s1, s2}, learners |-> {}],
                 term |-> 1,
                 type |-> ConfigEntry ] >> ] )
/\ historyLog = ( s1 :>
      << [ value |-> [newconf |-> {s1}, learners |-> {}],
           term |-> 1,
           type |-> ConfigEntry ],
         [ value |-> [newconf |-> {s1, s2}, learners |-> {}],
           term |-> 1,
           type |-> ConfigEntry ],
         [ value |-> [newconf |-> {s1, s2, s3}, learners |-> {}],
           term |-> 1,
           type |-> ConfigEntry ],
         [ value |->
               [ newconf |-> {s3},
                 learners |-> {},
                 enterJoint |-> TRUE,
                 oldconf |-> {s1, s2, s3} ],
           term |-> 2,
           type |-> ConfigEntry ],
         [value |-> [val |-> v1], term |-> 2, type |-> ValueEntry],
         [value |-> [val |-> v2], term |-> 2, type |-> ValueEntry],
         [value |-> [val |-> 0], term |-> 2, type |-> ValueEntry],
         [value |-> [val |-> 0], term |-> 2, type |-> ValueEntry],
         [value |-> [val |-> v2], term |-> 2, type |-> ValueEntry],
         [value |-> [val |-> 0], term |-> 2, type |-> ValueEntry],
         [value |-> [val |-> v2], term |-> 2, type |-> ValueEntry] >> @@
  s2 :>
      << [ value |-> [newconf |-> {s1}, learners |-> {}],
           term |-> 1,
           type |-> ConfigEntry ],
         [ value |-> [newconf |-> {s1, s2}, learners |-> {}],
           term |-> 1,
           type |-> ConfigEntry ],
         [ value |-> [newconf |-> {s1, s2, s3}, learners |-> {}],
           term |-> 1,
           type |-> ConfigEntry ],
         [ value |->
               [ newconf |-> {s3},
                 learners |-> {},
                 enterJoint |-> TRUE,
                 oldconf |-> {s1, s2, s3} ],
           term |-> 2,
           type |-> ConfigEntry ],
         [value |-> [val |-> v1], term |-> 2, type |-> ValueEntry],
         [value |-> [val |-> v2], term |-> 2, type |-> ValueEntry] >> @@
  s3 :>
      << [ value |-> [newconf |-> {s1}, learners |-> {}],
           term |-> 1,
           type |-> ConfigEntry ],
         [ value |-> [newconf |-> {s1, s2}, learners |-> {}],
           term |-> 1,
           type |-> ConfigEntry ],
         [ value |-> [newconf |-> {s1, s2, s3}, learners |-> {}],
           term |-> 1,
           type |-> ConfigEntry ] >> )
/\ nextIndex = ( s1 :> (s1 :> 10 @@ s2 :> 10 @@ s3 :> 9) @@
  s2 :> (s1 :> 1 @@ s2 :> 1 @@ s3 :> 1) @@
  s3 :> (s1 :> 1 @@ s2 :> 1 @@ s3 :> 1) )
/\ commitIndex = (s1 :> 9 @@ s2 :> 3 @@ s3 :> 3)
/\ inflights = ( s1 :> (s1 :> {} @@ s2 :> {} @@ s3 :> {}) @@
  s2 :> (s1 :> {} @@ s2 :> {} @@ s3 :> {}) @@
  s3 :> (s1 :> {} @@ s2 :> {} @@ s3 :> {}) )
/\ messages = ( [ mdest |-> s1,
    msource |-> s2,
    mterm |-> 2,
    mtype |-> AppendEntriesResponse,
    mseq |-> 29,
    msubtype |-> "app",
    msuccess |-> FALSE,
    mmatchIndex |-> 8,
    mrejectHint |-> 6,
    mlogTerm |-> 2 ] :>
      1 @@
  [ mdest |-> s1,
    msource |-> s3,
    mterm |-> 2,
    mtype |-> AppendEntriesResponse,
    mseq |-> 26,
    msubtype |-> "app",
    msuccess |-> FALSE,
    mmatchIndex |-> 8,
    mrejectHint |-> 3,
    mlogTerm |-> 1 ] :>
      1 )
/\ currentTerm = (s1 :> 2 @@ s2 :> 2 @@ s3 :> 2)
/\ log = ( s1 :>
      [ offset |-> 1,
        entries |->
            << [ value |-> [newconf |-> {s1}, learners |-> {}],
                 term |-> 1,
                 type |-> ConfigEntry ],
               [ value |-> [newconf |-> {s1, s2}, learners |-> {}],
                 term |-> 1,
                 type |-> ConfigEntry ],
               [ value |-> [newconf |-> {s1, s2, s3}, learners |-> {}],
                 term |-> 1,
                 type |-> ConfigEntry ],
               [ value |->
                     [ newconf |-> {s3},
                       learners |-> {},
                       enterJoint |-> TRUE,
                       oldconf |-> {s1, s2, s3} ],
                 term |-> 2,
                 type |-> ConfigEntry ],
               [value |-> [val |-> v1], term |-> 2, type |-> ValueEntry],
               [value |-> [val |-> v2], term |-> 2, type |-> ValueEntry],
               [value |-> [val |-> 0], term |-> 2, type |-> ValueEntry],
               [value |-> [val |-> 0], term |-> 2, type |-> ValueEntry],
               [value |-> [val |-> v2], term |-> 2, type |-> ValueEntry],
               [value |-> [val |-> 0], term |-> 2, type |-> ValueEntry],
               [value |-> [val |-> v2], term |-> 2, type |-> ValueEntry] >>,
        snapshotIndex |-> 0,
        snapshotTerm |-> 0 ] @@
  s2 :>
      [ offset |-> 1,
        entries |->
            << [ value |-> [newconf |-> {s1}, learners |-> {}],
                 term |-> 1,
                 type |-> ConfigEntry ],
               [ value |-> [newconf |-> {s1, s2}, learners |-> {}],
                 term |-> 1,
                 type |-> ConfigEntry ],
               [ value |-> [newconf |-> {s1, s2, s3}, learners |-> {}],
                 term |-> 1,
                 type |-> ConfigEntry ],
               [ value |->
                     [ newconf |-> {s3},
                       learners |-> {},
                       enterJoint |-> TRUE,
                       oldconf |-> {s1, s2, s3} ],
                 term |-> 2,
                 type |-> ConfigEntry ],
               [value |-> [val |-> v1], term |-> 2, type |-> ValueEntry],
               [value |-> [val |-> v2], term |-> 2, type |-> ValueEntry] >>,
        snapshotIndex |-> 0,
        snapshotTerm |-> 0 ] @@
  s3 :>
      [ offset |-> 3,
        entries |->
            << [ value |-> [newconf |-> {s1, s2, s3}, learners |-> {}],
                 term |-> 1,
                 type |-> ConfigEntry ] >>,
        snapshotIndex |-> 2,
        snapshotTerm |-> 1 ] )
/\ partitions = (s1 :> 0 @@ s2 :> 0 @@ s3 :> 0)
/\ votesGranted = (s1 :> {s1, s2} @@ s2 :> {} @@ s3 :> {})
/\ pendingConfChangeIndex = (s1 :> 0 @@ s2 :> 0 @@ s3 :> 0)

@!@!@ENDMSG 2217 @!@!@
@!@!@STARTMSG 2217:4 @!@!@
90: <MCNextAsyncWithReady(s1) line 362, col 5 to line 362, col 35 of module MCetcdraft>
/\ progressState = ( s1 :> (s1 :> StateReplicate @@ s2 :> StateProbe @@ s3 :> StateProbe) @@
  s2 :> (s1 :> StateProbe @@ s2 :> StateProbe @@ s3 :> StateProbe) @@
  s3 :> (s1 :> StateProbe @@ s2 :> StateProbe @@ s3 :> StateProbe) )
/\ msgSeqCounter = 30
/\ constraintCounters = [ timeout |-> 2,
  request |-> 4,
  restart |-> 1,
  drop |-> 2,
  duplicate |-> 0,
  heartbeat |-> 4,
  stepDown |-> 1,
  snapshot |-> 1,
  compact |-> 1,
  confChange |-> 1,
  reportUnreachable |-> 1,
  partition |-> 0 ]
/\ pendingMessages = <<>>
/\ appliedConfigIndex = (s1 :> 0 @@ s2 :> 3 @@ s3 :> 3)
/\ reconfigCount = 1
/\ votesResponded = (s1 :> {s1, s2, s3} @@ s2 :> {} @@ s3 :> {})
/\ msgAppFlowPaused = ( s1 :> (s1 :> FALSE @@ s2 :> FALSE @@ s3 :> FALSE) @@
  s2 :> (s1 :> FALSE @@ s2 :> FALSE @@ s3 :> FALSE) @@
  s3 :> (s1 :> FALSE @@ s2 :> FALSE @@ s3 :> FALSE) )
/\ state = (s1 :> Leader @@ s2 :> Follower @@ s3 :> Follower)
/\ pendingSnapshot = ( s1 :> (s1 :> 0 @@ s2 :> 0 @@ s3 :> 0) @@
  s2 :> (s1 :> 0 @@ s2 :> 0 @@ s3 :> 0) @@
  s3 :> (s1 :> 0 @@ s2 :> 0 @@ s3 :> 0) )
/\ config = ( s1 :> [learners |-> {}, jointConfig |-> <<{s3}, {}>>, autoLeave |-> FALSE] @@
  s2 :>
      [ learners |-> {},
        jointConfig |-> <<{s1, s2, s3}, {}>>,
        autoLeave |-> FALSE ] @@
  s3 :>
      [ learners |-> {},
        jointConfig |-> <<{s1, s2, s3}, {}>>,
        autoLeave |-> FALSE ] )
/\ matchIndex = ( s1 :> (s1 :> 10 @@ s2 :> 0 @@ s3 :> 0) @@
  s2 :> (s1 :> 0 @@ s2 :> 0 @@ s3 :> 0) @@
  s3 :> (s1 :> 0 @@ s2 :> 0 @@ s3 :> 0) )
/\ applied = (s1 :> 3 @@ s2 :> 0 @@ s3 :> 3)
/\ votedFor = (s1 :> s1 @@ s2 :> s1 @@ s3 :> s3)
/\ durableState = ( s1 :>
      [ currentTerm |-> 2,
        votedFor |-> s1,
        log |-> 11,
        entries |->
            << [ value |-> [newconf |-> {s1}, learners |-> {}],
                 term |-> 1,
                 type |-> ConfigEntry ],
               [ value |-> [newconf |-> {s1, s2}, learners |-> {}],
                 term |-> 1,
                 type |-> ConfigEntry ],
               [ value |-> [newconf |-> {s1, s2, s3}, learners |-> {}],
                 term |-> 1,
                 type |-> ConfigEntry ],
               [ value |->
                     [ newconf |-> {s3},
                       learners |-> {},
                       enterJoint |-> TRUE,
                       oldconf |-> {s1, s2, s3} ],
                 term |-> 2,
                 type |-> ConfigEntry ],
               [value |-> [val |-> v1], term |-> 2, type |-> ValueEntry],
               [value |-> [val |-> v2], term |-> 2, type |-> ValueEntry],
               [value |-> [val |-> 0], term |-> 2, type |-> ValueEntry],
               [value |-> [val |-> 0], term |-> 2, type |-> ValueEntry],
               [value |-> [val |-> v2], term |-> 2, type |-> ValueEntry],
               [value |-> [val |-> 0], term |-> 2, type |-> ValueEntry],
               [value |-> [val |-> v2], term |-> 2, type |-> ValueEntry] >>,
        snapshotIndex |-> 0,
        snapshotTerm |-> 0,
        commitIndex |-> 9,
        config |->
            [ learners |-> {},
              jointConfig |-> <<{s3}, {}>>,
              autoLeave |-> FALSE ],
        snapshotHistory |-> <<>> ] @@
  s2 :>
      [ currentTerm |-> 2,
        votedFor |-> s1,
        log |-> 6,
        entries |->
            << [ value |-> [newconf |-> {s1}, learners |-> {}],
                 term |-> 1,
                 type |-> ConfigEntry ],
               [ value |-> [newconf |-> {s1, s2}, learners |-> {}],
                 term |-> 1,
                 type |-> ConfigEntry ],
               [ value |-> [newconf |-> {s1, s2, s3}, learners |-> {}],
                 term |-> 1,
                 type |-> ConfigEntry ],
               [ value |->
                     [ newconf |-> {s3},
                       learners |-> {},
                       enterJoint |-> TRUE,
                       oldconf |-> {s1, s2, s3} ],
                 term |-> 2,
                 type |-> ConfigEntry ],
               [value |-> [val |-> v1], term |-> 2, type |-> ValueEntry],
               [value |-> [val |-> v2], term |-> 2, type |-> ValueEntry] >>,
        snapshotIndex |-> 0,
        snapshotTerm |-> 0,
        commitIndex |-> 3,
        config |->
            [ learners |-> {},
              jointConfig |-> <<{s1, s2, s3}, {}>>,
              autoLeave |-> FALSE ],
        snapshotHistory |-> <<>> ] @@
  s3 :>
      [ currentTerm |-> 2,
        votedFor |-> s3,
        log |-> 3,
        entries |->
            << [ value |-> [newconf |-> {s1, s2, s3}, learners |-> {}],
                 term |-> 1,
                 type |-> ConfigEntry ] >>,
        snapshotIndex |-> 2,
        snapshotTerm |-> 1,
        commitIndex |-> 3,
        config |->
            [ learners |-> {},
              jointConfig |-> <<{s1, s2, s3}, {}>>,
              autoLeave |-> FALSE ],
        snapshotHistory |->
            << [ value |-> [newconf |-> {s1}, learners |-> {}],
                 term |-> 1,
                 type |-> ConfigEntry ],
               [ value |-> [newconf |-> {s1, s2}, learners |-> {}],
                 term |-> 1,
                 type |-> ConfigEntry ] >> ] )
/\ historyLog = ( s1 :>
      << [ value |-> [newconf |-> {s1}, learners |-> {}],
           term |-> 1,
           type |-> ConfigEntry ],
         [ value |-> [newconf |-> {s1, s2}, learners |-> {}],
           term |-> 1,
           type |-> ConfigEntry ],
         [ value |-> [newconf |-> {s1, s2, s3}, learners |-> {}],
           term |-> 1,
           type |-> ConfigEntry ],
         [ value |->
               [ newconf |-> {s3},
                 learners |-> {},
                 enterJoint |-> TRUE,
                 oldconf |-> {s1, s2, s3} ],
           term |-> 2,
           type |-> ConfigEntry ],
         [value |-> [val |-> v1], term |-> 2, type |-> ValueEntry],
         [value |-> [val |-> v2], term |-> 2, type |-> ValueEntry],
         [value |-> [val |-> 0], term |-> 2, type |-> ValueEntry],
         [value |-> [val |-> 0], term |-> 2, type |-> ValueEntry],
         [value |-> [val |-> v2], term |-> 2, type |-> ValueEntry],
         [value |-> [val |-> 0], term |-> 2, type |-> ValueEntry],
         [value |-> [val |-> v2], term |-> 2, type |-> ValueEntry] >> @@
  s2 :>
      << [ value |-> [newconf |-> {s1}, learners |-> {}],
           term |-> 1,
           type |-> ConfigEntry ],
         [ value |-> [newconf |-> {s1, s2}, learners |-> {}],
           term |-> 1,
           type |-> ConfigEntry ],
         [ value |-> [newconf |-> {s1, s2, s3}, learners |-> {}],
           term |-> 1,
           type |-> ConfigEntry ],
         [ value |->
               [ newconf |-> {s3},
                 learners |-> {},
                 enterJoint |-> TRUE,
                 oldconf |-> {s1, s2, s3} ],
           term |-> 2,
           type |-> ConfigEntry ],
         [value |-> [val |-> v1], term |-> 2, type |-> ValueEntry],
         [value |-> [val |-> v2], term |-> 2, type |-> ValueEntry] >> @@
  s3 :>
      << [ value |-> [newconf |-> {s1}, learners |-> {}],
           term |-> 1,
           type |-> ConfigEntry ],
         [ value |-> [newconf |-> {s1, s2}, learners |-> {}],
           term |-> 1,
           type |-> ConfigEntry ],
         [ value |-> [newconf |-> {s1, s2, s3}, learners |-> {}],
           term |-> 1,
           type |-> ConfigEntry ] >> )
/\ nextIndex = ( s1 :> (s1 :> 10 @@ s2 :> 10 @@ s3 :> 4) @@
  s2 :> (s1 :> 1 @@ s2 :> 1 @@ s3 :> 1) @@
  s3 :> (s1 :> 1 @@ s2 :> 1 @@ s3 :> 1) )
/\ commitIndex = (s1 :> 9 @@ s2 :> 3 @@ s3 :> 3)
/\ inflights = ( s1 :> (s1 :> {} @@ s2 :> {} @@ s3 :> {}) @@
  s2 :> (s1 :> {} @@ s2 :> {} @@ s3 :> {}) @@
  s3 :> (s1 :> {} @@ s2 :> {} @@ s3 :> {}) )
/\ messages = ( [ mdest |-> s1,
    msource |-> s2,
    mterm |-> 2,
    mtype |-> AppendEntriesResponse,
    mseq |-> 29,
    msubtype |-> "app",
    msuccess |-> FALSE,
    mmatchIndex |-> 8,
    mrejectHint |-> 6,
    mlogTerm |-> 2 ] :>
      1 )
/\ currentTerm = (s1 :> 2 @@ s2 :> 2 @@ s3 :> 2)
/\ log = ( s1 :>
      [ offset |-> 1,
        entries |->
            << [ value |-> [newconf |-> {s1}, learners |-> {}],
                 term |-> 1,
                 type |-> ConfigEntry ],
               [ value |-> [newconf |-> {s1, s2}, learners |-> {}],
                 term |-> 1,
                 type |-> ConfigEntry ],
               [ value |-> [newconf |-> {s1, s2, s3}, learners |-> {}],
                 term |-> 1,
                 type |-> ConfigEntry ],
               [ value |->
                     [ newconf |-> {s3},
                       learners |-> {},
                       enterJoint |-> TRUE,
                       oldconf |-> {s1, s2, s3} ],
                 term |-> 2,
                 type |-> ConfigEntry ],
               [value |-> [val |-> v1], term |-> 2, type |-> ValueEntry],
               [value |-> [val |-> v2], term |-> 2, type |-> ValueEntry],
               [value |-> [val |-> 0], term |-> 2, type |-> ValueEntry],
               [value |-> [val |-> 0], term |-> 2, type |-> ValueEntry],
               [value |-> [val |-> v2], term |-> 2, type |-> ValueEntry],
               [value |-> [val |-> 0], term |-> 2, type |-> ValueEntry],
               [value |-> [val |-> v2], term |-> 2, type |-> ValueEntry] >>,
        snapshotIndex |-> 0,
        snapshotTerm |-> 0 ] @@
  s2 :>
      [ offset |-> 1,
        entries |->
            << [ value |-> [newconf |-> {s1}, learners |-> {}],
                 term |-> 1,
                 type |-> ConfigEntry ],
               [ value |-> [newconf |-> {s1, s2}, learners |-> {}],
                 term |-> 1,
                 type |-> ConfigEntry ],
               [ value |-> [newconf |-> {s1, s2, s3}, learners |-> {}],
                 term |-> 1,
                 type |-> ConfigEntry ],
               [ value |->
                     [ newconf |-> {s3},
                       learners |-> {},
                       enterJoint |-> TRUE,
                       oldconf |-> {s1, s2, s3} ],
                 term |-> 2,
                 type |-> ConfigEntry ],
               [value |-> [val |-> v1], term |-> 2, type |-> ValueEntry],
               [value |-> [val |-> v2], term |-> 2, type |-> ValueEntry] >>,
        snapshotIndex |-> 0,
        snapshotTerm |-> 0 ] @@
  s3 :>
      [ offset |-> 3,
        entries |->
            << [ value |-> [newconf |-> {s1, s2, s3}, learners |-> {}],
                 term |-> 1,
                 type |-> ConfigEntry ] >>,
        snapshotIndex |-> 2,
        snapshotTerm |-> 1 ] )
/\ partitions = (s1 :> 0 @@ s2 :> 0 @@ s3 :> 0)
/\ votesGranted = (s1 :> {s1, s2} @@ s2 :> {} @@ s3 :> {})
/\ pendingConfChangeIndex = (s1 :> 0 @@ s2 :> 0 @@ s3 :> 0)

@!@!@ENDMSG 2217 @!@!@
@!@!@STARTMSG 2217:4 @!@!@
91: <MCDynamicConfigActions line 417, col 8 to line 418, col 29 of module MCetcdraft>
/\ progressState = ( s1 :> (s1 :> StateReplicate @@ s2 :> StateProbe @@ s3 :> StateProbe) @@
  s2 :> (s1 :> StateProbe @@ s2 :> StateProbe @@ s3 :> StateProbe) @@
  s3 :> (s1 :> StateProbe @@ s2 :> StateProbe @@ s3 :> StateProbe) )
/\ msgSeqCounter = 30
/\ constraintCounters = [ timeout |-> 2,
  request |-> 4,
  restart |-> 1,
  drop |-> 2,
  duplicate |-> 0,
  heartbeat |-> 4,
  stepDown |-> 1,
  snapshot |-> 1,
  compact |-> 1,
  confChange |-> 1,
  reportUnreachable |-> 1,
  partition |-> 0 ]
/\ pendingMessages = <<>>
/\ appliedConfigIndex = (s1 :> 1 @@ s2 :> 3 @@ s3 :> 3)
/\ reconfigCount = 1
/\ votesResponded = (s1 :> {s1, s2, s3} @@ s2 :> {} @@ s3 :> {})
/\ msgAppFlowPaused = ( s1 :> (s1 :> FALSE @@ s2 :> FALSE @@ s3 :> FALSE) @@
  s2 :> (s1 :> FALSE @@ s2 :> FALSE @@ s3 :> FALSE) @@
  s3 :> (s1 :> FALSE @@ s2 :> FALSE @@ s3 :> FALSE) )
/\ state = (s1 :> Leader @@ s2 :> Follower @@ s3 :> Follower)
/\ pendingSnapshot = ( s1 :> (s1 :> 0 @@ s2 :> 0 @@ s3 :> 0) @@
  s2 :> (s1 :> 0 @@ s2 :> 0 @@ s3 :> 0) @@
  s3 :> (s1 :> 0 @@ s2 :> 0 @@ s3 :> 0) )
/\ config = ( s1 :> [learners |-> {}, jointConfig |-> <<{s1}, {}>>, autoLeave |-> FALSE] @@
  s2 :>
      [ learners |-> {},
        jointConfig |-> <<{s1, s2, s3}, {}>>,
        autoLeave |-> FALSE ] @@
  s3 :>
      [ learners |-> {},
        jointConfig |-> <<{s1, s2, s3}, {}>>,
        autoLeave |-> FALSE ] )
/\ matchIndex = ( s1 :> (s1 :> 10 @@ s2 :> 0 @@ s3 :> 0) @@
  s2 :> (s1 :> 0 @@ s2 :> 0 @@ s3 :> 0) @@
  s3 :> (s1 :> 0 @@ s2 :> 0 @@ s3 :> 0) )
/\ applied = (s1 :> 3 @@ s2 :> 0 @@ s3 :> 3)
/\ votedFor = (s1 :> s1 @@ s2 :> s1 @@ s3 :> s3)
/\ durableState = ( s1 :>
      [ currentTerm |-> 2,
        votedFor |-> s1,
        log |-> 11,
        entries |->
            << [ value |-> [newconf |-> {s1}, learners |-> {}],
                 term |-> 1,
                 type |-> ConfigEntry ],
               [ value |-> [newconf |-> {s1, s2}, learners |-> {}],
                 term |-> 1,
                 type |-> ConfigEntry ],
               [ value |-> [newconf |-> {s1, s2, s3}, learners |-> {}],
                 term |-> 1,
                 type |-> ConfigEntry ],
               [ value |->
                     [ newconf |-> {s3},
                       learners |-> {},
                       enterJoint |-> TRUE,
                       oldconf |-> {s1, s2, s3} ],
                 term |-> 2,
                 type |-> ConfigEntry ],
               [value |-> [val |-> v1], term |-> 2, type |-> ValueEntry],
               [value |-> [val |-> v2], term |-> 2, type |-> ValueEntry],
               [value |-> [val |-> 0], term |-> 2, type |-> ValueEntry],
               [value |-> [val |-> 0], term |-> 2, type |-> ValueEntry],
               [value |-> [val |-> v2], term |-> 2, type |-> ValueEntry],
               [value |-> [val |-> 0], term |-> 2, type |-> ValueEntry],
               [value |-> [val |-> v2], term |-> 2, type |-> ValueEntry] >>,
        snapshotIndex |-> 0,
        snapshotTerm |-> 0,
        commitIndex |-> 9,
        config |->
            [ learners |-> {},
              jointConfig |-> <<{s3}, {}>>,
              autoLeave |-> FALSE ],
        snapshotHistory |-> <<>> ] @@
  s2 :>
      [ currentTerm |-> 2,
        votedFor |-> s1,
        log |-> 6,
        entries |->
            << [ value |-> [newconf |-> {s1}, learners |-> {}],
                 term |-> 1,
                 type |-> ConfigEntry ],
               [ value |-> [newconf |-> {s1, s2}, learners |-> {}],
                 term |-> 1,
                 type |-> ConfigEntry ],
               [ value |-> [newconf |-> {s1, s2, s3}, learners |-> {}],
                 term |-> 1,
                 type |-> ConfigEntry ],
               [ value |->
                     [ newconf |-> {s3},
                       learners |-> {},
                       enterJoint |-> TRUE,
                       oldconf |-> {s1, s2, s3} ],
                 term |-> 2,
                 type |-> ConfigEntry ],
               [value |-> [val |-> v1], term |-> 2, type |-> ValueEntry],
               [value |-> [val |-> v2], term |-> 2, type |-> ValueEntry] >>,
        snapshotIndex |-> 0,
        snapshotTerm |-> 0,
        commitIndex |-> 3,
        config |->
            [ learners |-> {},
              jointConfig |-> <<{s1, s2, s3}, {}>>,
              autoLeave |-> FALSE ],
        snapshotHistory |-> <<>> ] @@
  s3 :>
      [ currentTerm |-> 2,
        votedFor |-> s3,
        log |-> 3,
        entries |->
            << [ value |-> [newconf |-> {s1, s2, s3}, learners |-> {}],
                 term |-> 1,
                 type |-> ConfigEntry ] >>,
        snapshotIndex |-> 2,
        snapshotTerm |-> 1,
        commitIndex |-> 3,
        config |->
            [ learners |-> {},
              jointConfig |-> <<{s1, s2, s3}, {}>>,
              autoLeave |-> FALSE ],
        snapshotHistory |->
            << [ value |-> [newconf |-> {s1}, learners |-> {}],
                 term |-> 1,
                 type |-> ConfigEntry ],
               [ value |-> [newconf |-> {s1, s2}, learners |-> {}],
                 term |-> 1,
                 type |-> ConfigEntry ] >> ] )
/\ historyLog = ( s1 :>
      << [ value |-> [newconf |-> {s1}, learners |-> {}],
           term |-> 1,
           type |-> ConfigEntry ],
         [ value |-> [newconf |-> {s1, s2}, learners |-> {}],
           term |-> 1,
           type |-> ConfigEntry ],
         [ value |-> [newconf |-> {s1, s2, s3}, learners |-> {}],
           term |-> 1,
           type |-> ConfigEntry ],
         [ value |->
               [ newconf |-> {s3},
                 learners |-> {},
                 enterJoint |-> TRUE,
                 oldconf |-> {s1, s2, s3} ],
           term |-> 2,
           type |-> ConfigEntry ],
         [value |-> [val |-> v1], term |-> 2, type |-> ValueEntry],
         [value |-> [val |-> v2], term |-> 2, type |-> ValueEntry],
         [value |-> [val |-> 0], term |-> 2, type |-> ValueEntry],
         [value |-> [val |-> 0], term |-> 2, type |-> ValueEntry],
         [value |-> [val |-> v2], term |-> 2, type |-> ValueEntry],
         [value |-> [val |-> 0], term |-> 2, type |-> ValueEntry],
         [value |-> [val |-> v2], term |-> 2, type |-> ValueEntry] >> @@
  s2 :>
      << [ value |-> [newconf |-> {s1}, learners |-> {}],
           term |-> 1,
           type |-> ConfigEntry ],
         [ value |-> [newconf |-> {s1, s2}, learners |-> {}],
           term |-> 1,
           type |-> ConfigEntry ],
         [ value |-> [newconf |-> {s1, s2, s3}, learners |-> {}],
           term |-> 1,
           type |-> ConfigEntry ],
         [ value |->
               [ newconf |-> {s3},
                 learners |-> {},
                 enterJoint |-> TRUE,
                 oldconf |-> {s1, s2, s3} ],
           term |-> 2,
           type |-> ConfigEntry ],
         [value |-> [val |-> v1], term |-> 2, type |-> ValueEntry],
         [value |-> [val |-> v2], term |-> 2, type |-> ValueEntry] >> @@
  s3 :>
      << [ value |-> [newconf |-> {s1}, learners |-> {}],
           term |-> 1,
           type |-> ConfigEntry ],
         [ value |-> [newconf |-> {s1, s2}, learners |-> {}],
           term |-> 1,
           type |-> ConfigEntry ],
         [ value |-> [newconf |-> {s1, s2, s3}, learners |-> {}],
           term |-> 1,
           type |-> ConfigEntry ] >> )
/\ nextIndex = ( s1 :> (s1 :> 11 @@ s2 :> 10 @@ s3 :> 4) @@
  s2 :> (s1 :> 1 @@ s2 :> 1 @@ s3 :> 1) @@
  s3 :> (s1 :> 1 @@ s2 :> 1 @@ s3 :> 1) )
/\ commitIndex = (s1 :> 9 @@ s2 :> 3 @@ s3 :> 3)
/\ inflights = ( s1 :> (s1 :> {} @@ s2 :> {} @@ s3 :> {}) @@
  s2 :> (s1 :> {} @@ s2 :> {} @@ s3 :> {}) @@
  s3 :> (s1 :> {} @@ s2 :> {} @@ s3 :> {}) )
/\ messages = ( [ mdest |-> s1,
    msource |-> s2,
    mterm |-> 2,
    mtype |-> AppendEntriesResponse,
    mseq |-> 29,
    msubtype |-> "app",
    msuccess |-> FALSE,
    mmatchIndex |-> 8,
    mrejectHint |-> 6,
    mlogTerm |-> 2 ] :>
      1 )
/\ currentTerm = (s1 :> 2 @@ s2 :> 2 @@ s3 :> 2)
/\ log = ( s1 :>
      [ offset |-> 1,
        entries |->
            << [ value |-> [newconf |-> {s1}, learners |-> {}],
                 term |-> 1,
                 type |-> ConfigEntry ],
               [ value |-> [newconf |-> {s1, s2}, learners |-> {}],
                 term |-> 1,
                 type |-> ConfigEntry ],
               [ value |-> [newconf |-> {s1, s2, s3}, learners |-> {}],
                 term |-> 1,
                 type |-> ConfigEntry ],
               [ value |->
                     [ newconf |-> {s3},
                       learners |-> {},
                       enterJoint |-> TRUE,
                       oldconf |-> {s1, s2, s3} ],
                 term |-> 2,
                 type |-> ConfigEntry ],
               [value |-> [val |-> v1], term |-> 2, type |-> ValueEntry],
               [value |-> [val |-> v2], term |-> 2, type |-> ValueEntry],
               [value |-> [val |-> 0], term |-> 2, type |-> ValueEntry],
               [value |-> [val |-> 0], term |-> 2, type |-> ValueEntry],
               [value |-> [val |-> v2], term |-> 2, type |-> ValueEntry],
               [value |-> [val |-> 0], term |-> 2, type |-> ValueEntry],
               [value |-> [val |-> v2], term |-> 2, type |-> ValueEntry] >>,
        snapshotIndex |-> 0,
        snapshotTerm |-> 0 ] @@
  s2 :>
      [ offset |-> 1,
        entries |->
            << [ value |-> [newconf |-> {s1}, learners |-> {}],
                 term |-> 1,
                 type |-> ConfigEntry ],
               [ value |-> [newconf |-> {s1, s2}, learners |-> {}],
                 term |-> 1,
                 type |-> ConfigEntry ],
               [ value |-> [newconf |-> {s1, s2, s3}, learners |-> {}],
                 term |-> 1,
                 type |-> ConfigEntry ],
               [ value |->
                     [ newconf |-> {s3},
                       learners |-> {},
                       enterJoint |-> TRUE,
                       oldconf |-> {s1, s2, s3} ],
                 term |-> 2,
                 type |-> ConfigEntry ],
               [value |-> [val |-> v1], term |-> 2, type |-> ValueEntry],
               [value |-> [val |-> v2], term |-> 2, type |-> ValueEntry] >>,
        snapshotIndex |-> 0,
        snapshotTerm |-> 0 ] @@
  s3 :>
      [ offset |-> 3,
        entries |->
            << [ value |-> [newconf |-> {s1, s2, s3}, learners |-> {}],
                 term |-> 1,
                 type |-> ConfigEntry ] >>,
        snapshotIndex |-> 2,
        snapshotTerm |-> 1 ] )
/\ partitions = (s1 :> 0 @@ s2 :> 0 @@ s3 :> 0)
/\ votesGranted = (s1 :> {s1, s2} @@ s2 :> {} @@ s3 :> {})
/\ pendingConfChangeIndex = (s1 :> 0 @@ s2 :> 0 @@ s3 :> 0)

@!@!@ENDMSG 2217 @!@!@
@!@!@STARTMSG 2217:4 @!@!@
92: <MCNextAsyncWithReady(s1) line 362, col 5 to line 362, col 35 of module MCetcdraft>
/\ progressState = ( s1 :> (s1 :> StateReplicate @@ s2 :> StateProbe @@ s3 :> StateProbe) @@
  s2 :> (s1 :> StateProbe @@ s2 :> StateProbe @@ s3 :> StateProbe) @@
  s3 :> (s1 :> StateProbe @@ s2 :> StateProbe @@ s3 :> StateProbe) )
/\ msgSeqCounter = 30
/\ constraintCounters = [ timeout |-> 2,
  request |-> 4,
  restart |-> 1,
  drop |-> 2,
  duplicate |-> 0,
  heartbeat |-> 4,
  stepDown |-> 1,
  snapshot |-> 1,
  compact |-> 1,
  confChange |-> 1,
  reportUnreachable |-> 1,
  partition |-> 0 ]
/\ pendingMessages = <<>>
/\ appliedConfigIndex = (s1 :> 1 @@ s2 :> 3 @@ s3 :> 3)
/\ reconfigCount = 1
/\ votesResponded = (s1 :> {s1, s2, s3} @@ s2 :> {} @@ s3 :> {})
/\ msgAppFlowPaused = ( s1 :> (s1 :> FALSE @@ s2 :> FALSE @@ s3 :> FALSE) @@
  s2 :> (s1 :> FALSE @@ s2 :> FALSE @@ s3 :> FALSE) @@
  s3 :> (s1 :> FALSE @@ s2 :> FALSE @@ s3 :> FALSE) )
/\ state = (s1 :> Leader @@ s2 :> Follower @@ s3 :> Follower)
/\ pendingSnapshot = ( s1 :> (s1 :> 0 @@ s2 :> 0 @@ s3 :> 0) @@
  s2 :> (s1 :> 0 @@ s2 :> 0 @@ s3 :> 0) @@
  s3 :> (s1 :> 0 @@ s2 :> 0 @@ s3 :> 0) )
/\ config = ( s1 :> [learners |-> {}, jointConfig |-> <<{s1}, {}>>, autoLeave |-> FALSE] @@
  s2 :>
      [ learners |-> {},
        jointConfig |-> <<{s1, s2, s3}, {}>>,
        autoLeave |-> FALSE ] @@
  s3 :>
      [ learners |-> {},
        jointConfig |-> <<{s1, s2, s3}, {}>>,
        autoLeave |-> FALSE ] )
/\ matchIndex = ( s1 :> (s1 :> 10 @@ s2 :> 0 @@ s3 :> 0) @@
  s2 :> (s1 :> 0 @@ s2 :> 0 @@ s3 :> 0) @@
  s3 :> (s1 :> 0 @@ s2 :> 0 @@ s3 :> 0) )
/\ applied = (s1 :> 3 @@ s2 :> 0 @@ s3 :> 3)
/\ votedFor = (s1 :> s1 @@ s2 :> s1 @@ s3 :> s3)
/\ durableState = ( s1 :>
      [ currentTerm |-> 2,
        votedFor |-> s1,
        log |-> 11,
        entries |->
            << [ value |-> [newconf |-> {s1}, learners |-> {}],
                 term |-> 1,
                 type |-> ConfigEntry ],
               [ value |-> [newconf |-> {s1, s2}, learners |-> {}],
                 term |-> 1,
                 type |-> ConfigEntry ],
               [ value |-> [newconf |-> {s1, s2, s3}, learners |-> {}],
                 term |-> 1,
                 type |-> ConfigEntry ],
               [ value |->
                     [ newconf |-> {s3},
                       learners |-> {},
                       enterJoint |-> TRUE,
                       oldconf |-> {s1, s2, s3} ],
                 term |-> 2,
                 type |-> ConfigEntry ],
               [value |-> [val |-> v1], term |-> 2, type |-> ValueEntry],
               [value |-> [val |-> v2], term |-> 2, type |-> ValueEntry],
               [value |-> [val |-> 0], term |-> 2, type |-> ValueEntry],
               [value |-> [val |-> 0], term |-> 2, type |-> ValueEntry],
               [value |-> [val |-> v2], term |-> 2, type |-> ValueEntry],
               [value |-> [val |-> 0], term |-> 2, type |-> ValueEntry],
               [value |-> [val |-> v2], term |-> 2, type |-> ValueEntry] >>,
        snapshotIndex |-> 0,
        snapshotTerm |-> 0,
        commitIndex |-> 10,
        config |->
            [ learners |-> {},
              jointConfig |-> <<{s1}, {}>>,
              autoLeave |-> FALSE ],
        snapshotHistory |-> <<>> ] @@
  s2 :>
      [ currentTerm |-> 2,
        votedFor |-> s1,
        log |-> 6,
        entries |->
            << [ value |-> [newconf |-> {s1}, learners |-> {}],
                 term |-> 1,
                 type |-> ConfigEntry ],
               [ value |-> [newconf |-> {s1, s2}, learners |-> {}],
                 term |-> 1,
                 type |-> ConfigEntry ],
               [ value |-> [newconf |-> {s1, s2, s3}, learners |-> {}],
                 term |-> 1,
                 type |-> ConfigEntry ],
               [ value |->
                     [ newconf |-> {s3},
                       learners |-> {},
                       enterJoint |-> TRUE,
                       oldconf |-> {s1, s2, s3} ],
                 term |-> 2,
                 type |-> ConfigEntry ],
               [value |-> [val |-> v1], term |-> 2, type |-> ValueEntry],
               [value |-> [val |-> v2], term |-> 2, type |-> ValueEntry] >>,
        snapshotIndex |-> 0,
        snapshotTerm |-> 0,
        commitIndex |-> 3,
        config |->
            [ learners |-> {},
              jointConfig |-> <<{s1, s2, s3}, {}>>,
              autoLeave |-> FALSE ],
        snapshotHistory |-> <<>> ] @@
  s3 :>
      [ currentTerm |-> 2,
        votedFor |-> s3,
        log |-> 3,
        entries |->
            << [ value |-> [newconf |-> {s1, s2, s3}, learners |-> {}],
                 term |-> 1,
                 type |-> ConfigEntry ] >>,
        snapshotIndex |-> 2,
        snapshotTerm |-> 1,
        commitIndex |-> 3,
        config |->
            [ learners |-> {},
              jointConfig |-> <<{s1, s2, s3}, {}>>,
              autoLeave |-> FALSE ],
        snapshotHistory |->
            << [ value |-> [newconf |-> {s1}, learners |-> {}],
                 term |-> 1,
                 type |-> ConfigEntry ],
               [ value |-> [newconf |-> {s1, s2}, learners |-> {}],
                 term |-> 1,
                 type |-> ConfigEntry ] >> ] )
/\ historyLog = ( s1 :>
      << [ value |-> [newconf |-> {s1}, learners |-> {}],
           term |-> 1,
           type |-> ConfigEntry ],
         [ value |-> [newconf |-> {s1, s2}, learners |-> {}],
           term |-> 1,
           type |-> ConfigEntry ],
         [ value |-> [newconf |-> {s1, s2, s3}, learners |-> {}],
           term |-> 1,
           type |-> ConfigEntry ],
         [ value |->
               [ newconf |-> {s3},
                 learners |-> {},
                 enterJoint |-> TRUE,
                 oldconf |-> {s1, s2, s3} ],
           term |-> 2,
           type |-> ConfigEntry ],
         [value |-> [val |-> v1], term |-> 2, type |-> ValueEntry],
         [value |-> [val |-> v2], term |-> 2, type |-> ValueEntry],
         [value |-> [val |-> 0], term |-> 2, type |-> ValueEntry],
         [value |-> [val |-> 0], term |-> 2, type |-> ValueEntry],
         [value |-> [val |-> v2], term |-> 2, type |-> ValueEntry],
         [value |-> [val |-> 0], term |-> 2, type |-> ValueEntry],
         [value |-> [val |-> v2], term |-> 2, type |-> ValueEntry] >> @@
  s2 :>
      << [ value |-> [newconf |-> {s1}, learners |-> {}],
           term |-> 1,
           type |-> ConfigEntry ],
         [ value |-> [newconf |-> {s1, s2}, learners |-> {}],
           term |-> 1,
           type |-> ConfigEntry ],
         [ value |-> [newconf |-> {s1, s2, s3}, learners |-> {}],
           term |-> 1,
           type |-> ConfigEntry ],
         [ value |->
               [ newconf |-> {s3},
                 learners |-> {},
                 enterJoint |-> TRUE,
                 oldconf |-> {s1, s2, s3} ],
           term |-> 2,
           type |-> ConfigEntry ],
         [value |-> [val |-> v1], term |-> 2, type |-> ValueEntry],
         [value |-> [val |-> v2], term |-> 2, type |-> ValueEntry] >> @@
  s3 :>
      << [ value |-> [newconf |-> {s1}, learners |-> {}],
           term |-> 1,
           type |-> ConfigEntry ],
         [ value |-> [newconf |-> {s1, s2}, learners |-> {}],
           term |-> 1,
           type |-> ConfigEntry ],
         [ value |-> [newconf |-> {s1, s2, s3}, learners |-> {}],
           term |-> 1,
           type |-> ConfigEntry ] >> )
/\ nextIndex = ( s1 :> (s1 :> 11 @@ s2 :> 10 @@ s3 :> 4) @@
  s2 :> (s1 :> 1 @@ s2 :> 1 @@ s3 :> 1) @@
  s3 :> (s1 :> 1 @@ s2 :> 1 @@ s3 :> 1) )
/\ commitIndex = (s1 :> 10 @@ s2 :> 3 @@ s3 :> 3)
/\ inflights = ( s1 :> (s1 :> {} @@ s2 :> {} @@ s3 :> {}) @@
  s2 :> (s1 :> {} @@ s2 :> {} @@ s3 :> {}) @@
  s3 :> (s1 :> {} @@ s2 :> {} @@ s3 :> {}) )
/\ messages = ( [ mdest |-> s1,
    msource |-> s2,
    mterm |-> 2,
    mtype |-> AppendEntriesResponse,
    mseq |-> 29,
    msubtype |-> "app",
    msuccess |-> FALSE,
    mmatchIndex |-> 8,
    mrejectHint |-> 6,
    mlogTerm |-> 2 ] :>
      1 )
/\ currentTerm = (s1 :> 2 @@ s2 :> 2 @@ s3 :> 2)
/\ log = ( s1 :>
      [ offset |-> 1,
        entries |->
            << [ value |-> [newconf |-> {s1}, learners |-> {}],
                 term |-> 1,
                 type |-> ConfigEntry ],
               [ value |-> [newconf |-> {s1, s2}, learners |-> {}],
                 term |-> 1,
                 type |-> ConfigEntry ],
               [ value |-> [newconf |-> {s1, s2, s3}, learners |-> {}],
                 term |-> 1,
                 type |-> ConfigEntry ],
               [ value |->
                     [ newconf |-> {s3},
                       learners |-> {},
                       enterJoint |-> TRUE,
                       oldconf |-> {s1, s2, s3} ],
                 term |-> 2,
                 type |-> ConfigEntry ],
               [value |-> [val |-> v1], term |-> 2, type |-> ValueEntry],
               [value |-> [val |-> v2], term |-> 2, type |-> ValueEntry],
               [value |-> [val |-> 0], term |-> 2, type |-> ValueEntry],
               [value |-> [val |-> 0], term |-> 2, type |-> ValueEntry],
               [value |-> [val |-> v2], term |-> 2, type |-> ValueEntry],
               [value |-> [val |-> 0], term |-> 2, type |-> ValueEntry],
               [value |-> [val |-> v2], term |-> 2, type |-> ValueEntry] >>,
        snapshotIndex |-> 0,
        snapshotTerm |-> 0 ] @@
  s2 :>
      [ offset |-> 1,
        entries |->
            << [ value |-> [newconf |-> {s1}, learners |-> {}],
                 term |-> 1,
                 type |-> ConfigEntry ],
               [ value |-> [newconf |-> {s1, s2}, learners |-> {}],
                 term |-> 1,
                 type |-> ConfigEntry ],
               [ value |-> [newconf |-> {s1, s2, s3}, learners |-> {}],
                 term |-> 1,
                 type |-> ConfigEntry ],
               [ value |->
                     [ newconf |-> {s3},
                       learners |-> {},
                       enterJoint |-> TRUE,
                       oldconf |-> {s1, s2, s3} ],
                 term |-> 2,
                 type |-> ConfigEntry ],
               [value |-> [val |-> v1], term |-> 2, type |-> ValueEntry],
               [value |-> [val |-> v2], term |-> 2, type |-> ValueEntry] >>,
        snapshotIndex |-> 0,
        snapshotTerm |-> 0 ] @@
  s3 :>
      [ offset |-> 3,
        entries |->
            << [ value |-> [newconf |-> {s1, s2, s3}, learners |-> {}],
                 term |-> 1,
                 type |-> ConfigEntry ] >>,
        snapshotIndex |-> 2,
        snapshotTerm |-> 1 ] )
/\ partitions = (s1 :> 0 @@ s2 :> 0 @@ s3 :> 0)
/\ votesGranted = (s1 :> {s1, s2} @@ s2 :> {} @@ s3 :> {})
/\ pendingConfChangeIndex = (s1 :> 0 @@ s2 :> 0 @@ s3 :> 0)

@!@!@ENDMSG 2217 @!@!@
@!@!@STARTMSG 2217:4 @!@!@
93: <MCDynamicConfigActions line 426, col 8 to line 436, col 29 of module MCetcdraft>
/\ progressState = ( s1 :> (s1 :> StateReplicate @@ s2 :> StateProbe @@ s3 :> StateProbe) @@
  s2 :> (s1 :> StateProbe @@ s2 :> StateProbe @@ s3 :> StateProbe) @@
  s3 :> (s1 :> StateProbe @@ s2 :> StateProbe @@ s3 :> StateProbe) )
/\ msgSeqCounter = 30
/\ constraintCounters = [ timeout |-> 2,
  request |-> 4,
  restart |-> 1,
  drop |-> 2,
  duplicate |-> 0,
  heartbeat |-> 4,
  stepDown |-> 1,
  snapshot |-> 1,
  compact |-> 1,
  confChange |-> 1,
  reportUnreachable |-> 1,
  partition |-> 0 ]
/\ pendingMessages = <<>>
/\ appliedConfigIndex = (s1 :> 0 @@ s2 :> 3 @@ s3 :> 3)
/\ reconfigCount = 1
/\ votesResponded = (s1 :> {s1, s2, s3} @@ s2 :> {} @@ s3 :> {})
/\ msgAppFlowPaused = ( s1 :> (s1 :> FALSE @@ s2 :> FALSE @@ s3 :> FALSE) @@
  s2 :> (s1 :> FALSE @@ s2 :> FALSE @@ s3 :> FALSE) @@
  s3 :> (s1 :> FALSE @@ s2 :> FALSE @@ s3 :> FALSE) )
/\ state = (s1 :> Leader @@ s2 :> Follower @@ s3 :> Follower)
/\ pendingSnapshot = ( s1 :> (s1 :> 0 @@ s2 :> 0 @@ s3 :> 0) @@
  s2 :> (s1 :> 0 @@ s2 :> 0 @@ s3 :> 0) @@
  s3 :> (s1 :> 0 @@ s2 :> 0 @@ s3 :> 0) )
/\ config = ( s1 :> [learners |-> {}, jointConfig |-> <<{s3}, {}>>, autoLeave |-> FALSE] @@
  s2 :>
      [ learners |-> {},
        jointConfig |-> <<{s1, s2, s3}, {}>>,
        autoLeave |-> FALSE ] @@
  s3 :>
      [ learners |-> {},
        jointConfig |-> <<{s1, s2, s3}, {}>>,
        autoLeave |-> FALSE ] )
/\ matchIndex = ( s1 :> (s1 :> 10 @@ s2 :> 0 @@ s3 :> 0) @@
  s2 :> (s1 :> 0 @@ s2 :> 0 @@ s3 :> 0) @@
  s3 :> (s1 :> 0 @@ s2 :> 0 @@ s3 :> 0) )
/\ applied = (s1 :> 3 @@ s2 :> 0 @@ s3 :> 3)
/\ votedFor = (s1 :> s1 @@ s2 :> s1 @@ s3 :> s3)
/\ durableState = ( s1 :>
      [ currentTerm |-> 2,
        votedFor |-> s1,
        log |-> 11,
        entries |->
            << [ value |-> [newconf |-> {s1}, learners |-> {}],
                 term |-> 1,
                 type |-> ConfigEntry ],
               [ value |-> [newconf |-> {s1, s2}, learners |-> {}],
                 term |-> 1,
                 type |-> ConfigEntry ],
               [ value |-> [newconf |-> {s1, s2, s3}, learners |-> {}],
                 term |-> 1,
                 type |-> ConfigEntry ],
               [ value |->
                     [ newconf |-> {s3},
                       learners |-> {},
                       enterJoint |-> TRUE,
                       oldconf |-> {s1, s2, s3} ],
                 term |-> 2,
                 type |-> ConfigEntry ],
               [value |-> [val |-> v1], term |-> 2, type |-> ValueEntry],
               [value |-> [val |-> v2], term |-> 2, type |-> ValueEntry],
               [value |-> [val |-> 0], term |-> 2, type |-> ValueEntry],
               [value |-> [val |-> 0], term |-> 2, type |-> ValueEntry],
               [value |-> [val |-> v2], term |-> 2, type |-> ValueEntry],
               [value |-> [val |-> 0], term |-> 2, type |-> ValueEntry],
               [value |-> [val |-> v2], term |-> 2, type |-> ValueEntry] >>,
        snapshotIndex |-> 0,
        snapshotTerm |-> 0,
        commitIndex |-> 10,
        config |->
            [ learners |-> {},
              jointConfig |-> <<{s1}, {}>>,
              autoLeave |-> FALSE ],
        snapshotHistory |-> <<>> ] @@
  s2 :>
      [ currentTerm |-> 2,
        votedFor |-> s1,
        log |-> 6,
        entries |->
            << [ value |-> [newconf |-> {s1}, learners |-> {}],
                 term |-> 1,
                 type |-> ConfigEntry ],
               [ value |-> [newconf |-> {s1, s2}, learners |-> {}],
                 term |-> 1,
                 type |-> ConfigEntry ],
               [ value |-> [newconf |-> {s1, s2, s3}, learners |-> {}],
                 term |-> 1,
                 type |-> ConfigEntry ],
               [ value |->
                     [ newconf |-> {s3},
                       learners |-> {},
                       enterJoint |-> TRUE,
                       oldconf |-> {s1, s2, s3} ],
                 term |-> 2,
                 type |-> ConfigEntry ],
               [value |-> [val |-> v1], term |-> 2, type |-> ValueEntry],
               [value |-> [val |-> v2], term |-> 2, type |-> ValueEntry] >>,
        snapshotIndex |-> 0,
        snapshotTerm |-> 0,
        commitIndex |-> 3,
        config |->
            [ learners |-> {},
              jointConfig |-> <<{s1, s2, s3}, {}>>,
              autoLeave |-> FALSE ],
        snapshotHistory |-> <<>> ] @@
  s3 :>
      [ currentTerm |-> 2,
        votedFor |-> s3,
        log |-> 3,
        entries |->
            << [ value |-> [newconf |-> {s1, s2, s3}, learners |-> {}],
                 term |-> 1,
                 type |-> ConfigEntry ] >>,
        snapshotIndex |-> 2,
        snapshotTerm |-> 1,
        commitIndex |-> 3,
        config |->
            [ learners |-> {},
              jointConfig |-> <<{s1, s2, s3}, {}>>,
              autoLeave |-> FALSE ],
        snapshotHistory |->
            << [ value |-> [newconf |-> {s1}, learners |-> {}],
                 term |-> 1,
                 type |-> ConfigEntry ],
               [ value |-> [newconf |-> {s1, s2}, learners |-> {}],
                 term |-> 1,
                 type |-> ConfigEntry ] >> ] )
/\ historyLog = ( s1 :>
      << [ value |-> [newconf |-> {s1}, learners |-> {}],
           term |-> 1,
           type |-> ConfigEntry ],
         [ value |-> [newconf |-> {s1, s2}, learners |-> {}],
           term |-> 1,
           type |-> ConfigEntry ],
         [ value |-> [newconf |-> {s1, s2, s3}, learners |-> {}],
           term |-> 1,
           type |-> ConfigEntry ],
         [ value |->
               [ newconf |-> {s3},
                 learners |-> {},
                 enterJoint |-> TRUE,
                 oldconf |-> {s1, s2, s3} ],
           term |-> 2,
           type |-> ConfigEntry ],
         [value |-> [val |-> v1], term |-> 2, type |-> ValueEntry],
         [value |-> [val |-> v2], term |-> 2, type |-> ValueEntry],
         [value |-> [val |-> 0], term |-> 2, type |-> ValueEntry],
         [value |-> [val |-> 0], term |-> 2, type |-> ValueEntry],
         [value |-> [val |-> v2], term |-> 2, type |-> ValueEntry],
         [value |-> [val |-> 0], term |-> 2, type |-> ValueEntry],
         [value |-> [val |-> v2], term |-> 2, type |-> ValueEntry] >> @@
  s2 :>
      << [ value |-> [newconf |-> {s1}, learners |-> {}],
           term |-> 1,
           type |-> ConfigEntry ],
         [ value |-> [newconf |-> {s1, s2}, learners |-> {}],
           term |-> 1,
           type |-> ConfigEntry ],
         [ value |-> [newconf |-> {s1, s2, s3}, learners |-> {}],
           term |-> 1,
           type |-> ConfigEntry ],
         [ value |->
               [ newconf |-> {s3},
                 learners |-> {},
                 enterJoint |-> TRUE,
                 oldconf |-> {s1, s2, s3} ],
           term |-> 2,
           type |-> ConfigEntry ],
         [value |-> [val |-> v1], term |-> 2, type |-> ValueEntry],
         [value |-> [val |-> v2], term |-> 2, type |-> ValueEntry] >> @@
  s3 :>
      << [ value |-> [newconf |-> {s1}, learners |-> {}],
           term |-> 1,
           type |-> ConfigEntry ],
         [ value |-> [newconf |-> {s1, s2}, learners |-> {}],
           term |-> 1,
           type |-> ConfigEntry ],
         [ value |-> [newconf |-> {s1, s2, s3}, learners |-> {}],
           term |-> 1,
           type |-> ConfigEntry ] >> )
/\ nextIndex = ( s1 :> (s1 :> 11 @@ s2 :> 10 @@ s3 :> 4) @@
  s2 :> (s1 :> 1 @@ s2 :> 1 @@ s3 :> 1) @@
  s3 :> (s1 :> 1 @@ s2 :> 1 @@ s3 :> 1) )
/\ commitIndex = (s1 :> 10 @@ s2 :> 3 @@ s3 :> 3)
/\ inflights = ( s1 :> (s1 :> {} @@ s2 :> {} @@ s3 :> {}) @@
  s2 :> (s1 :> {} @@ s2 :> {} @@ s3 :> {}) @@
  s3 :> (s1 :> {} @@ s2 :> {} @@ s3 :> {}) )
/\ messages = ( [ mdest |-> s1,
    msource |-> s2,
    mterm |-> 2,
    mtype |-> AppendEntriesResponse,
    mseq |-> 29,
    msubtype |-> "app",
    msuccess |-> FALSE,
    mmatchIndex |-> 8,
    mrejectHint |-> 6,
    mlogTerm |-> 2 ] :>
      1 )
/\ currentTerm = (s1 :> 2 @@ s2 :> 2 @@ s3 :> 2)
/\ log = ( s1 :>
      [ offset |-> 1,
        entries |->
            << [ value |-> [newconf |-> {s1}, learners |-> {}],
                 term |-> 1,
                 type |-> ConfigEntry ],
               [ value |-> [newconf |-> {s1, s2}, learners |-> {}],
                 term |-> 1,
                 type |-> ConfigEntry ],
               [ value |-> [newconf |-> {s1, s2, s3}, learners |-> {}],
                 term |-> 1,
                 type |-> ConfigEntry ],
               [ value |->
                     [ newconf |-> {s3},
                       learners |-> {},
                       enterJoint |-> TRUE,
                       oldconf |-> {s1, s2, s3} ],
                 term |-> 2,
                 type |-> ConfigEntry ],
               [value |-> [val |-> v1], term |-> 2, type |-> ValueEntry],
               [value |-> [val |-> v2], term |-> 2, type |-> ValueEntry],
               [value |-> [val |-> 0], term |-> 2, type |-> ValueEntry],
               [value |-> [val |-> 0], term |-> 2, type |-> ValueEntry],
               [value |-> [val |-> v2], term |-> 2, type |-> ValueEntry],
               [value |-> [val |-> 0], term |-> 2, type |-> ValueEntry],
               [value |-> [val |-> v2], term |-> 2, type |-> ValueEntry] >>,
        snapshotIndex |-> 0,
        snapshotTerm |-> 0 ] @@
  s2 :>
      [ offset |-> 1,
        entries |->
            << [ value |-> [newconf |-> {s1}, learners |-> {}],
                 term |-> 1,
                 type |-> ConfigEntry ],
               [ value |-> [newconf |-> {s1, s2}, learners |-> {}],
                 term |-> 1,
                 type |-> ConfigEntry ],
               [ value |-> [newconf |-> {s1, s2, s3}, learners |-> {}],
                 term |-> 1,
                 type |-> ConfigEntry ],
               [ value |->
                     [ newconf |-> {s3},
                       learners |-> {},
                       enterJoint |-> TRUE,
                       oldconf |-> {s1, s2, s3} ],
                 term |-> 2,
                 type |-> ConfigEntry ],
               [value |-> [val |-> v1], term |-> 2, type |-> ValueEntry],
               [value |-> [val |-> v2], term |-> 2, type |-> ValueEntry] >>,
        snapshotIndex |-> 0,
        snapshotTerm |-> 0 ] @@
  s3 :>
      [ offset |-> 3,
        entries |->
            << [ value |-> [newconf |-> {s1, s2, s3}, learners |-> {}],
                 term |-> 1,
                 type |-> ConfigEntry ] >>,
        snapshotIndex |-> 2,
        snapshotTerm |-> 1 ] )
/\ partitions = (s1 :> 0 @@ s2 :> 0 @@ s3 :> 0)
/\ votesGranted = (s1 :> {s1, s2} @@ s2 :> {} @@ s3 :> {})
/\ pendingConfChangeIndex = (s1 :> 0 @@ s2 :> 0 @@ s3 :> 0)

@!@!@ENDMSG 2217 @!@!@
@!@!@STARTMSG 2217:4 @!@!@
94: <MCDynamicConfigActions line 417, col 8 to line 418, col 29 of module MCetcdraft>
/\ progressState = ( s1 :> (s1 :> StateReplicate @@ s2 :> StateProbe @@ s3 :> StateProbe) @@
  s2 :> (s1 :> StateProbe @@ s2 :> StateProbe @@ s3 :> StateProbe) @@
  s3 :> (s1 :> StateProbe @@ s2 :> StateProbe @@ s3 :> StateProbe) )
/\ msgSeqCounter = 30
/\ constraintCounters = [ timeout |-> 2,
  request |-> 4,
  restart |-> 1,
  drop |-> 2,
  duplicate |-> 0,
  heartbeat |-> 4,
  stepDown |-> 1,
  snapshot |-> 1,
  compact |-> 1,
  confChange |-> 1,
  reportUnreachable |-> 1,
  partition |-> 0 ]
/\ pendingMessages = <<>>
/\ appliedConfigIndex = (s1 :> 1 @@ s2 :> 3 @@ s3 :> 3)
/\ reconfigCount = 1
/\ votesResponded = (s1 :> {s1, s2, s3} @@ s2 :> {} @@ s3 :> {})
/\ msgAppFlowPaused = ( s1 :> (s1 :> FALSE @@ s2 :> FALSE @@ s3 :> FALSE) @@
  s2 :> (s1 :> FALSE @@ s2 :> FALSE @@ s3 :> FALSE) @@
  s3 :> (s1 :> FALSE @@ s2 :> FALSE @@ s3 :> FALSE) )
/\ state = (s1 :> Leader @@ s2 :> Follower @@ s3 :> Follower)
/\ pendingSnapshot = ( s1 :> (s1 :> 0 @@ s2 :> 0 @@ s3 :> 0) @@
  s2 :> (s1 :> 0 @@ s2 :> 0 @@ s3 :> 0) @@
  s3 :> (s1 :> 0 @@ s2 :> 0 @@ s3 :> 0) )
/\ config = ( s1 :> [learners |-> {}, jointConfig |-> <<{s1}, {}>>, autoLeave |-> FALSE] @@
  s2 :>
      [ learners |-> {},
        jointConfig |-> <<{s1, s2, s3}, {}>>,
        autoLeave |-> FALSE ] @@
  s3 :>
      [ learners |-> {},
        jointConfig |-> <<{s1, s2, s3}, {}>>,
        autoLeave |-> FALSE ] )
/\ matchIndex = ( s1 :> (s1 :> 10 @@ s2 :> 0 @@ s3 :> 0) @@
  s2 :> (s1 :> 0 @@ s2 :> 0 @@ s3 :> 0) @@
  s3 :> (s1 :> 0 @@ s2 :> 0 @@ s3 :> 0) )
/\ applied = (s1 :> 3 @@ s2 :> 0 @@ s3 :> 3)
/\ votedFor = (s1 :> s1 @@ s2 :> s1 @@ s3 :> s3)
/\ durableState = ( s1 :>
      [ currentTerm |-> 2,
        votedFor |-> s1,
        log |-> 11,
        entries |->
            << [ value |-> [newconf |-> {s1}, learners |-> {}],
                 term |-> 1,
                 type |-> ConfigEntry ],
               [ value |-> [newconf |-> {s1, s2}, learners |-> {}],
                 term |-> 1,
                 type |-> ConfigEntry ],
               [ value |-> [newconf |-> {s1, s2, s3}, learners |-> {}],
                 term |-> 1,
                 type |-> ConfigEntry ],
               [ value |->
                     [ newconf |-> {s3},
                       learners |-> {},
                       enterJoint |-> TRUE,
                       oldconf |-> {s1, s2, s3} ],
                 term |-> 2,
                 type |-> ConfigEntry ],
               [value |-> [val |-> v1], term |-> 2, type |-> ValueEntry],
               [value |-> [val |-> v2], term |-> 2, type |-> ValueEntry],
               [value |-> [val |-> 0], term |-> 2, type |-> ValueEntry],
               [value |-> [val |-> 0], term |-> 2, type |-> ValueEntry],
               [value |-> [val |-> v2], term |-> 2, type |-> ValueEntry],
               [value |-> [val |-> 0], term |-> 2, type |-> ValueEntry],
               [value |-> [val |-> v2], term |-> 2, type |-> ValueEntry] >>,
        snapshotIndex |-> 0,
        snapshotTerm |-> 0,
        commitIndex |-> 10,
        config |->
            [ learners |-> {},
              jointConfig |-> <<{s1}, {}>>,
              autoLeave |-> FALSE ],
        snapshotHistory |-> <<>> ] @@
  s2 :>
      [ currentTerm |-> 2,
        votedFor |-> s1,
        log |-> 6,
        entries |->
            << [ value |-> [newconf |-> {s1}, learners |-> {}],
                 term |-> 1,
                 type |-> ConfigEntry ],
               [ value |-> [newconf |-> {s1, s2}, learners |-> {}],
                 term |-> 1,
                 type |-> ConfigEntry ],
               [ value |-> [newconf |-> {s1, s2, s3}, learners |-> {}],
                 term |-> 1,
                 type |-> ConfigEntry ],
               [ value |->
                     [ newconf |-> {s3},
                       learners |-> {},
                       enterJoint |-> TRUE,
                       oldconf |-> {s1, s2, s3} ],
                 term |-> 2,
                 type |-> ConfigEntry ],
               [value |-> [val |-> v1], term |-> 2, type |-> ValueEntry],
               [value |-> [val |-> v2], term |-> 2, type |-> ValueEntry] >>,
        snapshotIndex |-> 0,
        snapshotTerm |-> 0,
        commitIndex |-> 3,
        config |->
            [ learners |-> {},
              jointConfig |-> <<{s1, s2, s3}, {}>>,
              autoLeave |-> FALSE ],
        snapshotHistory |-> <<>> ] @@
  s3 :>
      [ currentTerm |-> 2,
        votedFor |-> s3,
        log |-> 3,
        entries |->
            << [ value |-> [newconf |-> {s1, s2, s3}, learners |-> {}],
                 term |-> 1,
                 type |-> ConfigEntry ] >>,
        snapshotIndex |-> 2,
        snapshotTerm |-> 1,
        commitIndex |-> 3,
        config |->
            [ learners |-> {},
              jointConfig |-> <<{s1, s2, s3}, {}>>,
              autoLeave |-> FALSE ],
        snapshotHistory |->
            << [ value |-> [newconf |-> {s1}, learners |-> {}],
                 term |-> 1,
                 type |-> ConfigEntry ],
               [ value |-> [newconf |-> {s1, s2}, learners |-> {}],
                 term |-> 1,
                 type |-> ConfigEntry ] >> ] )
/\ historyLog = ( s1 :>
      << [ value |-> [newconf |-> {s1}, learners |-> {}],
           term |-> 1,
           type |-> ConfigEntry ],
         [ value |-> [newconf |-> {s1, s2}, learners |-> {}],
           term |-> 1,
           type |-> ConfigEntry ],
         [ value |-> [newconf |-> {s1, s2, s3}, learners |-> {}],
           term |-> 1,
           type |-> ConfigEntry ],
         [ value |->
               [ newconf |-> {s3},
                 learners |-> {},
                 enterJoint |-> TRUE,
                 oldconf |-> {s1, s2, s3} ],
           term |-> 2,
           type |-> ConfigEntry ],
         [value |-> [val |-> v1], term |-> 2, type |-> ValueEntry],
         [value |-> [val |-> v2], term |-> 2, type |-> ValueEntry],
         [value |-> [val |-> 0], term |-> 2, type |-> ValueEntry],
         [value |-> [val |-> 0], term |-> 2, type |-> ValueEntry],
         [value |-> [val |-> v2], term |-> 2, type |-> ValueEntry],
         [value |-> [val |-> 0], term |-> 2, type |-> ValueEntry],
         [value |-> [val |-> v2], term |-> 2, type |-> ValueEntry] >> @@
  s2 :>
      << [ value |-> [newconf |-> {s1}, learners |-> {}],
           term |-> 1,
           type |-> ConfigEntry ],
         [ value |-> [newconf |-> {s1, s2}, learners |-> {}],
           term |-> 1,
           type |-> ConfigEntry ],
         [ value |-> [newconf |-> {s1, s2, s3}, learners |-> {}],
           term |-> 1,
           type |-> ConfigEntry ],
         [ value |->
               [ newconf |-> {s3},
                 learners |-> {},
                 enterJoint |-> TRUE,
                 oldconf |-> {s1, s2, s3} ],
           term |-> 2,
           type |-> ConfigEntry ],
         [value |-> [val |-> v1], term |-> 2, type |-> ValueEntry],
         [value |-> [val |-> v2], term |-> 2, type |-> ValueEntry] >> @@
  s3 :>
      << [ value |-> [newconf |-> {s1}, learners |-> {}],
           term |-> 1,
           type |-> ConfigEntry ],
         [ value |-> [newconf |-> {s1, s2}, learners |-> {}],
           term |-> 1,
           type |-> ConfigEntry ],
         [ value |-> [newconf |-> {s1, s2, s3}, learners |-> {}],
           term |-> 1,
           type |-> ConfigEntry ] >> )
/\ nextIndex = ( s1 :> (s1 :> 11 @@ s2 :> 10 @@ s3 :> 4) @@
  s2 :> (s1 :> 1 @@ s2 :> 1 @@ s3 :> 1) @@
  s3 :> (s1 :> 1 @@ s2 :> 1 @@ s3 :> 1) )
/\ commitIndex = (s1 :> 10 @@ s2 :> 3 @@ s3 :> 3)
/\ inflights = ( s1 :> (s1 :> {} @@ s2 :> {} @@ s3 :> {}) @@
  s2 :> (s1 :> {} @@ s2 :> {} @@ s3 :> {}) @@
  s3 :> (s1 :> {} @@ s2 :> {} @@ s3 :> {}) )
/\ messages = ( [ mdest |-> s1,
    msource |-> s2,
    mterm |-> 2,
    mtype |-> AppendEntriesResponse,
    mseq |-> 29,
    msubtype |-> "app",
    msuccess |-> FALSE,
    mmatchIndex |-> 8,
    mrejectHint |-> 6,
    mlogTerm |-> 2 ] :>
      1 )
/\ currentTerm = (s1 :> 2 @@ s2 :> 2 @@ s3 :> 2)
/\ log = ( s1 :>
      [ offset |-> 1,
        entries |->
            << [ value |-> [newconf |-> {s1}, learners |-> {}],
                 term |-> 1,
                 type |-> ConfigEntry ],
               [ value |-> [newconf |-> {s1, s2}, learners |-> {}],
                 term |-> 1,
                 type |-> ConfigEntry ],
               [ value |-> [newconf |-> {s1, s2, s3}, learners |-> {}],
                 term |-> 1,
                 type |-> ConfigEntry ],
               [ value |->
                     [ newconf |-> {s3},
                       learners |-> {},
                       enterJoint |-> TRUE,
                       oldconf |-> {s1, s2, s3} ],
                 term |-> 2,
                 type |-> ConfigEntry ],
               [value |-> [val |-> v1], term |-> 2, type |-> ValueEntry],
               [value |-> [val |-> v2], term |-> 2, type |-> ValueEntry],
               [value |-> [val |-> 0], term |-> 2, type |-> ValueEntry],
               [value |-> [val |-> 0], term |-> 2, type |-> ValueEntry],
               [value |-> [val |-> v2], term |-> 2, type |-> ValueEntry],
               [value |-> [val |-> 0], term |-> 2, type |-> ValueEntry],
               [value |-> [val |-> v2], term |-> 2, type |-> ValueEntry] >>,
        snapshotIndex |-> 0,
        snapshotTerm |-> 0 ] @@
  s2 :>
      [ offset |-> 1,
        entries |->
            << [ value |-> [newconf |-> {s1}, learners |-> {}],
                 term |-> 1,
                 type |-> ConfigEntry ],
               [ value |-> [newconf |-> {s1, s2}, learners |-> {}],
                 term |-> 1,
                 type |-> ConfigEntry ],
               [ value |-> [newconf |-> {s1, s2, s3}, learners |-> {}],
                 term |-> 1,
                 type |-> ConfigEntry ],
               [ value |->
                     [ newconf |-> {s3},
                       learners |-> {},
                       enterJoint |-> TRUE,
                       oldconf |-> {s1, s2, s3} ],
                 term |-> 2,
                 type |-> ConfigEntry ],
               [value |-> [val |-> v1], term |-> 2, type |-> ValueEntry],
               [value |-> [val |-> v2], term |-> 2, type |-> ValueEntry] >>,
        snapshotIndex |-> 0,
        snapshotTerm |-> 0 ] @@
  s3 :>
      [ offset |-> 3,
        entries |->
            << [ value |-> [newconf |-> {s1, s2, s3}, learners |-> {}],
                 term |-> 1,
                 type |-> ConfigEntry ] >>,
        snapshotIndex |-> 2,
        snapshotTerm |-> 1 ] )
/\ partitions = (s1 :> 0 @@ s2 :> 0 @@ s3 :> 0)
/\ votesGranted = (s1 :> {s1, s2} @@ s2 :> {} @@ s3 :> {})
/\ pendingConfChangeIndex = (s1 :> 0 @@ s2 :> 0 @@ s3 :> 0)

@!@!@ENDMSG 2217 @!@!@
@!@!@STARTMSG 2217:4 @!@!@
95: <MCDynamicConfigActions line 417, col 8 to line 418, col 29 of module MCetcdraft>
/\ progressState = ( s1 :> (s1 :> StateReplicate @@ s2 :> StateProbe @@ s3 :> StateProbe) @@
  s2 :> (s1 :> StateProbe @@ s2 :> StateProbe @@ s3 :> StateProbe) @@
  s3 :> (s1 :> StateProbe @@ s2 :> StateProbe @@ s3 :> StateProbe) )
/\ msgSeqCounter = 30
/\ constraintCounters = [ timeout |-> 2,
  request |-> 4,
  restart |-> 1,
  drop |-> 2,
  duplicate |-> 0,
  heartbeat |-> 4,
  stepDown |-> 1,
  snapshot |-> 1,
  compact |-> 1,
  confChange |-> 1,
  reportUnreachable |-> 1,
  partition |-> 0 ]
/\ pendingMessages = <<>>
/\ appliedConfigIndex = (s1 :> 2 @@ s2 :> 3 @@ s3 :> 3)
/\ reconfigCount = 1
/\ votesResponded = (s1 :> {s1, s2, s3} @@ s2 :> {} @@ s3 :> {})
/\ msgAppFlowPaused = ( s1 :> (s1 :> FALSE @@ s2 :> FALSE @@ s3 :> FALSE) @@
  s2 :> (s1 :> FALSE @@ s2 :> FALSE @@ s3 :> FALSE) @@
  s3 :> (s1 :> FALSE @@ s2 :> FALSE @@ s3 :> FALSE) )
/\ state = (s1 :> Leader @@ s2 :> Follower @@ s3 :> Follower)
/\ pendingSnapshot = ( s1 :> (s1 :> 0 @@ s2 :> 0 @@ s3 :> 0) @@
  s2 :> (s1 :> 0 @@ s2 :> 0 @@ s3 :> 0) @@
  s3 :> (s1 :> 0 @@ s2 :> 0 @@ s3 :> 0) )
/\ config = ( s1 :>
      [ learners |-> {},
        jointConfig |-> <<{s1, s2}, {}>>,
        autoLeave |-> FALSE ] @@
  s2 :>
      [ learners |-> {},
        jointConfig |-> <<{s1, s2, s3}, {}>>,
        autoLeave |-> FALSE ] @@
  s3 :>
      [ learners |-> {},
        jointConfig |-> <<{s1, s2, s3}, {}>>,
        autoLeave |-> FALSE ] )
/\ matchIndex = ( s1 :> (s1 :> 10 @@ s2 :> 0 @@ s3 :> 0) @@
  s2 :> (s1 :> 0 @@ s2 :> 0 @@ s3 :> 0) @@
  s3 :> (s1 :> 0 @@ s2 :> 0 @@ s3 :> 0) )
/\ applied = (s1 :> 3 @@ s2 :> 0 @@ s3 :> 3)
/\ votedFor = (s1 :> s1 @@ s2 :> s1 @@ s3 :> s3)
/\ durableState = ( s1 :>
      [ currentTerm |-> 2,
        votedFor |-> s1,
        log |-> 11,
        entries |->
            << [ value |-> [newconf |-> {s1}, learners |-> {}],
                 term |-> 1,
                 type |-> ConfigEntry ],
               [ value |-> [newconf |-> {s1, s2}, learners |-> {}],
                 term |-> 1,
                 type |-> ConfigEntry ],
               [ value |-> [newconf |-> {s1, s2, s3}, learners |-> {}],
                 term |-> 1,
                 type |-> ConfigEntry ],
               [ value |->
                     [ newconf |-> {s3},
                       learners |-> {},
                       enterJoint |-> TRUE,
                       oldconf |-> {s1, s2, s3} ],
                 term |-> 2,
                 type |-> ConfigEntry ],
               [value |-> [val |-> v1], term |-> 2, type |-> ValueEntry],
               [value |-> [val |-> v2], term |-> 2, type |-> ValueEntry],
               [value |-> [val |-> 0], term |-> 2, type |-> ValueEntry],
               [value |-> [val |-> 0], term |-> 2, type |-> ValueEntry],
               [value |-> [val |-> v2], term |-> 2, type |-> ValueEntry],
               [value |-> [val |-> 0], term |-> 2, type |-> ValueEntry],
               [value |-> [val |-> v2], term |-> 2, type |-> ValueEntry] >>,
        snapshotIndex |-> 0,
        snapshotTerm |-> 0,
        commitIndex |-> 10,
        config |->
            [ learners |-> {},
              jointConfig |-> <<{s1}, {}>>,
              autoLeave |-> FALSE ],
        snapshotHistory |-> <<>> ] @@
  s2 :>
      [ currentTerm |-> 2,
        votedFor |-> s1,
        log |-> 6,
        entries |->
            << [ value |-> [newconf |-> {s1}, learners |-> {}],
                 term |-> 1,
                 type |-> ConfigEntry ],
               [ value |-> [newconf |-> {s1, s2}, learners |-> {}],
                 term |-> 1,
                 type |-> ConfigEntry ],
               [ value |-> [newconf |-> {s1, s2, s3}, learners |-> {}],
                 term |-> 1,
                 type |-> ConfigEntry ],
               [ value |->
                     [ newconf |-> {s3},
                       learners |-> {},
                       enterJoint |-> TRUE,
                       oldconf |-> {s1, s2, s3} ],
                 term |-> 2,
                 type |-> ConfigEntry ],
               [value |-> [val |-> v1], term |-> 2, type |-> ValueEntry],
               [value |-> [val |-> v2], term |-> 2, type |-> ValueEntry] >>,
        snapshotIndex |-> 0,
        snapshotTerm |-> 0,
        commitIndex |-> 3,
        config |->
            [ learners |-> {},
              jointConfig |-> <<{s1, s2, s3}, {}>>,
              autoLeave |-> FALSE ],
        snapshotHistory |-> <<>> ] @@
  s3 :>
      [ currentTerm |-> 2,
        votedFor |-> s3,
        log |-> 3,
        entries |->
            << [ value |-> [newconf |-> {s1, s2, s3}, learners |-> {}],
                 term |-> 1,
                 type |-> ConfigEntry ] >>,
        snapshotIndex |-> 2,
        snapshotTerm |-> 1,
        commitIndex |-> 3,
        config |->
            [ learners |-> {},
              jointConfig |-> <<{s1, s2, s3}, {}>>,
              autoLeave |-> FALSE ],
        snapshotHistory |->
            << [ value |-> [newconf |-> {s1}, learners |-> {}],
                 term |-> 1,
                 type |-> ConfigEntry ],
               [ value |-> [newconf |-> {s1, s2}, learners |-> {}],
                 term |-> 1,
                 type |-> ConfigEntry ] >> ] )
/\ historyLog = ( s1 :>
      << [ value |-> [newconf |-> {s1}, learners |-> {}],
           term |-> 1,
           type |-> ConfigEntry ],
         [ value |-> [newconf |-> {s1, s2}, learners |-> {}],
           term |-> 1,
           type |-> ConfigEntry ],
         [ value |-> [newconf |-> {s1, s2, s3}, learners |-> {}],
           term |-> 1,
           type |-> ConfigEntry ],
         [ value |->
               [ newconf |-> {s3},
                 learners |-> {},
                 enterJoint |-> TRUE,
                 oldconf |-> {s1, s2, s3} ],
           term |-> 2,
           type |-> ConfigEntry ],
         [value |-> [val |-> v1], term |-> 2, type |-> ValueEntry],
         [value |-> [val |-> v2], term |-> 2, type |-> ValueEntry],
         [value |-> [val |-> 0], term |-> 2, type |-> ValueEntry],
         [value |-> [val |-> 0], term |-> 2, type |-> ValueEntry],
         [value |-> [val |-> v2], term |-> 2, type |-> ValueEntry],
         [value |-> [val |-> 0], term |-> 2, type |-> ValueEntry],
         [value |-> [val |-> v2], term |-> 2, type |-> ValueEntry] >> @@
  s2 :>
      << [ value |-> [newconf |-> {s1}, learners |-> {}],
           term |-> 1,
           type |-> ConfigEntry ],
         [ value |-> [newconf |-> {s1, s2}, learners |-> {}],
           term |-> 1,
           type |-> ConfigEntry ],
         [ value |-> [newconf |-> {s1, s2, s3}, learners |-> {}],
           term |-> 1,
           type |-> ConfigEntry ],
         [ value |->
               [ newconf |-> {s3},
                 learners |-> {},
                 enterJoint |-> TRUE,
                 oldconf |-> {s1, s2, s3} ],
           term |-> 2,
           type |-> ConfigEntry ],
         [value |-> [val |-> v1], term |-> 2, type |-> ValueEntry],
         [value |-> [val |-> v2], term |-> 2, type |-> ValueEntry] >> @@
  s3 :>
      << [ value |-> [newconf |-> {s1}, learners |-> {}],
           term |-> 1,
           type |-> ConfigEntry ],
         [ value |-> [newconf |-> {s1, s2}, learners |-> {}],
           term |-> 1,
           type |-> ConfigEntry ],
         [ value |-> [newconf |-> {s1, s2, s3}, learners |-> {}],
           term |-> 1,
           type |-> ConfigEntry ] >> )
/\ nextIndex = ( s1 :> (s1 :> 11 @@ s2 :> 11 @@ s3 :> 4) @@
  s2 :> (s1 :> 1 @@ s2 :> 1 @@ s3 :> 1) @@
  s3 :> (s1 :> 1 @@ s2 :> 1 @@ s3 :> 1) )
/\ commitIndex = (s1 :> 10 @@ s2 :> 3 @@ s3 :> 3)
/\ inflights = ( s1 :> (s1 :> {} @@ s2 :> {} @@ s3 :> {}) @@
  s2 :> (s1 :> {} @@ s2 :> {} @@ s3 :> {}) @@
  s3 :> (s1 :> {} @@ s2 :> {} @@ s3 :> {}) )
/\ messages = ( [ mdest |-> s1,
    msource |-> s2,
    mterm |-> 2,
    mtype |-> AppendEntriesResponse,
    mseq |-> 29,
    msubtype |-> "app",
    msuccess |-> FALSE,
    mmatchIndex |-> 8,
    mrejectHint |-> 6,
    mlogTerm |-> 2 ] :>
      1 )
/\ currentTerm = (s1 :> 2 @@ s2 :> 2 @@ s3 :> 2)
/\ log = ( s1 :>
      [ offset |-> 1,
        entries |->
            << [ value |-> [newconf |-> {s1}, learners |-> {}],
                 term |-> 1,
                 type |-> ConfigEntry ],
               [ value |-> [newconf |-> {s1, s2}, learners |-> {}],
                 term |-> 1,
                 type |-> ConfigEntry ],
               [ value |-> [newconf |-> {s1, s2, s3}, learners |-> {}],
                 term |-> 1,
                 type |-> ConfigEntry ],
               [ value |->
                     [ newconf |-> {s3},
                       learners |-> {},
                       enterJoint |-> TRUE,
                       oldconf |-> {s1, s2, s3} ],
                 term |-> 2,
                 type |-> ConfigEntry ],
               [value |-> [val |-> v1], term |-> 2, type |-> ValueEntry],
               [value |-> [val |-> v2], term |-> 2, type |-> ValueEntry],
               [value |-> [val |-> 0], term |-> 2, type |-> ValueEntry],
               [value |-> [val |-> 0], term |-> 2, type |-> ValueEntry],
               [value |-> [val |-> v2], term |-> 2, type |-> ValueEntry],
               [value |-> [val |-> 0], term |-> 2, type |-> ValueEntry],
               [value |-> [val |-> v2], term |-> 2, type |-> ValueEntry] >>,
        snapshotIndex |-> 0,
        snapshotTerm |-> 0 ] @@
  s2 :>
      [ offset |-> 1,
        entries |->
            << [ value |-> [newconf |-> {s1}, learners |-> {}],
                 term |-> 1,
                 type |-> ConfigEntry ],
               [ value |-> [newconf |-> {s1, s2}, learners |-> {}],
                 term |-> 1,
                 type |-> ConfigEntry ],
               [ value |-> [newconf |-> {s1, s2, s3}, learners |-> {}],
                 term |-> 1,
                 type |-> ConfigEntry ],
               [ value |->
                     [ newconf |-> {s3},
                       learners |-> {},
                       enterJoint |-> TRUE,
                       oldconf |-> {s1, s2, s3} ],
                 term |-> 2,
                 type |-> ConfigEntry ],
               [value |-> [val |-> v1], term |-> 2, type |-> ValueEntry],
               [value |-> [val |-> v2], term |-> 2, type |-> ValueEntry] >>,
        snapshotIndex |-> 0,
        snapshotTerm |-> 0 ] @@
  s3 :>
      [ offset |-> 3,
        entries |->
            << [ value |-> [newconf |-> {s1, s2, s3}, learners |-> {}],
                 term |-> 1,
                 type |-> ConfigEntry ] >>,
        snapshotIndex |-> 2,
        snapshotTerm |-> 1 ] )
/\ partitions = (s1 :> 0 @@ s2 :> 0 @@ s3 :> 0)
/\ votesGranted = (s1 :> {s1, s2} @@ s2 :> {} @@ s3 :> {})
/\ pendingConfChangeIndex = (s1 :> 0 @@ s2 :> 0 @@ s3 :> 0)

@!@!@ENDMSG 2217 @!@!@
@!@!@STARTMSG 2217:4 @!@!@
96: <MCNextAsyncWithReady(s1) line 362, col 5 to line 362, col 35 of module MCetcdraft>
/\ progressState = ( s1 :> (s1 :> StateReplicate @@ s2 :> StateProbe @@ s3 :> StateProbe) @@
  s2 :> (s1 :> StateProbe @@ s2 :> StateProbe @@ s3 :> StateProbe) @@
  s3 :> (s1 :> StateProbe @@ s2 :> StateProbe @@ s3 :> StateProbe) )
/\ msgSeqCounter = 30
/\ constraintCounters = [ timeout |-> 2,
  request |-> 4,
  restart |-> 1,
  drop |-> 2,
  duplicate |-> 0,
  heartbeat |-> 4,
  stepDown |-> 1,
  snapshot |-> 1,
  compact |-> 1,
  confChange |-> 1,
  reportUnreachable |-> 1,
  partition |-> 0 ]
/\ pendingMessages = <<>>
/\ appliedConfigIndex = (s1 :> 2 @@ s2 :> 3 @@ s3 :> 3)
/\ reconfigCount = 1
/\ votesResponded = (s1 :> {s1, s2, s3} @@ s2 :> {} @@ s3 :> {})
/\ msgAppFlowPaused = ( s1 :> (s1 :> FALSE @@ s2 :> FALSE @@ s3 :> FALSE) @@
  s2 :> (s1 :> FALSE @@ s2 :> FALSE @@ s3 :> FALSE) @@
  s3 :> (s1 :> FALSE @@ s2 :> FALSE @@ s3 :> FALSE) )
/\ state = (s1 :> Leader @@ s2 :> Follower @@ s3 :> Follower)
/\ pendingSnapshot = ( s1 :> (s1 :> 0 @@ s2 :> 0 @@ s3 :> 0) @@
  s2 :> (s1 :> 0 @@ s2 :> 0 @@ s3 :> 0) @@
  s3 :> (s1 :> 0 @@ s2 :> 0 @@ s3 :> 0) )
/\ config = ( s1 :>
      [ learners |-> {},
        jointConfig |-> <<{s1, s2}, {}>>,
        autoLeave |-> FALSE ] @@
  s2 :>
      [ learners |-> {},
        jointConfig |-> <<{s1, s2, s3}, {}>>,
        autoLeave |-> FALSE ] @@
  s3 :>
      [ learners |-> {},
        jointConfig |-> <<{s1, s2, s3}, {}>>,
        autoLeave |-> FALSE ] )
/\ matchIndex = ( s1 :> (s1 :> 10 @@ s2 :> 0 @@ s3 :> 0) @@
  s2 :> (s1 :> 0 @@ s2 :> 0 @@ s3 :> 0) @@
  s3 :> (s1 :> 0 @@ s2 :> 0 @@ s3 :> 0) )
/\ applied = (s1 :> 3 @@ s2 :> 0 @@ s3 :> 3)
/\ votedFor = (s1 :> s1 @@ s2 :> s1 @@ s3 :> s3)
/\ durableState = ( s1 :>
      [ currentTerm |-> 2,
        votedFor |-> s1,
        log |-> 11,
        entries |->
            << [ value |-> [newconf |-> {s1}, learners |-> {}],
                 term |-> 1,
                 type |-> ConfigEntry ],
               [ value |-> [newconf |-> {s1, s2}, learners |-> {}],
                 term |-> 1,
                 type |-> ConfigEntry ],
               [ value |-> [newconf |-> {s1, s2, s3}, learners |-> {}],
                 term |-> 1,
                 type |-> ConfigEntry ],
               [ value |->
                     [ newconf |-> {s3},
                       learners |-> {},
                       enterJoint |-> TRUE,
                       oldconf |-> {s1, s2, s3} ],
                 term |-> 2,
                 type |-> ConfigEntry ],
               [value |-> [val |-> v1], term |-> 2, type |-> ValueEntry],
               [value |-> [val |-> v2], term |-> 2, type |-> ValueEntry],
               [value |-> [val |-> 0], term |-> 2, type |-> ValueEntry],
               [value |-> [val |-> 0], term |-> 2, type |-> ValueEntry],
               [value |-> [val |-> v2], term |-> 2, type |-> ValueEntry],
               [value |-> [val |-> 0], term |-> 2, type |-> ValueEntry],
               [value |-> [val |-> v2], term |-> 2, type |-> ValueEntry] >>,
        snapshotIndex |-> 0,
        snapshotTerm |-> 0,
        commitIndex |-> 10,
        config |->
            [ learners |-> {},
              jointConfig |-> <<{s1, s2}, {}>>,
              autoLeave |-> FALSE ],
        snapshotHistory |-> <<>> ] @@
  s2 :>
      [ currentTerm |-> 2,
        votedFor |-> s1,
        log |-> 6,
        entries |->
            << [ value |-> [newconf |-> {s1}, learners |-> {}],
                 term |-> 1,
                 type |-> ConfigEntry ],
               [ value |-> [newconf |-> {s1, s2}, learners |-> {}],
                 term |-> 1,
                 type |-> ConfigEntry ],
               [ value |-> [newconf |-> {s1, s2, s3}, learners |-> {}],
                 term |-> 1,
                 type |-> ConfigEntry ],
               [ value |->
                     [ newconf |-> {s3},
                       learners |-> {},
                       enterJoint |-> TRUE,
                       oldconf |-> {s1, s2, s3} ],
                 term |-> 2,
                 type |-> ConfigEntry ],
               [value |-> [val |-> v1], term |-> 2, type |-> ValueEntry],
               [value |-> [val |-> v2], term |-> 2, type |-> ValueEntry] >>,
        snapshotIndex |-> 0,
        snapshotTerm |-> 0,
        commitIndex |-> 3,
        config |->
            [ learners |-> {},
              jointConfig |-> <<{s1, s2, s3}, {}>>,
              autoLeave |-> FALSE ],
        snapshotHistory |-> <<>> ] @@
  s3 :>
      [ currentTerm |-> 2,
        votedFor |-> s3,
        log |-> 3,
        entries |->
            << [ value |-> [newconf |-> {s1, s2, s3}, learners |-> {}],
                 term |-> 1,
                 type |-> ConfigEntry ] >>,
        snapshotIndex |-> 2,
        snapshotTerm |-> 1,
        commitIndex |-> 3,
        config |->
            [ learners |-> {},
              jointConfig |-> <<{s1, s2, s3}, {}>>,
              autoLeave |-> FALSE ],
        snapshotHistory |->
            << [ value |-> [newconf |-> {s1}, learners |-> {}],
                 term |-> 1,
                 type |-> ConfigEntry ],
               [ value |-> [newconf |-> {s1, s2}, learners |-> {}],
                 term |-> 1,
                 type |-> ConfigEntry ] >> ] )
/\ historyLog = ( s1 :>
      << [ value |-> [newconf |-> {s1}, learners |-> {}],
           term |-> 1,
           type |-> ConfigEntry ],
         [ value |-> [newconf |-> {s1, s2}, learners |-> {}],
           term |-> 1,
           type |-> ConfigEntry ],
         [ value |-> [newconf |-> {s1, s2, s3}, learners |-> {}],
           term |-> 1,
           type |-> ConfigEntry ],
         [ value |->
               [ newconf |-> {s3},
                 learners |-> {},
                 enterJoint |-> TRUE,
                 oldconf |-> {s1, s2, s3} ],
           term |-> 2,
           type |-> ConfigEntry ],
         [value |-> [val |-> v1], term |-> 2, type |-> ValueEntry],
         [value |-> [val |-> v2], term |-> 2, type |-> ValueEntry],
         [value |-> [val |-> 0], term |-> 2, type |-> ValueEntry],
         [value |-> [val |-> 0], term |-> 2, type |-> ValueEntry],
         [value |-> [val |-> v2], term |-> 2, type |-> ValueEntry],
         [value |-> [val |-> 0], term |-> 2, type |-> ValueEntry],
         [value |-> [val |-> v2], term |-> 2, type |-> ValueEntry] >> @@
  s2 :>
      << [ value |-> [newconf |-> {s1}, learners |-> {}],
           term |-> 1,
           type |-> ConfigEntry ],
         [ value |-> [newconf |-> {s1, s2}, learners |-> {}],
           term |-> 1,
           type |-> ConfigEntry ],
         [ value |-> [newconf |-> {s1, s2, s3}, learners |-> {}],
           term |-> 1,
           type |-> ConfigEntry ],
         [ value |->
               [ newconf |-> {s3},
                 learners |-> {},
                 enterJoint |-> TRUE,
                 oldconf |-> {s1, s2, s3} ],
           term |-> 2,
           type |-> ConfigEntry ],
         [value |-> [val |-> v1], term |-> 2, type |-> ValueEntry],
         [value |-> [val |-> v2], term |-> 2, type |-> ValueEntry] >> @@
  s3 :>
      << [ value |-> [newconf |-> {s1}, learners |-> {}],
           term |-> 1,
           type |-> ConfigEntry ],
         [ value |-> [newconf |-> {s1, s2}, learners |-> {}],
           term |-> 1,
           type |-> ConfigEntry ],
         [ value |-> [newconf |-> {s1, s2, s3}, learners |-> {}],
           term |-> 1,
           type |-> ConfigEntry ] >> )
/\ nextIndex = ( s1 :> (s1 :> 11 @@ s2 :> 11 @@ s3 :> 4) @@
  s2 :> (s1 :> 1 @@ s2 :> 1 @@ s3 :> 1) @@
  s3 :> (s1 :> 1 @@ s2 :> 1 @@ s3 :> 1) )
/\ commitIndex = (s1 :> 10 @@ s2 :> 3 @@ s3 :> 3)
/\ inflights = ( s1 :> (s1 :> {} @@ s2 :> {} @@ s3 :> {}) @@
  s2 :> (s1 :> {} @@ s2 :> {} @@ s3 :> {}) @@
  s3 :> (s1 :> {} @@ s2 :> {} @@ s3 :> {}) )
/\ messages = ( [ mdest |-> s1,
    msource |-> s2,
    mterm |-> 2,
    mtype |-> AppendEntriesResponse,
    mseq |-> 29,
    msubtype |-> "app",
    msuccess |-> FALSE,
    mmatchIndex |-> 8,
    mrejectHint |-> 6,
    mlogTerm |-> 2 ] :>
      1 )
/\ currentTerm = (s1 :> 2 @@ s2 :> 2 @@ s3 :> 2)
/\ log = ( s1 :>
      [ offset |-> 1,
        entries |->
            << [ value |-> [newconf |-> {s1}, learners |-> {}],
                 term |-> 1,
                 type |-> ConfigEntry ],
               [ value |-> [newconf |-> {s1, s2}, learners |-> {}],
                 term |-> 1,
                 type |-> ConfigEntry ],
               [ value |-> [newconf |-> {s1, s2, s3}, learners |-> {}],
                 term |-> 1,
                 type |-> ConfigEntry ],
               [ value |->
                     [ newconf |-> {s3},
                       learners |-> {},
                       enterJoint |-> TRUE,
                       oldconf |-> {s1, s2, s3} ],
                 term |-> 2,
                 type |-> ConfigEntry ],
               [value |-> [val |-> v1], term |-> 2, type |-> ValueEntry],
               [value |-> [val |-> v2], term |-> 2, type |-> ValueEntry],
               [value |-> [val |-> 0], term |-> 2, type |-> ValueEntry],
               [value |-> [val |-> 0], term |-> 2, type |-> ValueEntry],
               [value |-> [val |-> v2], term |-> 2, type |-> ValueEntry],
               [value |-> [val |-> 0], term |-> 2, type |-> ValueEntry],
               [value |-> [val |-> v2], term |-> 2, type |-> ValueEntry] >>,
        snapshotIndex |-> 0,
        snapshotTerm |-> 0 ] @@
  s2 :>
      [ offset |-> 1,
        entries |->
            << [ value |-> [newconf |-> {s1}, learners |-> {}],
                 term |-> 1,
                 type |-> ConfigEntry ],
               [ value |-> [newconf |-> {s1, s2}, learners |-> {}],
                 term |-> 1,
                 type |-> ConfigEntry ],
               [ value |-> [newconf |-> {s1, s2, s3}, learners |-> {}],
                 term |-> 1,
                 type |-> ConfigEntry ],
               [ value |->
                     [ newconf |-> {s3},
                       learners |-> {},
                       enterJoint |-> TRUE,
                       oldconf |-> {s1, s2, s3} ],
                 term |-> 2,
                 type |-> ConfigEntry ],
               [value |-> [val |-> v1], term |-> 2, type |-> ValueEntry],
               [value |-> [val |-> v2], term |-> 2, type |-> ValueEntry] >>,
        snapshotIndex |-> 0,
        snapshotTerm |-> 0 ] @@
  s3 :>
      [ offset |-> 3,
        entries |->
            << [ value |-> [newconf |-> {s1, s2, s3}, learners |-> {}],
                 term |-> 1,
                 type |-> ConfigEntry ] >>,
        snapshotIndex |-> 2,
        snapshotTerm |-> 1 ] )
/\ partitions = (s1 :> 0 @@ s2 :> 0 @@ s3 :> 0)
/\ votesGranted = (s1 :> {s1, s2} @@ s2 :> {} @@ s3 :> {})
/\ pendingConfChangeIndex = (s1 :> 0 @@ s2 :> 0 @@ s3 :> 0)

@!@!@ENDMSG 2217 @!@!@
@!@!@STARTMSG 2217:4 @!@!@
97: <MCDynamicConfigActions line 426, col 8 to line 436, col 29 of module MCetcdraft>
/\ progressState = ( s1 :> (s1 :> StateReplicate @@ s2 :> StateProbe @@ s3 :> StateProbe) @@
  s2 :> (s1 :> StateProbe @@ s2 :> StateProbe @@ s3 :> StateProbe) @@
  s3 :> (s1 :> StateProbe @@ s2 :> StateProbe @@ s3 :> StateProbe) )
/\ msgSeqCounter = 30
/\ constraintCounters = [ timeout |-> 2,
  request |-> 4,
  restart |-> 1,
  drop |-> 2,
  duplicate |-> 0,
  heartbeat |-> 4,
  stepDown |-> 1,
  snapshot |-> 1,
  compact |-> 1,
  confChange |-> 1,
  reportUnreachable |-> 1,
  partition |-> 0 ]
/\ pendingMessages = <<>>
/\ appliedConfigIndex = (s1 :> 0 @@ s2 :> 3 @@ s3 :> 3)
/\ reconfigCount = 1
/\ votesResponded = (s1 :> {s1, s2, s3} @@ s2 :> {} @@ s3 :> {})
/\ msgAppFlowPaused = ( s1 :> (s1 :> FALSE @@ s2 :> FALSE @@ s3 :> FALSE) @@
  s2 :> (s1 :> FALSE @@ s2 :> FALSE @@ s3 :> FALSE) @@
  s3 :> (s1 :> FALSE @@ s2 :> FALSE @@ s3 :> FALSE) )
/\ state = (s1 :> Leader @@ s2 :> Follower @@ s3 :> Follower)
/\ pendingSnapshot = ( s1 :> (s1 :> 0 @@ s2 :> 0 @@ s3 :> 0) @@
  s2 :> (s1 :> 0 @@ s2 :> 0 @@ s3 :> 0) @@
  s3 :> (s1 :> 0 @@ s2 :> 0 @@ s3 :> 0) )
/\ config = ( s1 :> [learners |-> {}, jointConfig |-> <<{s3}, {}>>, autoLeave |-> FALSE] @@
  s2 :>
      [ learners |-> {},
        jointConfig |-> <<{s1, s2, s3}, {}>>,
        autoLeave |-> FALSE ] @@
  s3 :>
      [ learners |-> {},
        jointConfig |-> <<{s1, s2, s3}, {}>>,
        autoLeave |-> FALSE ] )
/\ matchIndex = ( s1 :> (s1 :> 10 @@ s2 :> 0 @@ s3 :> 0) @@
  s2 :> (s1 :> 0 @@ s2 :> 0 @@ s3 :> 0) @@
  s3 :> (s1 :> 0 @@ s2 :> 0 @@ s3 :> 0) )
/\ applied = (s1 :> 3 @@ s2 :> 0 @@ s3 :> 3)
/\ votedFor = (s1 :> s1 @@ s2 :> s1 @@ s3 :> s3)
/\ durableState = ( s1 :>
      [ currentTerm |-> 2,
        votedFor |-> s1,
        log |-> 11,
        entries |->
            << [ value |-> [newconf |-> {s1}, learners |-> {}],
                 term |-> 1,
                 type |-> ConfigEntry ],
               [ value |-> [newconf |-> {s1, s2}, learners |-> {}],
                 term |-> 1,
                 type |-> ConfigEntry ],
               [ value |-> [newconf |-> {s1, s2, s3}, learners |-> {}],
                 term |-> 1,
                 type |-> ConfigEntry ],
               [ value |->
                     [ newconf |-> {s3},
                       learners |-> {},
                       enterJoint |-> TRUE,
                       oldconf |-> {s1, s2, s3} ],
                 term |-> 2,
                 type |-> ConfigEntry ],
               [value |-> [val |-> v1], term |-> 2, type |-> ValueEntry],
               [value |-> [val |-> v2], term |-> 2, type |-> ValueEntry],
               [value |-> [val |-> 0], term |-> 2, type |-> ValueEntry],
               [value |-> [val |-> 0], term |-> 2, type |-> ValueEntry],
               [value |-> [val |-> v2], term |-> 2, type |-> ValueEntry],
               [value |-> [val |-> 0], term |-> 2, type |-> ValueEntry],
               [value |-> [val |-> v2], term |-> 2, type |-> ValueEntry] >>,
        snapshotIndex |-> 0,
        snapshotTerm |-> 0,
        commitIndex |-> 10,
        config |->
            [ learners |-> {},
              jointConfig |-> <<{s1, s2}, {}>>,
              autoLeave |-> FALSE ],
        snapshotHistory |-> <<>> ] @@
  s2 :>
      [ currentTerm |-> 2,
        votedFor |-> s1,
        log |-> 6,
        entries |->
            << [ value |-> [newconf |-> {s1}, learners |-> {}],
                 term |-> 1,
                 type |-> ConfigEntry ],
               [ value |-> [newconf |-> {s1, s2}, learners |-> {}],
                 term |-> 1,
                 type |-> ConfigEntry ],
               [ value |-> [newconf |-> {s1, s2, s3}, learners |-> {}],
                 term |-> 1,
                 type |-> ConfigEntry ],
               [ value |->
                     [ newconf |-> {s3},
                       learners |-> {},
                       enterJoint |-> TRUE,
                       oldconf |-> {s1, s2, s3} ],
                 term |-> 2,
                 type |-> ConfigEntry ],
               [value |-> [val |-> v1], term |-> 2, type |-> ValueEntry],
               [value |-> [val |-> v2], term |-> 2, type |-> ValueEntry] >>,
        snapshotIndex |-> 0,
        snapshotTerm |-> 0,
        commitIndex |-> 3,
        config |->
            [ learners |-> {},
              jointConfig |-> <<{s1, s2, s3}, {}>>,
              autoLeave |-> FALSE ],
        snapshotHistory |-> <<>> ] @@
  s3 :>
      [ currentTerm |-> 2,
        votedFor |-> s3,
        log |-> 3,
        entries |->
            << [ value |-> [newconf |-> {s1, s2, s3}, learners |-> {}],
                 term |-> 1,
                 type |-> ConfigEntry ] >>,
        snapshotIndex |-> 2,
        snapshotTerm |-> 1,
        commitIndex |-> 3,
        config |->
            [ learners |-> {},
              jointConfig |-> <<{s1, s2, s3}, {}>>,
              autoLeave |-> FALSE ],
        snapshotHistory |->
            << [ value |-> [newconf |-> {s1}, learners |-> {}],
                 term |-> 1,
                 type |-> ConfigEntry ],
               [ value |-> [newconf |-> {s1, s2}, learners |-> {}],
                 term |-> 1,
                 type |-> ConfigEntry ] >> ] )
/\ historyLog = ( s1 :>
      << [ value |-> [newconf |-> {s1}, learners |-> {}],
           term |-> 1,
           type |-> ConfigEntry ],
         [ value |-> [newconf |-> {s1, s2}, learners |-> {}],
           term |-> 1,
           type |-> ConfigEntry ],
         [ value |-> [newconf |-> {s1, s2, s3}, learners |-> {}],
           term |-> 1,
           type |-> ConfigEntry ],
         [ value |->
               [ newconf |-> {s3},
                 learners |-> {},
                 enterJoint |-> TRUE,
                 oldconf |-> {s1, s2, s3} ],
           term |-> 2,
           type |-> ConfigEntry ],
         [value |-> [val |-> v1], term |-> 2, type |-> ValueEntry],
         [value |-> [val |-> v2], term |-> 2, type |-> ValueEntry],
         [value |-> [val |-> 0], term |-> 2, type |-> ValueEntry],
         [value |-> [val |-> 0], term |-> 2, type |-> ValueEntry],
         [value |-> [val |-> v2], term |-> 2, type |-> ValueEntry],
         [value |-> [val |-> 0], term |-> 2, type |-> ValueEntry],
         [value |-> [val |-> v2], term |-> 2, type |-> ValueEntry] >> @@
  s2 :>
      << [ value |-> [newconf |-> {s1}, learners |-> {}],
           term |-> 1,
           type |-> ConfigEntry ],
         [ value |-> [newconf |-> {s1, s2}, learners |-> {}],
           term |-> 1,
           type |-> ConfigEntry ],
         [ value |-> [newconf |-> {s1, s2, s3}, learners |-> {}],
           term |-> 1,
           type |-> ConfigEntry ],
         [ value |->
               [ newconf |-> {s3},
                 learners |-> {},
                 enterJoint |-> TRUE,
                 oldconf |-> {s1, s2, s3} ],
           term |-> 2,
           type |-> ConfigEntry ],
         [value |-> [val |-> v1], term |-> 2, type |-> ValueEntry],
         [value |-> [val |-> v2], term |-> 2, type |-> ValueEntry] >> @@
  s3 :>
      << [ value |-> [newconf |-> {s1}, learners |-> {}],
           term |-> 1,
           type |-> ConfigEntry ],
         [ value |-> [newconf |-> {s1, s2}, learners |-> {}],
           term |-> 1,
           type |-> ConfigEntry ],
         [ value |-> [newconf |-> {s1, s2, s3}, learners |-> {}],
           term |-> 1,
           type |-> ConfigEntry ] >> )
/\ nextIndex = ( s1 :> (s1 :> 11 @@ s2 :> 11 @@ s3 :> 4) @@
  s2 :> (s1 :> 1 @@ s2 :> 1 @@ s3 :> 1) @@
  s3 :> (s1 :> 1 @@ s2 :> 1 @@ s3 :> 1) )
/\ commitIndex = (s1 :> 10 @@ s2 :> 3 @@ s3 :> 3)
/\ inflights = ( s1 :> (s1 :> {} @@ s2 :> {} @@ s3 :> {}) @@
  s2 :> (s1 :> {} @@ s2 :> {} @@ s3 :> {}) @@
  s3 :> (s1 :> {} @@ s2 :> {} @@ s3 :> {}) )
/\ messages = ( [ mdest |-> s1,
    msource |-> s2,
    mterm |-> 2,
    mtype |-> AppendEntriesResponse,
    mseq |-> 29,
    msubtype |-> "app",
    msuccess |-> FALSE,
    mmatchIndex |-> 8,
    mrejectHint |-> 6,
    mlogTerm |-> 2 ] :>
      1 )
/\ currentTerm = (s1 :> 2 @@ s2 :> 2 @@ s3 :> 2)
/\ log = ( s1 :>
      [ offset |-> 1,
        entries |->
            << [ value |-> [newconf |-> {s1}, learners |-> {}],
                 term |-> 1,
                 type |-> ConfigEntry ],
               [ value |-> [newconf |-> {s1, s2}, learners |-> {}],
                 term |-> 1,
                 type |-> ConfigEntry ],
               [ value |-> [newconf |-> {s1, s2, s3}, learners |-> {}],
                 term |-> 1,
                 type |-> ConfigEntry ],
               [ value |->
                     [ newconf |-> {s3},
                       learners |-> {},
                       enterJoint |-> TRUE,
                       oldconf |-> {s1, s2, s3} ],
                 term |-> 2,
                 type |-> ConfigEntry ],
               [value |-> [val |-> v1], term |-> 2, type |-> ValueEntry],
               [value |-> [val |-> v2], term |-> 2, type |-> ValueEntry],
               [value |-> [val |-> 0], term |-> 2, type |-> ValueEntry],
               [value |-> [val |-> 0], term |-> 2, type |-> ValueEntry],
               [value |-> [val |-> v2], term |-> 2, type |-> ValueEntry],
               [value |-> [val |-> 0], term |-> 2, type |-> ValueEntry],
               [value |-> [val |-> v2], term |-> 2, type |-> ValueEntry] >>,
        snapshotIndex |-> 0,
        snapshotTerm |-> 0 ] @@
  s2 :>
      [ offset |-> 1,
        entries |->
            << [ value |-> [newconf |-> {s1}, learners |-> {}],
                 term |-> 1,
                 type |-> ConfigEntry ],
               [ value |-> [newconf |-> {s1, s2}, learners |-> {}],
                 term |-> 1,
                 type |-> ConfigEntry ],
               [ value |-> [newconf |-> {s1, s2, s3}, learners |-> {}],
                 term |-> 1,
                 type |-> ConfigEntry ],
               [ value |->
                     [ newconf |-> {s3},
                       learners |-> {},
                       enterJoint |-> TRUE,
                       oldconf |-> {s1, s2, s3} ],
                 term |-> 2,
                 type |-> ConfigEntry ],
               [value |-> [val |-> v1], term |-> 2, type |-> ValueEntry],
               [value |-> [val |-> v2], term |-> 2, type |-> ValueEntry] >>,
        snapshotIndex |-> 0,
        snapshotTerm |-> 0 ] @@
  s3 :>
      [ offset |-> 3,
        entries |->
            << [ value |-> [newconf |-> {s1, s2, s3}, learners |-> {}],
                 term |-> 1,
                 type |-> ConfigEntry ] >>,
        snapshotIndex |-> 2,
        snapshotTerm |-> 1 ] )
/\ partitions = (s1 :> 0 @@ s2 :> 0 @@ s3 :> 0)
/\ votesGranted = (s1 :> {s1, s2} @@ s2 :> {} @@ s3 :> {})
/\ pendingConfChangeIndex = (s1 :> 0 @@ s2 :> 0 @@ s3 :> 0)

@!@!@ENDMSG 2217 @!@!@
@!@!@STARTMSG 2217:4 @!@!@
98: <MCDynamicConfigActions line 417, col 8 to line 418, col 29 of module MCetcdraft>
/\ progressState = ( s1 :> (s1 :> StateReplicate @@ s2 :> StateProbe @@ s3 :> StateProbe) @@
  s2 :> (s1 :> StateProbe @@ s2 :> StateProbe @@ s3 :> StateProbe) @@
  s3 :> (s1 :> StateProbe @@ s2 :> StateProbe @@ s3 :> StateProbe) )
/\ msgSeqCounter = 30
/\ constraintCounters = [ timeout |-> 2,
  request |-> 4,
  restart |-> 1,
  drop |-> 2,
  duplicate |-> 0,
  heartbeat |-> 4,
  stepDown |-> 1,
  snapshot |-> 1,
  compact |-> 1,
  confChange |-> 1,
  reportUnreachable |-> 1,
  partition |-> 0 ]
/\ pendingMessages = <<>>
/\ appliedConfigIndex = (s1 :> 1 @@ s2 :> 3 @@ s3 :> 3)
/\ reconfigCount = 1
/\ votesResponded = (s1 :> {s1, s2, s3} @@ s2 :> {} @@ s3 :> {})
/\ msgAppFlowPaused = ( s1 :> (s1 :> FALSE @@ s2 :> FALSE @@ s3 :> FALSE) @@
  s2 :> (s1 :> FALSE @@ s2 :> FALSE @@ s3 :> FALSE) @@
  s3 :> (s1 :> FALSE @@ s2 :> FALSE @@ s3 :> FALSE) )
/\ state = (s1 :> Leader @@ s2 :> Follower @@ s3 :> Follower)
/\ pendingSnapshot = ( s1 :> (s1 :> 0 @@ s2 :> 0 @@ s3 :> 0) @@
  s2 :> (s1 :> 0 @@ s2 :> 0 @@ s3 :> 0) @@
  s3 :> (s1 :> 0 @@ s2 :> 0 @@ s3 :> 0) )
/\ config = ( s1 :> [learners |-> {}, jointConfig |-> <<{s1}, {}>>, autoLeave |-> FALSE] @@
  s2 :>
      [ learners |-> {},
        jointConfig |-> <<{s1, s2, s3}, {}>>,
        autoLeave |-> FALSE ] @@
  s3 :>
      [ learners |-> {},
        jointConfig |-> <<{s1, s2, s3}, {}>>,
        autoLeave |-> FALSE ] )
/\ matchIndex = ( s1 :> (s1 :> 10 @@ s2 :> 0 @@ s3 :> 0) @@
  s2 :> (s1 :> 0 @@ s2 :> 0 @@ s3 :> 0) @@
  s3 :> (s1 :> 0 @@ s2 :> 0 @@ s3 :> 0) )
/\ applied = (s1 :> 3 @@ s2 :> 0 @@ s3 :> 3)
/\ votedFor = (s1 :> s1 @@ s2 :> s1 @@ s3 :> s3)
/\ durableState = ( s1 :>
      [ currentTerm |-> 2,
        votedFor |-> s1,
        log |-> 11,
        entries |->
            << [ value |-> [newconf |-> {s1}, learners |-> {}],
                 term |-> 1,
                 type |-> ConfigEntry ],
               [ value |-> [newconf |-> {s1, s2}, learners |-> {}],
                 term |-> 1,
                 type |-> ConfigEntry ],
               [ value |-> [newconf |-> {s1, s2, s3}, learners |-> {}],
                 term |-> 1,
                 type |-> ConfigEntry ],
               [ value |->
                     [ newconf |-> {s3},
                       learners |-> {},
                       enterJoint |-> TRUE,
                       oldconf |-> {s1, s2, s3} ],
                 term |-> 2,
                 type |-> ConfigEntry ],
               [value |-> [val |-> v1], term |-> 2, type |-> ValueEntry],
               [value |-> [val |-> v2], term |-> 2, type |-> ValueEntry],
               [value |-> [val |-> 0], term |-> 2, type |-> ValueEntry],
               [value |-> [val |-> 0], term |-> 2, type |-> ValueEntry],
               [value |-> [val |-> v2], term |-> 2, type |-> ValueEntry],
               [value |-> [val |-> 0], term |-> 2, type |-> ValueEntry],
               [value |-> [val |-> v2], term |-> 2, type |-> ValueEntry] >>,
        snapshotIndex |-> 0,
        snapshotTerm |-> 0,
        commitIndex |-> 10,
        config |->
            [ learners |-> {},
              jointConfig |-> <<{s1, s2}, {}>>,
              autoLeave |-> FALSE ],
        snapshotHistory |-> <<>> ] @@
  s2 :>
      [ currentTerm |-> 2,
        votedFor |-> s1,
        log |-> 6,
        entries |->
            << [ value |-> [newconf |-> {s1}, learners |-> {}],
                 term |-> 1,
                 type |-> ConfigEntry ],
               [ value |-> [newconf |-> {s1, s2}, learners |-> {}],
                 term |-> 1,
                 type |-> ConfigEntry ],
               [ value |-> [newconf |-> {s1, s2, s3}, learners |-> {}],
                 term |-> 1,
                 type |-> ConfigEntry ],
               [ value |->
                     [ newconf |-> {s3},
                       learners |-> {},
                       enterJoint |-> TRUE,
                       oldconf |-> {s1, s2, s3} ],
                 term |-> 2,
                 type |-> ConfigEntry ],
               [value |-> [val |-> v1], term |-> 2, type |-> ValueEntry],
               [value |-> [val |-> v2], term |-> 2, type |-> ValueEntry] >>,
        snapshotIndex |-> 0,
        snapshotTerm |-> 0,
        commitIndex |-> 3,
        config |->
            [ learners |-> {},
              jointConfig |-> <<{s1, s2, s3}, {}>>,
              autoLeave |-> FALSE ],
        snapshotHistory |-> <<>> ] @@
  s3 :>
      [ currentTerm |-> 2,
        votedFor |-> s3,
        log |-> 3,
        entries |->
            << [ value |-> [newconf |-> {s1, s2, s3}, learners |-> {}],
                 term |-> 1,
                 type |-> ConfigEntry ] >>,
        snapshotIndex |-> 2,
        snapshotTerm |-> 1,
        commitIndex |-> 3,
        config |->
            [ learners |-> {},
              jointConfig |-> <<{s1, s2, s3}, {}>>,
              autoLeave |-> FALSE ],
        snapshotHistory |->
            << [ value |-> [newconf |-> {s1}, learners |-> {}],
                 term |-> 1,
                 type |-> ConfigEntry ],
               [ value |-> [newconf |-> {s1, s2}, learners |-> {}],
                 term |-> 1,
                 type |-> ConfigEntry ] >> ] )
/\ historyLog = ( s1 :>
      << [ value |-> [newconf |-> {s1}, learners |-> {}],
           term |-> 1,
           type |-> ConfigEntry ],
         [ value |-> [newconf |-> {s1, s2}, learners |-> {}],
           term |-> 1,
           type |-> ConfigEntry ],
         [ value |-> [newconf |-> {s1, s2, s3}, learners |-> {}],
           term |-> 1,
           type |-> ConfigEntry ],
         [ value |->
               [ newconf |-> {s3},
                 learners |-> {},
                 enterJoint |-> TRUE,
                 oldconf |-> {s1, s2, s3} ],
           term |-> 2,
           type |-> ConfigEntry ],
         [value |-> [val |-> v1], term |-> 2, type |-> ValueEntry],
         [value |-> [val |-> v2], term |-> 2, type |-> ValueEntry],
         [value |-> [val |-> 0], term |-> 2, type |-> ValueEntry],
         [value |-> [val |-> 0], term |-> 2, type |-> ValueEntry],
         [value |-> [val |-> v2], term |-> 2, type |-> ValueEntry],
         [value |-> [val |-> 0], term |-> 2, type |-> ValueEntry],
         [value |-> [val |-> v2], term |-> 2, type |-> ValueEntry] >> @@
  s2 :>
      << [ value |-> [newconf |-> {s1}, learners |-> {}],
           term |-> 1,
           type |-> ConfigEntry ],
         [ value |-> [newconf |-> {s1, s2}, learners |-> {}],
           term |-> 1,
           type |-> ConfigEntry ],
         [ value |-> [newconf |-> {s1, s2, s3}, learners |-> {}],
           term |-> 1,
           type |-> ConfigEntry ],
         [ value |->
               [ newconf |-> {s3},
                 learners |-> {},
                 enterJoint |-> TRUE,
                 oldconf |-> {s1, s2, s3} ],
           term |-> 2,
           type |-> ConfigEntry ],
         [value |-> [val |-> v1], term |-> 2, type |-> ValueEntry],
         [value |-> [val |-> v2], term |-> 2, type |-> ValueEntry] >> @@
  s3 :>
      << [ value |-> [newconf |-> {s1}, learners |-> {}],
           term |-> 1,
           type |-> ConfigEntry ],
         [ value |-> [newconf |-> {s1, s2}, learners |-> {}],
           term |-> 1,
           type |-> ConfigEntry ],
         [ value |-> [newconf |-> {s1, s2, s3}, learners |-> {}],
           term |-> 1,
           type |-> ConfigEntry ] >> )
/\ nextIndex = ( s1 :> (s1 :> 11 @@ s2 :> 11 @@ s3 :> 4) @@
  s2 :> (s1 :> 1 @@ s2 :> 1 @@ s3 :> 1) @@
  s3 :> (s1 :> 1 @@ s2 :> 1 @@ s3 :> 1) )
/\ commitIndex = (s1 :> 10 @@ s2 :> 3 @@ s3 :> 3)
/\ inflights = ( s1 :> (s1 :> {} @@ s2 :> {} @@ s3 :> {}) @@
  s2 :> (s1 :> {} @@ s2 :> {} @@ s3 :> {}) @@
  s3 :> (s1 :> {} @@ s2 :> {} @@ s3 :> {}) )
/\ messages = ( [ mdest |-> s1,
    msource |-> s2,
    mterm |-> 2,
    mtype |-> AppendEntriesResponse,
    mseq |-> 29,
    msubtype |-> "app",
    msuccess |-> FALSE,
    mmatchIndex |-> 8,
    mrejectHint |-> 6,
    mlogTerm |-> 2 ] :>
      1 )
/\ currentTerm = (s1 :> 2 @@ s2 :> 2 @@ s3 :> 2)
/\ log = ( s1 :>
      [ offset |-> 1,
        entries |->
            << [ value |-> [newconf |-> {s1}, learners |-> {}],
                 term |-> 1,
                 type |-> ConfigEntry ],
               [ value |-> [newconf |-> {s1, s2}, learners |-> {}],
                 term |-> 1,
                 type |-> ConfigEntry ],
               [ value |-> [newconf |-> {s1, s2, s3}, learners |-> {}],
                 term |-> 1,
                 type |-> ConfigEntry ],
               [ value |->
                     [ newconf |-> {s3},
                       learners |-> {},
                       enterJoint |-> TRUE,
                       oldconf |-> {s1, s2, s3} ],
                 term |-> 2,
                 type |-> ConfigEntry ],
               [value |-> [val |-> v1], term |-> 2, type |-> ValueEntry],
               [value |-> [val |-> v2], term |-> 2, type |-> ValueEntry],
               [value |-> [val |-> 0], term |-> 2, type |-> ValueEntry],
               [value |-> [val |-> 0], term |-> 2, type |-> ValueEntry],
               [value |-> [val |-> v2], term |-> 2, type |-> ValueEntry],
               [value |-> [val |-> 0], term |-> 2, type |-> ValueEntry],
               [value |-> [val |-> v2], term |-> 2, type |-> ValueEntry] >>,
        snapshotIndex |-> 0,
        snapshotTerm |-> 0 ] @@
  s2 :>
      [ offset |-> 1,
        entries |->
            << [ value |-> [newconf |-> {s1}, learners |-> {}],
                 term |-> 1,
                 type |-> ConfigEntry ],
               [ value |-> [newconf |-> {s1, s2}, learners |-> {}],
                 term |-> 1,
                 type |-> ConfigEntry ],
               [ value |-> [newconf |-> {s1, s2, s3}, learners |-> {}],
                 term |-> 1,
                 type |-> ConfigEntry ],
               [ value |->
                     [ newconf |-> {s3},
                       learners |-> {},
                       enterJoint |-> TRUE,
                       oldconf |-> {s1, s2, s3} ],
                 term |-> 2,
                 type |-> ConfigEntry ],
               [value |-> [val |-> v1], term |-> 2, type |-> ValueEntry],
               [value |-> [val |-> v2], term |-> 2, type |-> ValueEntry] >>,
        snapshotIndex |-> 0,
        snapshotTerm |-> 0 ] @@
  s3 :>
      [ offset |-> 3,
        entries |->
            << [ value |-> [newconf |-> {s1, s2, s3}, learners |-> {}],
                 term |-> 1,
                 type |-> ConfigEntry ] >>,
        snapshotIndex |-> 2,
        snapshotTerm |-> 1 ] )
/\ partitions = (s1 :> 0 @@ s2 :> 0 @@ s3 :> 0)
/\ votesGranted = (s1 :> {s1, s2} @@ s2 :> {} @@ s3 :> {})
/\ pendingConfChangeIndex = (s1 :> 0 @@ s2 :> 0 @@ s3 :> 0)

@!@!@ENDMSG 2217 @!@!@
@!@!@STARTMSG 2217:4 @!@!@
99: <MCDynamicConfigActions line 417, col 8 to line 418, col 29 of module MCetcdraft>
/\ progressState = ( s1 :> (s1 :> StateReplicate @@ s2 :> StateProbe @@ s3 :> StateProbe) @@
  s2 :> (s1 :> StateProbe @@ s2 :> StateProbe @@ s3 :> StateProbe) @@
  s3 :> (s1 :> StateProbe @@ s2 :> StateProbe @@ s3 :> StateProbe) )
/\ msgSeqCounter = 30
/\ constraintCounters = [ timeout |-> 2,
  request |-> 4,
  restart |-> 1,
  drop |-> 2,
  duplicate |-> 0,
  heartbeat |-> 4,
  stepDown |-> 1,
  snapshot |-> 1,
  compact |-> 1,
  confChange |-> 1,
  reportUnreachable |-> 1,
  partition |-> 0 ]
/\ pendingMessages = <<>>
/\ appliedConfigIndex = (s1 :> 2 @@ s2 :> 3 @@ s3 :> 3)
/\ reconfigCount = 1
/\ votesResponded = (s1 :> {s1, s2, s3} @@ s2 :> {} @@ s3 :> {})
/\ msgAppFlowPaused = ( s1 :> (s1 :> FALSE @@ s2 :> FALSE @@ s3 :> FALSE) @@
  s2 :> (s1 :> FALSE @@ s2 :> FALSE @@ s3 :> FALSE) @@
  s3 :> (s1 :> FALSE @@ s2 :> FALSE @@ s3 :> FALSE) )
/\ state = (s1 :> Leader @@ s2 :> Follower @@ s3 :> Follower)
/\ pendingSnapshot = ( s1 :> (s1 :> 0 @@ s2 :> 0 @@ s3 :> 0) @@
  s2 :> (s1 :> 0 @@ s2 :> 0 @@ s3 :> 0) @@
  s3 :> (s1 :> 0 @@ s2 :> 0 @@ s3 :> 0) )
/\ config = ( s1 :>
      [ learners |-> {},
        jointConfig |-> <<{s1, s2}, {}>>,
        autoLeave |-> FALSE ] @@
  s2 :>
      [ learners |-> {},
        jointConfig |-> <<{s1, s2, s3}, {}>>,
        autoLeave |-> FALSE ] @@
  s3 :>
      [ learners |-> {},
        jointConfig |-> <<{s1, s2, s3}, {}>>,
        autoLeave |-> FALSE ] )
/\ matchIndex = ( s1 :> (s1 :> 10 @@ s2 :> 0 @@ s3 :> 0) @@
  s2 :> (s1 :> 0 @@ s2 :> 0 @@ s3 :> 0) @@
  s3 :> (s1 :> 0 @@ s2 :> 0 @@ s3 :> 0) )
/\ applied = (s1 :> 3 @@ s2 :> 0 @@ s3 :> 3)
/\ votedFor = (s1 :> s1 @@ s2 :> s1 @@ s3 :> s3)
/\ durableState = ( s1 :>
      [ currentTerm |-> 2,
        votedFor |-> s1,
        log |-> 11,
        entries |->
            << [ value |-> [newconf |-> {s1}, learners |-> {}],
                 term |-> 1,
                 type |-> ConfigEntry ],
               [ value |-> [newconf |-> {s1, s2}, learners |-> {}],
                 term |-> 1,
                 type |-> ConfigEntry ],
               [ value |-> [newconf |-> {s1, s2, s3}, learners |-> {}],
                 term |-> 1,
                 type |-> ConfigEntry ],
               [ value |->
                     [ newconf |-> {s3},
                       learners |-> {},
                       enterJoint |-> TRUE,
                       oldconf |-> {s1, s2, s3} ],
                 term |-> 2,
                 type |-> ConfigEntry ],
               [value |-> [val |-> v1], term |-> 2, type |-> ValueEntry],
               [value |-> [val |-> v2], term |-> 2, type |-> ValueEntry],
               [value |-> [val |-> 0], term |-> 2, type |-> ValueEntry],
               [value |-> [val |-> 0], term |-> 2, type |-> ValueEntry],
               [value |-> [val |-> v2], term |-> 2, type |-> ValueEntry],
               [value |-> [val |-> 0], term |-> 2, type |-> ValueEntry],
               [value |-> [val |-> v2], term |-> 2, type |-> ValueEntry] >>,
        snapshotIndex |-> 0,
        snapshotTerm |-> 0,
        commitIndex |-> 10,
        config |->
            [ learners |-> {},
              jointConfig |-> <<{s1, s2}, {}>>,
              autoLeave |-> FALSE ],
        snapshotHistory |-> <<>> ] @@
  s2 :>
      [ currentTerm |-> 2,
        votedFor |-> s1,
        log |-> 6,
        entries |->
            << [ value |-> [newconf |-> {s1}, learners |-> {}],
                 term |-> 1,
                 type |-> ConfigEntry ],
               [ value |-> [newconf |-> {s1, s2}, learners |-> {}],
                 term |-> 1,
                 type |-> ConfigEntry ],
               [ value |-> [newconf |-> {s1, s2, s3}, learners |-> {}],
                 term |-> 1,
                 type |-> ConfigEntry ],
               [ value |->
                     [ newconf |-> {s3},
                       learners |-> {},
                       enterJoint |-> TRUE,
                       oldconf |-> {s1, s2, s3} ],
                 term |-> 2,
                 type |-> ConfigEntry ],
               [value |-> [val |-> v1], term |-> 2, type |-> ValueEntry],
               [value |-> [val |-> v2], term |-> 2, type |-> ValueEntry] >>,
        snapshotIndex |-> 0,
        snapshotTerm |-> 0,
        commitIndex |-> 3,
        config |->
            [ learners |-> {},
              jointConfig |-> <<{s1, s2, s3}, {}>>,
              autoLeave |-> FALSE ],
        snapshotHistory |-> <<>> ] @@
  s3 :>
      [ currentTerm |-> 2,
        votedFor |-> s3,
        log |-> 3,
        entries |->
            << [ value |-> [newconf |-> {s1, s2, s3}, learners |-> {}],
                 term |-> 1,
                 type |-> ConfigEntry ] >>,
        snapshotIndex |-> 2,
        snapshotTerm |-> 1,
        commitIndex |-> 3,
        config |->
            [ learners |-> {},
              jointConfig |-> <<{s1, s2, s3}, {}>>,
              autoLeave |-> FALSE ],
        snapshotHistory |->
            << [ value |-> [newconf |-> {s1}, learners |-> {}],
                 term |-> 1,
                 type |-> ConfigEntry ],
               [ value |-> [newconf |-> {s1, s2}, learners |-> {}],
                 term |-> 1,
                 type |-> ConfigEntry ] >> ] )
/\ historyLog = ( s1 :>
      << [ value |-> [newconf |-> {s1}, learners |-> {}],
           term |-> 1,
           type |-> ConfigEntry ],
         [ value |-> [newconf |-> {s1, s2}, learners |-> {}],
           term |-> 1,
           type |-> ConfigEntry ],
         [ value |-> [newconf |-> {s1, s2, s3}, learners |-> {}],
           term |-> 1,
           type |-> ConfigEntry ],
         [ value |->
               [ newconf |-> {s3},
                 learners |-> {},
                 enterJoint |-> TRUE,
                 oldconf |-> {s1, s2, s3} ],
           term |-> 2,
           type |-> ConfigEntry ],
         [value |-> [val |-> v1], term |-> 2, type |-> ValueEntry],
         [value |-> [val |-> v2], term |-> 2, type |-> ValueEntry],
         [value |-> [val |-> 0], term |-> 2, type |-> ValueEntry],
         [value |-> [val |-> 0], term |-> 2, type |-> ValueEntry],
         [value |-> [val |-> v2], term |-> 2, type |-> ValueEntry],
         [value |-> [val |-> 0], term |-> 2, type |-> ValueEntry],
         [value |-> [val |-> v2], term |-> 2, type |-> ValueEntry] >> @@
  s2 :>
      << [ value |-> [newconf |-> {s1}, learners |-> {}],
           term |-> 1,
           type |-> ConfigEntry ],
         [ value |-> [newconf |-> {s1, s2}, learners |-> {}],
           term |-> 1,
           type |-> ConfigEntry ],
         [ value |-> [newconf |-> {s1, s2, s3}, learners |-> {}],
           term |-> 1,
           type |-> ConfigEntry ],
         [ value |->
               [ newconf |-> {s3},
                 learners |-> {},
                 enterJoint |-> TRUE,
                 oldconf |-> {s1, s2, s3} ],
           term |-> 2,
           type |-> ConfigEntry ],
         [value |-> [val |-> v1], term |-> 2, type |-> ValueEntry],
         [value |-> [val |-> v2], term |-> 2, type |-> ValueEntry] >> @@
  s3 :>
      << [ value |-> [newconf |-> {s1}, learners |-> {}],
           term |-> 1,
           type |-> ConfigEntry ],
         [ value |-> [newconf |-> {s1, s2}, learners |-> {}],
           term |-> 1,
           type |-> ConfigEntry ],
         [ value |-> [newconf |-> {s1, s2, s3}, learners |-> {}],
           term |-> 1,
           type |-> ConfigEntry ] >> )
/\ nextIndex = ( s1 :> (s1 :> 11 @@ s2 :> 11 @@ s3 :> 4) @@
  s2 :> (s1 :> 1 @@ s2 :> 1 @@ s3 :> 1) @@
  s3 :> (s1 :> 1 @@ s2 :> 1 @@ s3 :> 1) )
/\ commitIndex = (s1 :> 10 @@ s2 :> 3 @@ s3 :> 3)
/\ inflights = ( s1 :> (s1 :> {} @@ s2 :> {} @@ s3 :> {}) @@
  s2 :> (s1 :> {} @@ s2 :> {} @@ s3 :> {}) @@
  s3 :> (s1 :> {} @@ s2 :> {} @@ s3 :> {}) )
/\ messages = ( [ mdest |-> s1,
    msource |-> s2,
    mterm |-> 2,
    mtype |-> AppendEntriesResponse,
    mseq |-> 29,
    msubtype |-> "app",
    msuccess |-> FALSE,
    mmatchIndex |-> 8,
    mrejectHint |-> 6,
    mlogTerm |-> 2 ] :>
      1 )
/\ currentTerm = (s1 :> 2 @@ s2 :> 2 @@ s3 :> 2)
/\ log = ( s1 :>
      [ offset |-> 1,
        entries |->
            << [ value |-> [newconf |-> {s1}, learners |-> {}],
                 term |-> 1,
                 type |-> ConfigEntry ],
               [ value |-> [newconf |-> {s1, s2}, learners |-> {}],
                 term |-> 1,
                 type |-> ConfigEntry ],
               [ value |-> [newconf |-> {s1, s2, s3}, learners |-> {}],
                 term |-> 1,
                 type |-> ConfigEntry ],
               [ value |->
                     [ newconf |-> {s3},
                       learners |-> {},
                       enterJoint |-> TRUE,
                       oldconf |-> {s1, s2, s3} ],
                 term |-> 2,
                 type |-> ConfigEntry ],
               [value |-> [val |-> v1], term |-> 2, type |-> ValueEntry],
               [value |-> [val |-> v2], term |-> 2, type |-> ValueEntry],
               [value |-> [val |-> 0], term |-> 2, type |-> ValueEntry],
               [value |-> [val |-> 0], term |-> 2, type |-> ValueEntry],
               [value |-> [val |-> v2], term |-> 2, type |-> ValueEntry],
               [value |-> [val |-> 0], term |-> 2, type |-> ValueEntry],
               [value |-> [val |-> v2], term |-> 2, type |-> ValueEntry] >>,
        snapshotIndex |-> 0,
        snapshotTerm |-> 0 ] @@
  s2 :>
      [ offset |-> 1,
        entries |->
            << [ value |-> [newconf |-> {s1}, learners |-> {}],
                 term |-> 1,
                 type |-> ConfigEntry ],
               [ value |-> [newconf |-> {s1, s2}, learners |-> {}],
                 term |-> 1,
                 type |-> ConfigEntry ],
               [ value |-> [newconf |-> {s1, s2, s3}, learners |-> {}],
                 term |-> 1,
                 type |-> ConfigEntry ],
               [ value |->
                     [ newconf |-> {s3},
                       learners |-> {},
                       enterJoint |-> TRUE,
                       oldconf |-> {s1, s2, s3} ],
                 term |-> 2,
                 type |-> ConfigEntry ],
               [value |-> [val |-> v1], term |-> 2, type |-> ValueEntry],
               [value |-> [val |-> v2], term |-> 2, type |-> ValueEntry] >>,
        snapshotIndex |-> 0,
        snapshotTerm |-> 0 ] @@
  s3 :>
      [ offset |-> 3,
        entries |->
            << [ value |-> [newconf |-> {s1, s2, s3}, learners |-> {}],
                 term |-> 1,
                 type |-> ConfigEntry ] >>,
        snapshotIndex |-> 2,
        snapshotTerm |-> 1 ] )
/\ partitions = (s1 :> 0 @@ s2 :> 0 @@ s3 :> 0)
/\ votesGranted = (s1 :> {s1, s2} @@ s2 :> {} @@ s3 :> {})
/\ pendingConfChangeIndex = (s1 :> 0 @@ s2 :> 0 @@ s3 :> 0)

@!@!@ENDMSG 2217 @!@!@
@!@!@STARTMSG 2217:4 @!@!@
100: <MCDynamicConfigActions line 417, col 8 to line 418, col 29 of module MCetcdraft>
/\ progressState = ( s1 :> (s1 :> StateReplicate @@ s2 :> StateProbe @@ s3 :> StateProbe) @@
  s2 :> (s1 :> StateProbe @@ s2 :> StateProbe @@ s3 :> StateProbe) @@
  s3 :> (s1 :> StateProbe @@ s2 :> StateProbe @@ s3 :> StateProbe) )
/\ msgSeqCounter = 30
/\ constraintCounters = [ timeout |-> 2,
  request |-> 4,
  restart |-> 1,
  drop |-> 2,
  duplicate |-> 0,
  heartbeat |-> 4,
  stepDown |-> 1,
  snapshot |-> 1,
  compact |-> 1,
  confChange |-> 1,
  reportUnreachable |-> 1,
  partition |-> 0 ]
/\ pendingMessages = <<>>
/\ appliedConfigIndex = (s1 :> 3 @@ s2 :> 3 @@ s3 :> 3)
/\ reconfigCount = 1
/\ votesResponded = (s1 :> {s1, s2, s3} @@ s2 :> {} @@ s3 :> {})
/\ msgAppFlowPaused = ( s1 :> (s1 :> FALSE @@ s2 :> FALSE @@ s3 :> FALSE) @@
  s2 :> (s1 :> FALSE @@ s2 :> FALSE @@ s3 :> FALSE) @@
  s3 :> (s1 :> FALSE @@ s2 :> FALSE @@ s3 :> FALSE) )
/\ state = (s1 :> Leader @@ s2 :> Follower @@ s3 :> Follower)
/\ pendingSnapshot = ( s1 :> (s1 :> 0 @@ s2 :> 0 @@ s3 :> 0) @@
  s2 :> (s1 :> 0 @@ s2 :> 0 @@ s3 :> 0) @@
  s3 :> (s1 :> 0 @@ s2 :> 0 @@ s3 :> 0) )
/\ config = ( s1 :>
      [ learners |-> {},
        jointConfig |-> <<{s1, s2, s3}, {}>>,
        autoLeave |-> FALSE ] @@
  s2 :>
      [ learners |-> {},
        jointConfig |-> <<{s1, s2, s3}, {}>>,
        autoLeave |-> FALSE ] @@
  s3 :>
      [ learners |-> {},
        jointConfig |-> <<{s1, s2, s3}, {}>>,
        autoLeave |-> FALSE ] )
/\ matchIndex = ( s1 :> (s1 :> 10 @@ s2 :> 0 @@ s3 :> 0) @@
  s2 :> (s1 :> 0 @@ s2 :> 0 @@ s3 :> 0) @@
  s3 :> (s1 :> 0 @@ s2 :> 0 @@ s3 :> 0) )
/\ applied = (s1 :> 3 @@ s2 :> 0 @@ s3 :> 3)
/\ votedFor = (s1 :> s1 @@ s2 :> s1 @@ s3 :> s3)
/\ durableState = ( s1 :>
      [ currentTerm |-> 2,
        votedFor |-> s1,
        log |-> 11,
        entries |->
            << [ value |-> [newconf |-> {s1}, learners |-> {}],
                 term |-> 1,
                 type |-> ConfigEntry ],
               [ value |-> [newconf |-> {s1, s2}, learners |-> {}],
                 term |-> 1,
                 type |-> ConfigEntry ],
               [ value |-> [newconf |-> {s1, s2, s3}, learners |-> {}],
                 term |-> 1,
                 type |-> ConfigEntry ],
               [ value |->
                     [ newconf |-> {s3},
                       learners |-> {},
                       enterJoint |-> TRUE,
                       oldconf |-> {s1, s2, s3} ],
                 term |-> 2,
                 type |-> ConfigEntry ],
               [value |-> [val |-> v1], term |-> 2, type |-> ValueEntry],
               [value |-> [val |-> v2], term |-> 2, type |-> ValueEntry],
               [value |-> [val |-> 0], term |-> 2, type |-> ValueEntry],
               [value |-> [val |-> 0], term |-> 2, type |-> ValueEntry],
               [value |-> [val |-> v2], term |-> 2, type |-> ValueEntry],
               [value |-> [val |-> 0], term |-> 2, type |-> ValueEntry],
               [value |-> [val |-> v2], term |-> 2, type |-> ValueEntry] >>,
        snapshotIndex |-> 0,
        snapshotTerm |-> 0,
        commitIndex |-> 10,
        config |->
            [ learners |-> {},
              jointConfig |-> <<{s1, s2}, {}>>,
              autoLeave |-> FALSE ],
        snapshotHistory |-> <<>> ] @@
  s2 :>
      [ currentTerm |-> 2,
        votedFor |-> s1,
        log |-> 6,
        entries |->
            << [ value |-> [newconf |-> {s1}, learners |-> {}],
                 term |-> 1,
                 type |-> ConfigEntry ],
               [ value |-> [newconf |-> {s1, s2}, learners |-> {}],
                 term |-> 1,
                 type |-> ConfigEntry ],
               [ value |-> [newconf |-> {s1, s2, s3}, learners |-> {}],
                 term |-> 1,
                 type |-> ConfigEntry ],
               [ value |->
                     [ newconf |-> {s3},
                       learners |-> {},
                       enterJoint |-> TRUE,
                       oldconf |-> {s1, s2, s3} ],
                 term |-> 2,
                 type |-> ConfigEntry ],
               [value |-> [val |-> v1], term |-> 2, type |-> ValueEntry],
               [value |-> [val |-> v2], term |-> 2, type |-> ValueEntry] >>,
        snapshotIndex |-> 0,
        snapshotTerm |-> 0,
        commitIndex |-> 3,
        config |->
            [ learners |-> {},
              jointConfig |-> <<{s1, s2, s3}, {}>>,
              autoLeave |-> FALSE ],
        snapshotHistory |-> <<>> ] @@
  s3 :>
      [ currentTerm |-> 2,
        votedFor |-> s3,
        log |-> 3,
        entries |->
            << [ value |-> [newconf |-> {s1, s2, s3}, learners |-> {}],
                 term |-> 1,
                 type |-> ConfigEntry ] >>,
        snapshotIndex |-> 2,
        snapshotTerm |-> 1,
        commitIndex |-> 3,
        config |->
            [ learners |-> {},
              jointConfig |-> <<{s1, s2, s3}, {}>>,
              autoLeave |-> FALSE ],
        snapshotHistory |->
            << [ value |-> [newconf |-> {s1}, learners |-> {}],
                 term |-> 1,
                 type |-> ConfigEntry ],
               [ value |-> [newconf |-> {s1, s2}, learners |-> {}],
                 term |-> 1,
                 type |-> ConfigEntry ] >> ] )
/\ historyLog = ( s1 :>
      << [ value |-> [newconf |-> {s1}, learners |-> {}],
           term |-> 1,
           type |-> ConfigEntry ],
         [ value |-> [newconf |-> {s1, s2}, learners |-> {}],
           term |-> 1,
           type |-> ConfigEntry ],
         [ value |-> [newconf |-> {s1, s2, s3}, learners |-> {}],
           term |-> 1,
           type |-> ConfigEntry ],
         [ value |->
               [ newconf |-> {s3},
                 learners |-> {},
                 enterJoint |-> TRUE,
                 oldconf |-> {s1, s2, s3} ],
           term |-> 2,
           type |-> ConfigEntry ],
         [value |-> [val |-> v1], term |-> 2, type |-> ValueEntry],
         [value |-> [val |-> v2], term |-> 2, type |-> ValueEntry],
         [value |-> [val |-> 0], term |-> 2, type |-> ValueEntry],
         [value |-> [val |-> 0], term |-> 2, type |-> ValueEntry],
         [value |-> [val |-> v2], term |-> 2, type |-> ValueEntry],
         [value |-> [val |-> 0], term |-> 2, type |-> ValueEntry],
         [value |-> [val |-> v2], term |-> 2, type |-> ValueEntry] >> @@
  s2 :>
      << [ value |-> [newconf |-> {s1}, learners |-> {}],
           term |-> 1,
           type |-> ConfigEntry ],
         [ value |-> [newconf |-> {s1, s2}, learners |-> {}],
           term |-> 1,
           type |-> ConfigEntry ],
         [ value |-> [newconf |-> {s1, s2, s3}, learners |-> {}],
           term |-> 1,
           type |-> ConfigEntry ],
         [ value |->
               [ newconf |-> {s3},
                 learners |-> {},
                 enterJoint |-> TRUE,
                 oldconf |-> {s1, s2, s3} ],
           term |-> 2,
           type |-> ConfigEntry ],
         [value |-> [val |-> v1], term |-> 2, type |-> ValueEntry],
         [value |-> [val |-> v2], term |-> 2, type |-> ValueEntry] >> @@
  s3 :>
      << [ value |-> [newconf |-> {s1}, learners |-> {}],
           term |-> 1,
           type |-> ConfigEntry ],
         [ value |-> [newconf |-> {s1, s2}, learners |-> {}],
           term |-> 1,
           type |-> ConfigEntry ],
         [ value |-> [newconf |-> {s1, s2, s3}, learners |-> {}],
           term |-> 1,
           type |-> ConfigEntry ] >> )
/\ nextIndex = ( s1 :> (s1 :> 11 @@ s2 :> 11 @@ s3 :> 11) @@
  s2 :> (s1 :> 1 @@ s2 :> 1 @@ s3 :> 1) @@
  s3 :> (s1 :> 1 @@ s2 :> 1 @@ s3 :> 1) )
/\ commitIndex = (s1 :> 10 @@ s2 :> 3 @@ s3 :> 3)
/\ inflights = ( s1 :> (s1 :> {} @@ s2 :> {} @@ s3 :> {}) @@
  s2 :> (s1 :> {} @@ s2 :> {} @@ s3 :> {}) @@
  s3 :> (s1 :> {} @@ s2 :> {} @@ s3 :> {}) )
/\ messages = ( [ mdest |-> s1,
    msource |-> s2,
    mterm |-> 2,
    mtype |-> AppendEntriesResponse,
    mseq |-> 29,
    msubtype |-> "app",
    msuccess |-> FALSE,
    mmatchIndex |-> 8,
    mrejectHint |-> 6,
    mlogTerm |-> 2 ] :>
      1 )
/\ currentTerm = (s1 :> 2 @@ s2 :> 2 @@ s3 :> 2)
/\ log = ( s1 :>
      [ offset |-> 1,
        entries |->
            << [ value |-> [newconf |-> {s1}, learners |-> {}],
                 term |-> 1,
                 type |-> ConfigEntry ],
               [ value |-> [newconf |-> {s1, s2}, learners |-> {}],
                 term |-> 1,
                 type |-> ConfigEntry ],
               [ value |-> [newconf |-> {s1, s2, s3}, learners |-> {}],
                 term |-> 1,
                 type |-> ConfigEntry ],
               [ value |->
                     [ newconf |-> {s3},
                       learners |-> {},
                       enterJoint |-> TRUE,
                       oldconf |-> {s1, s2, s3} ],
                 term |-> 2,
                 type |-> ConfigEntry ],
               [value |-> [val |-> v1], term |-> 2, type |-> ValueEntry],
               [value |-> [val |-> v2], term |-> 2, type |-> ValueEntry],
               [value |-> [val |-> 0], term |-> 2, type |-> ValueEntry],
               [value |-> [val |-> 0], term |-> 2, type |-> ValueEntry],
               [value |-> [val |-> v2], term |-> 2, type |-> ValueEntry],
               [value |-> [val |-> 0], term |-> 2, type |-> ValueEntry],
               [value |-> [val |-> v2], term |-> 2, type |-> ValueEntry] >>,
        snapshotIndex |-> 0,
        snapshotTerm |-> 0 ] @@
  s2 :>
      [ offset |-> 1,
        entries |->
            << [ value |-> [newconf |-> {s1}, learners |-> {}],
                 term |-> 1,
                 type |-> ConfigEntry ],
               [ value |-> [newconf |-> {s1, s2}, learners |-> {}],
                 term |-> 1,
                 type |-> ConfigEntry ],
               [ value |-> [newconf |-> {s1, s2, s3}, learners |-> {}],
                 term |-> 1,
                 type |-> ConfigEntry ],
               [ value |->
                     [ newconf |-> {s3},
                       learners |-> {},
                       enterJoint |-> TRUE,
                       oldconf |-> {s1, s2, s3} ],
                 term |-> 2,
                 type |-> ConfigEntry ],
               [value |-> [val |-> v1], term |-> 2, type |-> ValueEntry],
               [value |-> [val |-> v2], term |-> 2, type |-> ValueEntry] >>,
        snapshotIndex |-> 0,
        snapshotTerm |-> 0 ] @@
  s3 :>
      [ offset |-> 3,
        entries |->
            << [ value |-> [newconf |-> {s1, s2, s3}, learners |-> {}],
                 term |-> 1,
                 type |-> ConfigEntry ] >>,
        snapshotIndex |-> 2,
        snapshotTerm |-> 1 ] )
/\ partitions = (s1 :> 0 @@ s2 :> 0 @@ s3 :> 0)
/\ votesGranted = (s1 :> {s1, s2} @@ s2 :> {} @@ s3 :> {})
/\ pendingConfChangeIndex = (s1 :> 0 @@ s2 :> 0 @@ s3 :> 0)

@!@!@ENDMSG 2217 @!@!@
@!@!@STARTMSG 2217:4 @!@!@
101: <MCDynamicConfigActions line 417, col 8 to line 418, col 29 of module MCetcdraft>
/\ progressState = ( s1 :> (s1 :> StateReplicate @@ s2 :> StateProbe @@ s3 :> StateProbe) @@
  s2 :> (s1 :> StateProbe @@ s2 :> StateProbe @@ s3 :> StateProbe) @@
  s3 :> (s1 :> StateProbe @@ s2 :> StateProbe @@ s3 :> StateProbe) )
/\ msgSeqCounter = 30
/\ constraintCounters = [ timeout |-> 2,
  request |-> 4,
  restart |-> 1,
  drop |-> 2,
  duplicate |-> 0,
  heartbeat |-> 4,
  stepDown |-> 1,
  snapshot |-> 1,
  compact |-> 1,
  confChange |-> 1,
  reportUnreachable |-> 1,
  partition |-> 0 ]
/\ pendingMessages = <<>>
/\ appliedConfigIndex = (s1 :> 4 @@ s2 :> 3 @@ s3 :> 3)
/\ reconfigCount = 1
/\ votesResponded = (s1 :> {s1, s2, s3} @@ s2 :> {} @@ s3 :> {})
/\ msgAppFlowPaused = ( s1 :> (s1 :> FALSE @@ s2 :> FALSE @@ s3 :> FALSE) @@
  s2 :> (s1 :> FALSE @@ s2 :> FALSE @@ s3 :> FALSE) @@
  s3 :> (s1 :> FALSE @@ s2 :> FALSE @@ s3 :> FALSE) )
/\ state = (s1 :> Leader @@ s2 :> Follower @@ s3 :> Follower)
/\ pendingSnapshot = ( s1 :> (s1 :> 0 @@ s2 :> 0 @@ s3 :> 0) @@
  s2 :> (s1 :> 0 @@ s2 :> 0 @@ s3 :> 0) @@
  s3 :> (s1 :> 0 @@ s2 :> 0 @@ s3 :> 0) )
/\ config = ( s1 :>
      [ jointConfig |-> <<{s3}, {s1, s2, s3}>>,
        learners |-> {},
        autoLeave |-> TRUE ] @@
  s2 :>
      [ learners |-> {},
        jointConfig |-> <<{s1, s2, s3}, {}>>,
        autoLeave |-> FALSE ] @@
  s3 :>
      [ learners |-> {},
        jointConfig |-> <<{s1, s2, s3}, {}>>,
        autoLeave |-> FALSE ] )
/\ matchIndex = ( s1 :> (s1 :> 10 @@ s2 :> 0 @@ s3 :> 0) @@
  s2 :> (s1 :> 0 @@ s2 :> 0 @@ s3 :> 0) @@
  s3 :> (s1 :> 0 @@ s2 :> 0 @@ s3 :> 0) )
/\ applied = (s1 :> 3 @@ s2 :> 0 @@ s3 :> 3)
/\ votedFor = (s1 :> s1 @@ s2 :> s1 @@ s3 :> s3)
/\ durableState = ( s1 :>
      [ currentTerm |-> 2,
        votedFor |-> s1,
        log |-> 11,
        entries |->
            << [ value |-> [newconf |-> {s1}, learners |-> {}],
                 term |-> 1,
                 type |-> ConfigEntry ],
               [ value |-> [newconf |-> {s1, s2}, learners |-> {}],
                 term |-> 1,
                 type |-> ConfigEntry ],
               [ value |-> [newconf |-> {s1, s2, s3}, learners |-> {}],
                 term |-> 1,
                 type |-> ConfigEntry ],
               [ value |->
                     [ newconf |-> {s3},
                       learners |-> {},
                       enterJoint |-> TRUE,
                       oldconf |-> {s1, s2, s3} ],
                 term |-> 2,
                 type |-> ConfigEntry ],
               [value |-> [val |-> v1], term |-> 2, type |-> ValueEntry],
               [value |-> [val |-> v2], term |-> 2, type |-> ValueEntry],
               [value |-> [val |-> 0], term |-> 2, type |-> ValueEntry],
               [value |-> [val |-> 0], term |-> 2, type |-> ValueEntry],
               [value |-> [val |-> v2], term |-> 2, type |-> ValueEntry],
               [value |-> [val |-> 0], term |-> 2, type |-> ValueEntry],
               [value |-> [val |-> v2], term |-> 2, type |-> ValueEntry] >>,
        snapshotIndex |-> 0,
        snapshotTerm |-> 0,
        commitIndex |-> 10,
        config |->
            [ learners |-> {},
              jointConfig |-> <<{s1, s2}, {}>>,
              autoLeave |-> FALSE ],
        snapshotHistory |-> <<>> ] @@
  s2 :>
      [ currentTerm |-> 2,
        votedFor |-> s1,
        log |-> 6,
        entries |->
            << [ value |-> [newconf |-> {s1}, learners |-> {}],
                 term |-> 1,
                 type |-> ConfigEntry ],
               [ value |-> [newconf |-> {s1, s2}, learners |-> {}],
                 term |-> 1,
                 type |-> ConfigEntry ],
               [ value |-> [newconf |-> {s1, s2, s3}, learners |-> {}],
                 term |-> 1,
                 type |-> ConfigEntry ],
               [ value |->
                     [ newconf |-> {s3},
                       learners |-> {},
                       enterJoint |-> TRUE,
                       oldconf |-> {s1, s2, s3} ],
                 term |-> 2,
                 type |-> ConfigEntry ],
               [value |-> [val |-> v1], term |-> 2, type |-> ValueEntry],
               [value |-> [val |-> v2], term |-> 2, type |-> ValueEntry] >>,
        snapshotIndex |-> 0,
        snapshotTerm |-> 0,
        commitIndex |-> 3,
        config |->
            [ learners |-> {},
              jointConfig |-> <<{s1, s2, s3}, {}>>,
              autoLeave |-> FALSE ],
        snapshotHistory |-> <<>> ] @@
  s3 :>
      [ currentTerm |-> 2,
        votedFor |-> s3,
        log |-> 3,
        entries |->
            << [ value |-> [newconf |-> {s1, s2, s3}, learners |-> {}],
                 term |-> 1,
                 type |-> ConfigEntry ] >>,
        snapshotIndex |-> 2,
        snapshotTerm |-> 1,
        commitIndex |-> 3,
        config |->
            [ learners |-> {},
              jointConfig |-> <<{s1, s2, s3}, {}>>,
              autoLeave |-> FALSE ],
        snapshotHistory |->
            << [ value |-> [newconf |-> {s1}, learners |-> {}],
                 term |-> 1,
                 type |-> ConfigEntry ],
               [ value |-> [newconf |-> {s1, s2}, learners |-> {}],
                 term |-> 1,
                 type |-> ConfigEntry ] >> ] )
/\ historyLog = ( s1 :>
      << [ value |-> [newconf |-> {s1}, learners |-> {}],
           term |-> 1,
           type |-> ConfigEntry ],
         [ value |-> [newconf |-> {s1, s2}, learners |-> {}],
           term |-> 1,
           type |-> ConfigEntry ],
         [ value |-> [newconf |-> {s1, s2, s3}, learners |-> {}],
           term |-> 1,
           type |-> ConfigEntry ],
         [ value |->
               [ newconf |-> {s3},
                 learners |-> {},
                 enterJoint |-> TRUE,
                 oldconf |-> {s1, s2, s3} ],
           term |-> 2,
           type |-> ConfigEntry ],
         [value |-> [val |-> v1], term |-> 2, type |-> ValueEntry],
         [value |-> [val |-> v2], term |-> 2, type |-> ValueEntry],
         [value |-> [val |-> 0], term |-> 2, type |-> ValueEntry],
         [value |-> [val |-> 0], term |-> 2, type |-> ValueEntry],
         [value |-> [val |-> v2], term |-> 2, type |-> ValueEntry],
         [value |-> [val |-> 0], term |-> 2, type |-> ValueEntry],
         [value |-> [val |-> v2], term |-> 2, type |-> ValueEntry] >> @@
  s2 :>
      << [ value |-> [newconf |-> {s1}, learners |-> {}],
           term |-> 1,
           type |-> ConfigEntry ],
         [ value |-> [newconf |-> {s1, s2}, learners |-> {}],
           term |-> 1,
           type |-> ConfigEntry ],
         [ value |-> [newconf |-> {s1, s2, s3}, learners |-> {}],
           term |-> 1,
           type |-> ConfigEntry ],
         [ value |->
               [ newconf |-> {s3},
                 learners |-> {},
                 enterJoint |-> TRUE,
                 oldconf |-> {s1, s2, s3} ],
           term |-> 2,
           type |-> ConfigEntry ],
         [value |-> [val |-> v1], term |-> 2, type |-> ValueEntry],
         [value |-> [val |-> v2], term |-> 2, type |-> ValueEntry] >> @@
  s3 :>
      << [ value |-> [newconf |-> {s1}, learners |-> {}],
           term |-> 1,
           type |-> ConfigEntry ],
         [ value |-> [newconf |-> {s1, s2}, learners |-> {}],
           term |-> 1,
           type |-> ConfigEntry ],
         [ value |-> [newconf |-> {s1, s2, s3}, learners |-> {}],
           term |-> 1,
           type |-> ConfigEntry ] >> )
/\ nextIndex = ( s1 :> (s1 :> 11 @@ s2 :> 11 @@ s3 :> 11) @@
  s2 :> (s1 :> 1 @@ s2 :> 1 @@ s3 :> 1) @@
  s3 :> (s1 :> 1 @@ s2 :> 1 @@ s3 :> 1) )
/\ commitIndex = (s1 :> 10 @@ s2 :> 3 @@ s3 :> 3)
/\ inflights = ( s1 :> (s1 :> {} @@ s2 :> {} @@ s3 :> {}) @@
  s2 :> (s1 :> {} @@ s2 :> {} @@ s3 :> {}) @@
  s3 :> (s1 :> {} @@ s2 :> {} @@ s3 :> {}) )
/\ messages = ( [ mdest |-> s1,
    msource |-> s2,
    mterm |-> 2,
    mtype |-> AppendEntriesResponse,
    mseq |-> 29,
    msubtype |-> "app",
    msuccess |-> FALSE,
    mmatchIndex |-> 8,
    mrejectHint |-> 6,
    mlogTerm |-> 2 ] :>
      1 )
/\ currentTerm = (s1 :> 2 @@ s2 :> 2 @@ s3 :> 2)
/\ log = ( s1 :>
      [ offset |-> 1,
        entries |->
            << [ value |-> [newconf |-> {s1}, learners |-> {}],
                 term |-> 1,
                 type |-> ConfigEntry ],
               [ value |-> [newconf |-> {s1, s2}, learners |-> {}],
                 term |-> 1,
                 type |-> ConfigEntry ],
               [ value |-> [newconf |-> {s1, s2, s3}, learners |-> {}],
                 term |-> 1,
                 type |-> ConfigEntry ],
               [ value |->
                     [ newconf |-> {s3},
                       learners |-> {},
                       enterJoint |-> TRUE,
                       oldconf |-> {s1, s2, s3} ],
                 term |-> 2,
                 type |-> ConfigEntry ],
               [value |-> [val |-> v1], term |-> 2, type |-> ValueEntry],
               [value |-> [val |-> v2], term |-> 2, type |-> ValueEntry],
               [value |-> [val |-> 0], term |-> 2, type |-> ValueEntry],
               [value |-> [val |-> 0], term |-> 2, type |-> ValueEntry],
               [value |-> [val |-> v2], term |-> 2, type |-> ValueEntry],
               [value |-> [val |-> 0], term |-> 2, type |-> ValueEntry],
               [value |-> [val |-> v2], term |-> 2, type |-> ValueEntry] >>,
        snapshotIndex |-> 0,
        snapshotTerm |-> 0 ] @@
  s2 :>
      [ offset |-> 1,
        entries |->
            << [ value |-> [newconf |-> {s1}, learners |-> {}],
                 term |-> 1,
                 type |-> ConfigEntry ],
               [ value |-> [newconf |-> {s1, s2}, learners |-> {}],
                 term |-> 1,
                 type |-> ConfigEntry ],
               [ value |-> [newconf |-> {s1, s2, s3}, learners |-> {}],
                 term |-> 1,
                 type |-> ConfigEntry ],
               [ value |->
                     [ newconf |-> {s3},
                       learners |-> {},
                       enterJoint |-> TRUE,
                       oldconf |-> {s1, s2, s3} ],
                 term |-> 2,
                 type |-> ConfigEntry ],
               [value |-> [val |-> v1], term |-> 2, type |-> ValueEntry],
               [value |-> [val |-> v2], term |-> 2, type |-> ValueEntry] >>,
        snapshotIndex |-> 0,
        snapshotTerm |-> 0 ] @@
  s3 :>
      [ offset |-> 3,
        entries |->
            << [ value |-> [newconf |-> {s1, s2, s3}, learners |-> {}],
                 term |-> 1,
                 type |-> ConfigEntry ] >>,
        snapshotIndex |-> 2,
        snapshotTerm |-> 1 ] )
/\ partitions = (s1 :> 0 @@ s2 :> 0 @@ s3 :> 0)
/\ votesGranted = (s1 :> {s1, s2} @@ s2 :> {} @@ s3 :> {})
/\ pendingConfChangeIndex = (s1 :> 0 @@ s2 :> 0 @@ s3 :> 0)

@!@!@ENDMSG 2217 @!@!@
@!@!@STARTMSG 2209:0 @!@!@
Progress(1626) at 2026-01-21 09:29:13: 568691 states generated, -1 distinct states found, -1 states left on queue.
@!@!@ENDMSG 2209 @!@!@
@!@!@STARTMSG 2210:0 @!@!@
The number of states generated: 568707
Simulation using seed -6033126187882228357 and aril 0
@!@!@ENDMSG 2210 @!@!@
@!@!@STARTMSG 2209:0 @!@!@
Progress(1626) at 2026-01-21 09:29:13: 568836 states generated, -1 distinct states found, -1 states left on queue.
@!@!@ENDMSG 2209 @!@!@
@!@!@STARTMSG 2186:0 @!@!@
Finished in 24852ms at (2026-01-21 09:29:13)
@!@!@ENDMSG 2186 @!@!@
